Gene,Target,Evidence,FileLayer
LOC_Os01g07120,LOC_Os04g12340,motif,merged
LOC_Os01g07120,LOC_Os06g09560,motif,merged
LOC_Os01g07120,LOC_Os07g32430,motif,merged
LOC_Os01g07120,LOC_Os11g03120,FunTFBS,FunTFBS
LOC_Os01g07120,LOC_Os04g51180,motif_CE,motif_CE
LOC_Os01g07120,LOC_Os02g18050,motif,merged
LOC_Os01g07120,LOC_Os03g30690,"FunTFBS, motif",merged
LOC_Os01g07120,LOC_Os01g68450,"FunTFBS, motif, motif_CE",merged
LOC_Os01g07120,LOC_Os04g40130,"FunTFBS, motif, motif_CE",merged
LOC_Os01g07120,LOC_Os01g27360,motif,merged
LOC_Os01g07120,LOC_Os02g21450,motif,merged
LOC_Os01g07120,LOC_Os09g25934,motif,merged
LOC_Os01g07120,LOC_Os03g08140,"motif, motif_CE",merged
LOC_Os01g07120,LOC_Os12g23240,motif,merged
LOC_Os01g07120,LOC_Os05g26870,motif,merged
LOC_Os01g07120,LOC_Os10g19331,motif,merged
LOC_Os01g07120,LOC_Os05g45210,motif,merged
LOC_Os01g07120,LOC_Os10g35130,motif,merged
LOC_Os01g07120,LOC_Os04g32760,motif_CE,motif_CE
LOC_Os01g07120,LOC_Os06g13220,motif_CE,motif_CE
LOC_Os01g07120,LOC_Os12g43370,motif,merged
LOC_Os01g07120,LOC_Os01g08560,motif,merged
LOC_Os01g07120,LOC_Os03g50364,FunTFBS,FunTFBS
LOC_Os01g07120,LOC_Os01g53330,motif,merged
LOC_Os01g07120,LOC_Os07g46500,motif_CE,motif_CE
LOC_Os01g07120,LOC_Os07g44360,motif_CE,motif_CE
LOC_Os01g07120,LOC_Os01g20000,motif,merged
LOC_Os01g07120,LOC_Os04g02590,motif,merged
LOC_Os01g07120,LOC_Os12g05715,motif,merged
LOC_Os01g07120,LOC_Os10g17470,motif_CE,motif_CE
LOC_Os01g07120,LOC_Os04g12530,motif,merged
LOC_Os01g07120,LOC_Os04g41140,motif,merged
LOC_Os01g07120,LOC_Os03g24030,motif,merged
LOC_Os01g07120,LOC_Os01g04660,motif,merged
LOC_Os01g07120,LOC_Os05g11640,motif,merged
LOC_Os01g07120,LOC_Os05g43170,motif,merged
LOC_Os01g07120,LOC_Os03g14020,motif_CE,motif_CE
LOC_Os01g07120,LOC_Os07g13570,motif,merged
LOC_Os01g07120,LOC_Os06g49310,motif,merged
LOC_Os01g07120,LOC_Os09g22320,motif,merged
LOC_Os01g07120,LOC_Os09g21670,"motif, motif_CE",merged
LOC_Os01g07120,LOC_Os06g03676,motif,merged
LOC_Os01g07120,LOC_Os03g08490,motif,merged
LOC_Os01g07120,LOC_Os01g57370,FunTFBS,FunTFBS
LOC_Os01g07120,LOC_Os01g53630,FunTFBS,FunTFBS
LOC_Os01g07120,LOC_Os03g43850,motif_CE,motif_CE
LOC_Os01g07120,LOC_Os05g02810,"motif, motif_CE",merged
LOC_Os01g07120,LOC_Os02g06350,motif,merged
LOC_Os01g07120,LOC_Os04g30780,"motif, motif_CE",merged
LOC_Os01g07120,LOC_Os05g37040,motif,merged
LOC_Os01g07120,LOC_Os08g32520,motif,merged
LOC_Os01g07120,LOC_Os07g39040,motif,merged
LOC_Os01g07120,LOC_Os04g10210,motif,merged
LOC_Os01g07120,LOC_Os10g41430,"motif, motif_CE",merged
LOC_Os01g07120,LOC_Os03g42490,"motif, motif_CE",merged
LOC_Os01g07120,LOC_Os11g26160,motif_CE,motif_CE
LOC_Os01g07120,LOC_Os09g20590,motif,merged
LOC_Os01g07120,LOC_Os09g37050,motif,merged
LOC_Os01g07120,LOC_Os11g04130,motif,merged
LOC_Os01g07120,LOC_Os03g05630,motif_CE,motif_CE
LOC_Os01g07120,LOC_Os09g04480,FunTFBS,FunTFBS
LOC_Os01g07120,LOC_Os02g17880,motif,merged
LOC_Os01g07120,LOC_Os02g24190,motif,merged
LOC_Os01g07120,LOC_Os12g30500,motif,merged
LOC_Os01g07120,LOC_Os06g40120,"motif, motif_CE",merged
LOC_Os01g07120,LOC_Os12g14830,motif,merged
LOC_Os01g07120,LOC_Os04g14140,"motif, motif_CE",merged
LOC_Os01g07120,LOC_Os02g05340,motif,merged
LOC_Os01g07120,LOC_Os09g02530,"motif, motif_CE",merged
LOC_Os01g07120,LOC_Os03g32820,motif,merged
LOC_Os01g07120,LOC_Os11g41820,motif,merged
LOC_Os01g07120,LOC_Os02g13440,motif,merged
LOC_Os01g07120,LOC_Os05g38890,motif,merged
LOC_Os01g07120,LOC_Os06g48170,motif,merged
LOC_Os01g07120,LOC_Os08g05560,"motif, motif_CE",merged
LOC_Os01g07120,LOC_Os01g34040,motif,merged
LOC_Os01g07120,LOC_Os08g23730,motif_CE,motif_CE
LOC_Os01g07120,LOC_Os12g22900,motif,merged
LOC_Os01g07120,LOC_Os12g16640,"motif, motif_CE",merged
LOC_Os01g07120,LOC_Os10g21970,motif,merged
LOC_Os01g07120,LOC_Os06g47590,motif,merged
LOC_Os01g07120,LOC_Os09g08300,motif,merged
LOC_Os01g07120,LOC_Os07g47360,motif,merged
LOC_Os01g07120,LOC_Os04g08060,motif,merged
LOC_Os01g07120,LOC_Os08g40919,motif_CE,motif_CE
LOC_Os01g07120,LOC_Os12g20270,motif,merged
LOC_Os01g07120,LOC_Os02g53880,"motif, motif_CE",merged
LOC_Os01g07120,LOC_Os07g25710,"motif, motif_CE",merged
LOC_Os01g07120,LOC_Os12g37750,motif,merged
LOC_Os01g07120,LOC_Os08g41910,"FunTFBS, motif, motif_CE",merged
LOC_Os01g07120,LOC_Os02g15610,FunTFBS,FunTFBS
LOC_Os01g07120,LOC_Os02g11920,motif,merged
LOC_Os01g07120,LOC_Os10g32300,"motif, motif_CE",merged
LOC_Os01g07120,LOC_Os03g37340,motif,merged
LOC_Os01g07120,LOC_Os02g42850,motif_CE,motif_CE
LOC_Os01g07120,LOC_Os02g57270,motif,merged
LOC_Os01g07120,LOC_Os08g01859,"motif, motif_CE",merged
LOC_Os01g07120,LOC_Os04g02730,motif,merged
LOC_Os01g07120,LOC_Os05g01030,motif,merged
LOC_Os01g07120,LOC_Os05g10420,motif,merged
LOC_Os01g07120,LOC_Os09g28550,"FunTFBS, motif, motif_CE",merged
LOC_Os01g07120,LOC_Os04g09560,motif,merged
LOC_Os01g07120,LOC_Os06g47830,FunTFBS,FunTFBS
LOC_Os01g07120,LOC_Os04g46620,"motif, motif_CE",merged
LOC_Os01g07120,LOC_Os07g20310,motif,merged
LOC_Os01g07120,LOC_Os02g04520,motif,merged
LOC_Os01g07120,LOC_Os11g42300,motif,merged
LOC_Os01g07120,LOC_Os09g17780,motif,merged
LOC_Os01g07120,LOC_Os12g35790,motif,merged
LOC_Os01g07120,LOC_Os04g39070,motif,merged
LOC_Os01g07120,LOC_Os03g46310,"motif, motif_CE",merged
LOC_Os01g07120,LOC_Os03g50780,motif_CE,motif_CE
LOC_Os01g07120,LOC_Os01g70330,"motif, motif_CE",merged
LOC_Os01g07120,LOC_Os08g32290,motif,merged
LOC_Os01g07120,LOC_Os01g66020,FunTFBS,FunTFBS
LOC_Os01g07120,ChrUn.fgenesh.gene.45,motif,merged
LOC_Os01g07120,LOC_Os04g26090,FunTFBS,FunTFBS
LOC_Os01g07120,LOC_Os07g22024,motif_CE,motif_CE
LOC_Os01g07120,LOC_Os01g40950,"motif, motif_CE",merged
LOC_Os01g07120,LOC_Os04g52700,motif,merged
LOC_Os01g07120,LOC_Os01g60190,motif_CE,motif_CE
LOC_Os01g07120,LOC_Os04g43340,"motif, motif_CE",merged
LOC_Os01g07120,LOC_Os07g05580,"motif, motif_CE",merged
LOC_Os01g07120,LOC_Os01g65820,motif,merged
LOC_Os01g07120,LOC_Os11g17790,motif,merged
LOC_Os01g07120,LOC_Os03g18800,motif,merged
LOC_Os01g07120,LOC_Os05g42040,motif,merged
LOC_Os01g07120,LOC_Os08g18860,motif,merged
LOC_Os01g07120,LOC_Os05g51500,motif_CE,motif_CE
LOC_Os01g07120,LOC_Os12g38550,motif,merged
LOC_Os01g07120,LOC_Os02g40680,motif,merged
LOC_Os01g07120,LOC_Os06g49290,"motif, motif_CE",merged
LOC_Os01g07120,LOC_Os03g08350,motif,merged
LOC_Os01g07120,LOC_Os06g49120,motif_CE,motif_CE
LOC_Os01g07120,LOC_Os01g47256,motif,merged
LOC_Os01g07120,LOC_Os06g30570,motif,merged
LOC_Os01g07120,LOC_Os05g26560,motif,merged
LOC_Os01g07120,LOC_Os02g26910,motif,merged
LOC_Os01g07120,LOC_Os07g34990,motif,merged
LOC_Os01g07120,LOC_Os06g44870,motif_CE,motif_CE
LOC_Os01g07120,LOC_Os05g38560,"motif, motif_CE",merged
LOC_Os01g07120,LOC_Os01g25660,motif,merged
LOC_Os01g07120,LOC_Os03g06280,motif,merged
LOC_Os01g07120,LOC_Os02g14610,motif,merged
LOC_Os01g07120,LOC_Os05g44916,motif,merged
LOC_Os01g07120,LOC_Os01g56120,motif_CE,motif_CE
LOC_Os01g07120,LOC_Os07g23510,motif,merged
LOC_Os01g07120,LOC_Os01g59030,motif,merged
LOC_Os01g07120,LOC_Os02g02840,"motif, motif_CE",merged
LOC_Os01g07120,LOC_Os06g22810,motif,merged
LOC_Os01g07120,LOC_Os11g47350,motif,merged
LOC_Os01g07120,LOC_Os12g35160,motif,merged
LOC_Os01g07120,LOC_Os07g42632,motif,merged
LOC_Os01g07120,LOC_Os01g34330,motif_CE,motif_CE
LOC_Os01g07120,ChrUn.fgenesh.gene.83,motif,merged
LOC_Os01g07120,LOC_Os02g18290,motif,merged
LOC_Os01g07120,LOC_Os05g11570,motif,merged
LOC_Os01g07120,LOC_Os04g18790,"FunTFBS, motif, motif_CE",merged
LOC_Os01g07120,LOC_Os08g05810,"FunTFBS, motif, motif_CE",merged
LOC_Os01g07120,LOC_Os11g13820,motif,merged
LOC_Os01g07120,LOC_Os03g62420,motif_CE,motif_CE
LOC_Os01g07120,LOC_Os12g43990,motif,merged
LOC_Os01g07120,LOC_Os01g09460,"motif, motif_CE",merged
LOC_Os01g07120,LOC_Os06g17700,motif,merged
LOC_Os01g07120,LOC_Os08g11650,"motif, motif_CE",merged
LOC_Os01g07120,LOC_Os08g02600,motif,merged
LOC_Os01g07120,LOC_Os08g21180,motif,merged
LOC_Os01g07120,LOC_Os01g27510,motif,merged
LOC_Os01g07120,LOC_Os07g05160,FunTFBS,FunTFBS
LOC_Os01g07120,LOC_Os01g62690,motif,merged
LOC_Os01g07120,LOC_Os01g05140,motif_CE,motif_CE
LOC_Os01g07120,LOC_Os12g43710,motif,merged
LOC_Os01g07120,LOC_Os06g31390,motif,merged
LOC_Os01g07120,LOC_Os05g30710,motif,merged
LOC_Os01g07120,LOC_Os10g41770,"motif, motif_CE",merged
LOC_Os01g07120,LOC_Os07g46420,"FunTFBS, motif",merged
LOC_Os01g07120,LOC_Os04g52040,motif,merged
LOC_Os01g07120,LOC_Os07g45120,motif,merged
LOC_Os01g07120,LOC_Os01g40170,motif,merged
LOC_Os01g07120,LOC_Os03g44240,motif,merged
LOC_Os01g07120,LOC_Os05g28960,"FunTFBS, motif",merged
LOC_Os01g07120,LOC_Os03g30160,"motif, motif_CE",merged
LOC_Os01g07120,LOC_Os06g14040,motif,merged
LOC_Os01g07120,LOC_Os03g05630,"motif, motif_CE",merged
LOC_Os01g07120,LOC_Os01g22880,motif,merged
LOC_Os01g07120,LOC_Os07g02280,"motif, motif_CE",merged
LOC_Os01g07120,LOC_Os03g11670,motif,merged
LOC_Os01g07120,LOC_Os07g12720,motif,merged
LOC_Os01g07120,LOC_Os01g41740,motif,merged
LOC_Os01g07120,LOC_Os01g03940,"motif, motif_CE",merged
LOC_Os01g07120,LOC_Os07g40580,motif_CE,motif_CE
LOC_Os01g07120,LOC_Os03g21419,"motif, motif_CE",merged
LOC_Os01g07120,LOC_Os11g29900,motif,merged
LOC_Os01g07120,LOC_Os09g10710,motif,merged
LOC_Os01g07120,LOC_Os06g24070,motif,merged
LOC_Os01g07120,LOC_Os11g35340,motif,merged
LOC_Os01g07120,LOC_Os05g05520,FunTFBS,FunTFBS
LOC_Os01g07120,LOC_Os09g27090,motif,merged
LOC_Os01g07120,LOC_Os11g17560,motif,merged
LOC_Os01g07120,LOC_Os11g47330,motif,merged
LOC_Os01g07120,LOC_Os09g16160,motif,merged
LOC_Os01g07120,LOC_Os12g27580,motif,merged
LOC_Os01g07120,LOC_Os01g65450,motif,merged
LOC_Os01g07120,LOC_Os01g12810,motif,merged
LOC_Os01g07120,LOC_Os03g13190,"FunTFBS, motif, motif_CE",merged
LOC_Os01g07120,LOC_Os11g01540,motif,merged
LOC_Os01g07120,LOC_Os07g46740,motif_CE,motif_CE
LOC_Os01g07120,LOC_Os08g42950,motif_CE,motif_CE
LOC_Os01g07120,LOC_Os10g40490,motif_CE,motif_CE
LOC_Os01g07120,LOC_Os12g06840,motif,merged
LOC_Os01g07120,LOC_Os02g29060,motif_CE,motif_CE
LOC_Os01g07120,LOC_Os12g37790,motif,merged
LOC_Os01g07120,LOC_Os08g20020,motif_CE,motif_CE
LOC_Os01g07120,LOC_Os01g34390,"motif, motif_CE",merged
LOC_Os01g07120,LOC_Os01g14190,motif,merged
LOC_Os01g07120,LOC_Os01g13260,motif,merged
LOC_Os01g07120,LOC_Os04g26700,motif,merged
LOC_Os01g07120,LOC_Os05g33260,"motif, motif_CE",merged
LOC_Os01g07120,LOC_Os01g22090,motif,merged
LOC_Os01g07120,LOC_Os03g48320,motif,merged
LOC_Os01g07120,LOC_Os03g37010,motif,merged
LOC_Os01g07120,LOC_Os04g41020,"motif, motif_CE",merged
LOC_Os01g07120,LOC_Os10g40540,"motif, motif_CE",merged
LOC_Os01g07120,LOC_Os02g15240,motif,merged
LOC_Os01g07120,LOC_Os11g44260,"motif, motif_CE",merged
LOC_Os01g07120,LOC_Os08g15230,motif,merged
LOC_Os01g07120,LOC_Os11g30690,motif,merged
LOC_Os01g07120,LOC_Os03g02590,motif,merged
LOC_Os01g07120,LOC_Os06g08070,motif,merged
LOC_Os01g07120,LOC_Os05g48820,"motif, motif_CE",merged
LOC_Os01g07120,LOC_Os12g40830,motif,merged
LOC_Os01g07120,LOC_Os06g20030,"motif, motif_CE",merged
LOC_Os01g07120,LOC_Os03g44010,motif,merged
LOC_Os01g07120,LOC_Os02g42390,motif,merged
LOC_Os01g07120,ChrUn.fgenesh.gene.74,motif,merged
LOC_Os01g07120,LOC_Os04g52650,FunTFBS,FunTFBS
LOC_Os01g07120,LOC_Os03g50100,motif_CE,motif_CE
LOC_Os01g07120,LOC_Os01g22050,motif,merged
LOC_Os01g07120,LOC_Os05g43460,motif,merged
LOC_Os01g07120,LOC_Os05g03840,motif,merged
LOC_Os01g07120,LOC_Os01g34600,"motif, motif_CE",merged
LOC_Os01g07120,LOC_Os07g27470,motif,merged
LOC_Os01g07120,LOC_Os01g66379,motif,merged
LOC_Os01g07120,LOC_Os11g29260,motif,merged
LOC_Os01g07120,LOC_Os05g45270,"motif, motif_CE",merged
LOC_Os01g07120,LOC_Os08g06230,motif_CE,motif_CE
LOC_Os01g07120,LOC_Os08g41110,motif,merged
LOC_Os01g07120,LOC_Os01g60190,"motif, motif_CE",merged
LOC_Os01g07120,LOC_Os06g24500,motif_CE,motif_CE
LOC_Os01g07120,LOC_Os06g01520,motif,merged
LOC_Os01g07120,LOC_Os10g08500,motif,merged
LOC_Os01g07120,LOC_Os08g01810,motif,merged
LOC_Os01g07120,LOC_Os11g10330,"motif, motif_CE",merged
LOC_Os01g07120,LOC_Os06g10440,"FunTFBS, motif",merged
LOC_Os01g07120,LOC_Os06g33020,motif,merged
LOC_Os01g07120,LOC_Os06g06650,motif,merged
LOC_Os01g07120,LOC_Os12g10840,motif,merged
LOC_Os01g07120,LOC_Os06g13220,"motif, motif_CE",merged
LOC_Os01g07120,LOC_Os06g40500,motif,merged
LOC_Os01g07120,LOC_Os08g15670,motif,merged
LOC_Os01g07120,LOC_Os08g44540,motif,merged
LOC_Os01g07120,LOC_Os10g28280,FunTFBS,FunTFBS
LOC_Os01g07120,LOC_Os09g26470,motif,merged
LOC_Os01g07120,LOC_Os01g70010,motif,merged
LOC_Os01g07120,LOC_Os01g34910,motif,merged
LOC_Os01g07120,LOC_Os06g34400,motif,merged
LOC_Os01g07120,LOC_Os06g39080,motif,merged
LOC_Os01g07120,LOC_Os03g40870,"motif, motif_CE",merged
LOC_Os01g07120,LOC_Os09g04390,motif,merged
LOC_Os01g07120,LOC_Os02g14170,motif,merged
LOC_Os01g07120,LOC_Os03g63400,motif,merged
LOC_Os01g07120,LOC_Os06g07480,motif,merged
LOC_Os01g07120,LOC_Os07g24630,motif,merged
LOC_Os01g07120,LOC_Os02g47040,motif_CE,motif_CE
LOC_Os01g07120,LOC_Os03g49210,motif_CE,motif_CE
LOC_Os01g07120,LOC_Os11g26080,motif,merged
LOC_Os01g07120,LOC_Os01g26280,motif,merged
LOC_Os01g07120,LOC_Os01g72210,motif_CE,motif_CE
LOC_Os01g07120,LOC_Os07g36090,motif_CE,motif_CE
LOC_Os01g07120,LOC_Os10g30620,motif_CE,motif_CE
LOC_Os01g07120,LOC_Os12g06860,motif,merged
LOC_Os01g07120,LOC_Os07g40760,motif_CE,motif_CE
LOC_Os01g07120,LOC_Os02g36570,motif,merged
LOC_Os01g07120,LOC_Os11g14320,motif,merged
LOC_Os01g07120,LOC_Os01g73110,"FunTFBS, motif",merged
LOC_Os01g07120,LOC_Os01g08690,motif,merged
LOC_Os01g07120,LOC_Os03g46610,FunTFBS,FunTFBS
LOC_Os01g07120,LOC_Os12g27280,FunTFBS,FunTFBS
LOC_Os01g07120,LOC_Os10g03220,motif,merged
LOC_Os01g07120,LOC_Os05g27670,motif,merged
LOC_Os01g07120,LOC_Os07g30650,motif,merged
LOC_Os01g07120,LOC_Os02g30080,motif,merged
LOC_Os01g07120,LOC_Os03g14020,"motif, motif_CE",merged
LOC_Os01g07120,LOC_Os09g23894,motif,merged
LOC_Os01g07120,LOC_Os11g11590,motif,merged
LOC_Os01g07120,LOC_Os12g37870,motif,merged
LOC_Os01g07120,LOC_Os02g55610,"FunTFBS, motif",merged
LOC_Os01g07120,LOC_Os08g42000,motif,merged
LOC_Os01g07120,LOC_Os02g30070,motif,merged
LOC_Os01g07120,LOC_Os03g33380,motif,merged
LOC_Os01g07120,LOC_Os03g62490,"FunTFBS, motif",merged
LOC_Os01g07120,LOC_Os08g42390,"FunTFBS, motif, motif_CE",merged
LOC_Os01g07120,LOC_Os03g54860,"FunTFBS, motif, motif_CE",merged
LOC_Os01g07120,LOC_Os07g40510,"FunTFBS, motif, motif_CE",merged
LOC_Os01g07120,LOC_Os10g42404,"motif, motif_CE",merged
LOC_Os01g07120,LOC_Os03g58940,motif,merged
LOC_Os01g07120,LOC_Os04g55680,motif,merged
LOC_Os01g07120,LOC_Os09g15270,motif,merged
LOC_Os01g07120,LOC_Os12g41500,motif_CE,motif_CE
LOC_Os01g07120,LOC_Os07g07740,motif,merged
LOC_Os01g07120,LOC_Os03g31570,motif,merged
LOC_Os01g07120,LOC_Os01g24360,motif,merged
LOC_Os01g07120,LOC_Os01g67210,motif_CE,motif_CE
LOC_Os01g07120,LOC_Os02g14670,motif,merged
LOC_Os01g07120,LOC_Os01g06430,motif,merged
LOC_Os01g07120,LOC_Os01g52214,motif_CE,motif_CE
LOC_Os01g07120,LOC_Os03g32930,motif,merged
LOC_Os01g07120,LOC_Os03g55980,motif_CE,motif_CE
LOC_Os01g07120,LOC_Os02g01765,motif,merged
LOC_Os01g07120,LOC_Os07g36720,motif,merged
LOC_Os01g07120,LOC_Os07g31400,"motif, motif_CE",merged
LOC_Os01g07120,LOC_Os05g02100,motif,merged
LOC_Os01g07120,LOC_Os07g19390,"FunTFBS, motif",merged
LOC_Os01g07120,LOC_Os04g44660,motif,merged
LOC_Os01g07120,LOC_Os01g07080,"motif, motif_CE",merged
LOC_Os01g07120,LOC_Os07g40580,"motif, motif_CE",merged
LOC_Os01g07120,ChrSy.fgenesh.gene.33,motif,merged
LOC_Os01g07120,LOC_Os06g07350,"motif, motif_CE",merged
LOC_Os01g07120,LOC_Os08g16040,motif,merged
LOC_Os01g07120,LOC_Os07g46300,motif_CE,motif_CE
LOC_Os01g07120,LOC_Os12g04000,motif_CE,motif_CE
LOC_Os01g07120,LOC_Os11g04740,motif,merged
LOC_Os01g07120,LOC_Os06g17260,motif,merged
LOC_Os01g07120,LOC_Os12g42170,motif,merged
LOC_Os01g07120,LOC_Os03g15810,"motif, motif_CE",merged
LOC_Os01g07120,LOC_Os03g53270,motif_CE,motif_CE
LOC_Os01g07120,LOC_Os02g28030,FunTFBS,FunTFBS
LOC_Os01g07120,LOC_Os02g57150,motif,merged
LOC_Os01g07120,LOC_Os09g33790,FunTFBS,FunTFBS
LOC_Os01g07120,LOC_Os04g38630,motif_CE,motif_CE
LOC_Os01g07120,LOC_Os06g08564,motif,merged
LOC_Os01g07120,LOC_Os07g16440,motif,merged
LOC_Os01g07120,LOC_Os03g22110,motif,merged
LOC_Os01g07120,LOC_Os08g20020,"motif, motif_CE",merged
LOC_Os01g07120,LOC_Os11g22540,motif,merged
LOC_Os01g07120,LOC_Os06g31660,motif,merged
LOC_Os01g07120,LOC_Os05g48320,motif,merged
LOC_Os01g07120,LOC_Os01g42820,motif,merged
LOC_Os01g07120,LOC_Os01g49060,motif,merged
LOC_Os01g07120,LOC_Os04g41200,motif,merged
LOC_Os01g07120,LOC_Os06g12000,"FunTFBS, motif",merged
LOC_Os01g07120,LOC_Os03g29470,motif,merged
LOC_Os01g07120,LOC_Os02g42850,"motif, motif_CE",merged
LOC_Os01g07120,LOC_Os05g02550,motif,merged
LOC_Os01g07120,LOC_Os03g47610,motif,merged
LOC_Os01g07120,LOC_Os10g28840,motif,merged
LOC_Os01g07120,LOC_Os05g05740,motif_CE,motif_CE
LOC_Os01g07120,LOC_Os08g37700,motif,merged
LOC_Os01g07120,LOC_Os01g51620,motif_CE,motif_CE
LOC_Os01g07120,LOC_Os11g28150,motif,merged
LOC_Os01g07120,LOC_Os07g39590,motif_CE,motif_CE
LOC_Os01g07120,LOC_Os07g03200,motif,merged
LOC_Os01g07120,LOC_Os12g43770,motif,merged
LOC_Os01g07120,LOC_Os03g54220,motif,merged
LOC_Os01g07120,LOC_Os05g07000,"motif, motif_CE",merged
LOC_Os01g07120,LOC_Os01g44250,motif_CE,motif_CE
LOC_Os01g07120,LOC_Os01g55830,motif,merged
LOC_Os01g07120,LOC_Os06g40590,motif,merged
LOC_Os01g07120,LOC_Os03g21930,motif,merged
LOC_Os01g07120,LOC_Os08g30170,motif,merged
LOC_Os01g07120,LOC_Os02g35530,motif_CE,motif_CE
LOC_Os01g07120,LOC_Os08g06230,"motif, motif_CE",merged
LOC_Os01g07120,LOC_Os05g37860,motif,merged
LOC_Os01g07120,LOC_Os08g44420,"FunTFBS, motif, motif_CE",merged
LOC_Os01g07120,LOC_Os01g32630,motif_CE,motif_CE
LOC_Os01g07120,LOC_Os08g04600,motif,merged
LOC_Os01g07120,LOC_Os09g38759,motif,merged
LOC_Os01g07120,LOC_Os09g12560,motif_CE,motif_CE
LOC_Os01g07120,LOC_Os06g24500,"motif, motif_CE",merged
LOC_Os01g07120,LOC_Os10g32850,motif,merged
LOC_Os01g07120,LOC_Os02g04490,FunTFBS,FunTFBS
LOC_Os01g07120,LOC_Os01g37800,"motif, motif_CE",merged
LOC_Os01g07120,LOC_Os02g22110,motif,merged
LOC_Os01g07120,LOC_Os05g36140,"motif, motif_CE",merged
LOC_Os01g07120,LOC_Os01g10180,FunTFBS,FunTFBS
LOC_Os01g07120,LOC_Os01g04324,motif,merged
LOC_Os01g07120,LOC_Os10g09680,motif,merged
LOC_Os01g07120,LOC_Os09g15930,motif,merged
LOC_Os01g07120,LOC_Os11g45150,motif,merged
LOC_Os01g07120,LOC_Os06g51180,motif,merged
LOC_Os01g07120,LOC_Os02g48730,motif,merged
LOC_Os01g07120,LOC_Os03g37460,FunTFBS,FunTFBS
LOC_Os01g07120,LOC_Os08g02560,motif,merged
LOC_Os01g07120,LOC_Os09g38720,motif,merged
LOC_Os01g07120,LOC_Os02g25780,motif,merged
LOC_Os01g07120,LOC_Os11g29330,"FunTFBS, motif",merged
LOC_Os01g07120,LOC_Os06g13950,motif,merged
LOC_Os01g07120,LOC_Os03g49210,"motif, motif_CE",merged
LOC_Os01g07120,LOC_Os11g19250,motif,merged
LOC_Os01g07120,LOC_Os04g25950,motif,merged
LOC_Os01g07120,LOC_Os10g18720,motif,merged
LOC_Os01g07120,LOC_Os12g27560,motif,merged
LOC_Os01g07120,LOC_Os01g07110,motif,merged
LOC_Os01g07120,LOC_Os05g38730,motif,merged
LOC_Os01g07120,LOC_Os06g19660,motif,merged
LOC_Os01g07120,LOC_Os05g32560,motif,merged
LOC_Os01g07120,LOC_Os01g29804,"motif, motif_CE",merged
LOC_Os01g07120,LOC_Os11g36070,motif,merged
LOC_Os01g07120,LOC_Os12g42120,motif_CE,motif_CE
LOC_Os01g07120,LOC_Os01g64590,"FunTFBS, motif, motif_CE",merged
LOC_Os01g07120,LOC_Os08g22028,motif,merged
LOC_Os01g07120,LOC_Os08g32560,motif,merged
LOC_Os01g07120,LOC_Os10g13760,motif,merged
LOC_Os01g07120,LOC_Os02g56890,motif,merged
LOC_Os01g07120,LOC_Os12g26875,motif,merged
LOC_Os01g07120,LOC_Os08g31340,motif_CE,motif_CE
LOC_Os01g07120,LOC_Os12g07270,motif,merged
LOC_Os01g07120,LOC_Os09g28680,motif,merged
LOC_Os01g07120,LOC_Os10g22394,motif,merged
LOC_Os01g07120,LOC_Os10g36070,motif,merged
LOC_Os01g07120,LOC_Os01g72690,"motif, motif_CE",merged
LOC_Os01g07120,LOC_Os01g12464,motif_CE,motif_CE
LOC_Os01g07120,LOC_Os04g47950,"FunTFBS, motif",merged
LOC_Os01g07120,LOC_Os05g27140,motif,merged
LOC_Os01g07120,LOC_Os09g18560,motif,merged
LOC_Os01g07120,LOC_Os05g18280,motif,merged
LOC_Os01g07120,LOC_Os11g41860,motif,merged
LOC_Os01g07120,LOC_Os12g33250,motif,merged
LOC_Os01g07120,LOC_Os08g11170,FunTFBS,FunTFBS
LOC_Os01g07120,LOC_Os01g52214,"motif, motif_CE",merged
LOC_Os01g07120,LOC_Os03g55980,"motif, motif_CE",merged
LOC_Os01g07120,LOC_Os11g43330,motif,merged
LOC_Os01g07120,LOC_Os04g24989,motif,merged
LOC_Os01g07120,LOC_Os07g20790,motif,merged
LOC_Os01g07120,LOC_Os02g45630,motif,merged
LOC_Os01g07120,LOC_Os10g40790,motif,merged
LOC_Os01g07120,LOC_Os06g35790,motif,merged
LOC_Os01g07120,LOC_Os07g04720,motif,merged
LOC_Os01g07120,LOC_Os10g18910,motif,merged
LOC_Os01g07120,LOC_Os01g68320,motif_CE,motif_CE
LOC_Os01g07120,LOC_Os03g52970,motif,merged
LOC_Os01g07120,LOC_Os06g30894,motif,merged
LOC_Os01g07120,LOC_Os09g20880,motif_CE,motif_CE
LOC_Os01g07120,LOC_Os03g13325,motif,merged
LOC_Os01g07120,LOC_Os12g23150,motif_CE,motif_CE
LOC_Os01g07120,LOC_Os10g32580,motif,merged
LOC_Os01g07120,LOC_Os06g45220,FunTFBS,FunTFBS
LOC_Os01g07120,LOC_Os09g37150,motif,merged
LOC_Os01g07120,LOC_Os09g31120,motif,merged
LOC_Os01g07120,LOC_Os05g03865,motif_CE,motif_CE
LOC_Os01g07120,LOC_Os07g01070,motif,merged
LOC_Os01g07120,LOC_Os01g45350,motif_CE,motif_CE
LOC_Os01g07120,LOC_Os10g25770,motif,merged
LOC_Os01g07120,LOC_Os10g34071,"motif, motif_CE",merged
LOC_Os01g07120,LOC_Os12g43290,FunTFBS,FunTFBS
LOC_Os01g07120,LOC_Os01g60760,motif,merged
LOC_Os01g07120,LOC_Os01g16030,motif,merged
LOC_Os01g07120,LOC_Os07g03600,motif,merged
LOC_Os01g07120,LOC_Os02g35300,motif,merged
LOC_Os01g07120,LOC_Os06g17100,motif_CE,motif_CE
LOC_Os01g07120,LOC_Os07g46740,"motif, motif_CE",merged
LOC_Os01g07120,LOC_Os08g42950,"motif, motif_CE",merged
LOC_Os01g07120,LOC_Os04g07520,motif,merged
LOC_Os01g07120,LOC_Os04g33470,motif_CE,motif_CE
LOC_Os01g07120,LOC_Os05g39480,motif,merged
LOC_Os01g07120,LOC_Os08g09970,motif,merged
LOC_Os01g07120,LOC_Os12g41320,motif,merged
LOC_Os01g07120,LOC_Os05g05740,"motif, motif_CE",merged
LOC_Os01g07120,LOC_Os12g34419,motif,merged
LOC_Os01g07120,LOC_Os01g51620,"motif, motif_CE",merged
LOC_Os01g07120,LOC_Os01g28720,motif,merged
LOC_Os01g07120,LOC_Os10g05800,"FunTFBS, motif",merged
LOC_Os01g07120,LOC_Os12g12360,FunTFBS,FunTFBS
LOC_Os01g07120,LOC_Os10g34030,motif_CE,motif_CE
LOC_Os01g07120,LOC_Os12g07730,motif,merged
LOC_Os01g07120,LOC_Os04g13260,motif,merged
LOC_Os01g07120,LOC_Os05g34140,motif,merged
LOC_Os01g07120,LOC_Os05g32270,"motif, motif_CE",merged
LOC_Os01g07120,LOC_Os03g11280,"FunTFBS, motif",merged
LOC_Os01g07120,LOC_Os11g06930,"FunTFBS, motif, motif_CE",merged
LOC_Os01g07120,LOC_Os09g15980,motif,merged
LOC_Os01g07120,LOC_Os05g22460,motif,merged
LOC_Os01g07120,LOC_Os06g03165,motif,merged
LOC_Os01g07120,LOC_Os04g53790,motif,merged
LOC_Os01g07120,LOC_Os01g28930,motif,merged
LOC_Os01g07120,LOC_Os02g28465,motif_CE,motif_CE
LOC_Os01g07120,LOC_Os02g35530,"motif, motif_CE",merged
LOC_Os01g07120,LOC_Os02g07140,motif,merged
LOC_Os01g07120,LOC_Os04g35890,motif_CE,motif_CE
LOC_Os01g07120,LOC_Os09g13180,motif,merged
LOC_Os01g07120,LOC_Os10g05710,motif,merged
LOC_Os01g07120,LOC_Os11g46250,motif,merged
LOC_Os01g07120,LOC_Os02g56530,motif,merged
LOC_Os01g07120,LOC_Os07g19470,"motif, motif_CE",merged
LOC_Os01g07120,LOC_Os03g32540,motif,merged
LOC_Os01g07120,LOC_Os02g19520,motif,merged
LOC_Os01g07120,LOC_Os06g03770,motif,merged
LOC_Os01g07120,LOC_Os01g21870,motif_CE,motif_CE
LOC_Os01g07120,LOC_Os01g65610,motif_CE,motif_CE
LOC_Os01g07120,LOC_Os01g13850,motif,merged
LOC_Os01g07120,LOC_Os04g24530,motif_CE,motif_CE
LOC_Os01g07120,LOC_Os03g61100,motif,merged
LOC_Os01g07120,LOC_Os03g32330,motif,merged
LOC_Os01g07120,LOC_Os08g23700,motif,merged
LOC_Os01g07120,LOC_Os09g09580,motif,merged
LOC_Os01g07120,LOC_Os07g02470,motif,merged
LOC_Os01g07120,LOC_Os06g34080,motif,merged
LOC_Os01g07120,LOC_Os01g38730,motif_CE,motif_CE
LOC_Os01g07120,LOC_Os06g04090,motif_CE,motif_CE
LOC_Os01g07120,LOC_Os09g39594,"FunTFBS, motif, motif_CE",merged
LOC_Os01g07120,LOC_Os02g56210,motif_CE,motif_CE
LOC_Os01g07120,LOC_Os12g02790,FunTFBS,FunTFBS
LOC_Os01g07120,LOC_Os03g62260,motif,merged
LOC_Os01g07120,LOC_Os01g12610,"FunTFBS, motif",merged
LOC_Os01g07120,LOC_Os03g17530,motif,merged
LOC_Os01g07120,LOC_Os01g18270,"FunTFBS, motif",merged
LOC_Os01g07120,LOC_Os05g10220,motif,merged
LOC_Os01g07120,LOC_Os06g38140,motif,merged
LOC_Os01g07120,LOC_Os01g34490,motif,merged
LOC_Os01g07120,LOC_Os09g19800,motif,merged
LOC_Os01g07120,LOC_Os09g16230,motif,merged
LOC_Os01g07120,LOC_Os07g10780,motif,merged
LOC_Os01g07120,LOC_Os10g30620,"motif, motif_CE",merged
LOC_Os01g07120,LOC_Os08g04770,motif,merged
LOC_Os01g07120,LOC_Os08g23754,motif,merged
LOC_Os01g07120,LOC_Os03g11130,motif_CE,motif_CE
LOC_Os01g07120,LOC_Os05g01890,motif,merged
LOC_Os01g07120,LOC_Os03g44260,motif_CE,motif_CE
LOC_Os01g07120,LOC_Os07g07094,motif_CE,motif_CE
LOC_Os01g07120,LOC_Os01g46870,motif_CE,motif_CE
LOC_Os01g07120,LOC_Os06g23050,motif,merged
LOC_Os01g07120,LOC_Os05g48410,"FunTFBS, motif, motif_CE",merged
LOC_Os01g07120,LOC_Os12g41500,"motif, motif_CE",merged
LOC_Os01g07120,LOC_Os12g39330,motif,merged
LOC_Os01g07120,LOC_Os04g18360,motif,merged
LOC_Os01g07120,LOC_Os01g38640,motif,merged
LOC_Os01g07120,LOC_Os02g19430,motif,merged
LOC_Os01g07120,LOC_Os02g14180,motif,merged
LOC_Os01g07120,LOC_Os10g05450,motif,merged
LOC_Os01g07120,LOC_Os01g69250,motif,merged
LOC_Os01g07120,LOC_Os03g03730,"motif, motif_CE",merged
LOC_Os01g07120,LOC_Os02g44770,"FunTFBS, motif",merged
LOC_Os01g07120,LOC_Os05g30950,motif,merged
LOC_Os01g07120,LOC_Os09g19640,FunTFBS,FunTFBS
LOC_Os01g07120,LOC_Os07g27700,motif,merged
LOC_Os01g07120,LOC_Os06g28194,motif,merged
LOC_Os01g07120,LOC_Os03g30980,motif,merged
LOC_Os01g07120,LOC_Os03g52020,motif,merged
LOC_Os01g07120,LOC_Os10g01300,motif,merged
LOC_Os01g07120,LOC_Os01g68320,"motif, motif_CE",merged
LOC_Os01g07120,LOC_Os11g38020,motif,merged
LOC_Os01g07120,LOC_Os07g42560,"FunTFBS, motif",merged
LOC_Os01g07120,LOC_Os01g64290,motif,merged
LOC_Os01g07120,LOC_Os09g20880,"motif, motif_CE",merged
LOC_Os01g07120,LOC_Os05g08710,motif,merged
LOC_Os01g07120,LOC_Os09g36970,"FunTFBS, motif",merged
LOC_Os01g07120,LOC_Os04g43750,motif,merged
LOC_Os01g07120,LOC_Os02g03330,motif,merged
LOC_Os01g07120,LOC_Os10g17930,motif,merged
LOC_Os01g07120,LOC_Os07g46470,motif,merged
LOC_Os01g07120,LOC_Os09g28000,motif,merged
LOC_Os01g07120,LOC_Os05g03865,"motif, motif_CE",merged
LOC_Os01g07120,LOC_Os01g45350,"motif, motif_CE",merged
LOC_Os01g07120,LOC_Os04g38630,"motif, motif_CE",merged
LOC_Os01g07120,LOC_Os02g44124,motif,merged
LOC_Os01g07120,LOC_Os06g04560,motif,merged
LOC_Os01g07120,LOC_Os02g54440,FunTFBS,FunTFBS
LOC_Os01g07120,LOC_Os03g08360,"FunTFBS, motif, motif_CE",merged
LOC_Os01g07120,LOC_Os11g32380,motif,merged
LOC_Os01g07120,LOC_Os03g17230,motif,merged
LOC_Os01g07120,LOC_Os07g05800,motif,merged
LOC_Os01g07120,LOC_Os07g31200,motif,merged
LOC_Os01g07120,LOC_Os09g19830,motif,merged
LOC_Os01g07120,LOC_Os04g35760,motif,merged
LOC_Os01g07120,LOC_Os12g19110,motif,merged
LOC_Os01g07120,LOC_Os02g34330,motif,merged
LOC_Os01g07120,LOC_Os01g07120,motif,merged
LOC_Os01g07120,LOC_Os04g33470,"motif, motif_CE",merged
LOC_Os01g07120,LOC_Os12g43730,FunTFBS,FunTFBS
LOC_Os01g07120,LOC_Os12g03270,"motif, motif_CE",merged
LOC_Os01g07120,LOC_Os09g36010,motif,merged
LOC_Os01g07120,LOC_Os04g44560,motif_CE,motif_CE
LOC_Os01g07120,LOC_Os01g13960,"FunTFBS, motif",merged
LOC_Os01g07120,LOC_Os10g34370,motif_CE,motif_CE
LOC_Os01g07120,LOC_Os12g22780,motif,merged
LOC_Os01g07120,LOC_Os01g41970,motif,merged
LOC_Os01g07120,LOC_Os07g33540,motif,merged
LOC_Os01g07120,LOC_Os04g40250,motif,merged
LOC_Os01g07120,LOC_Os07g49260,motif,merged
LOC_Os01g07120,LOC_Os06g41750,motif_CE,motif_CE
LOC_Os01g07120,LOC_Os06g32410,motif,merged
LOC_Os01g07120,LOC_Os11g37930,motif_CE,motif_CE
LOC_Os01g07120,LOC_Os06g36370,motif,merged
LOC_Os01g07120,LOC_Os04g25990,motif,merged
LOC_Os01g07120,LOC_Os04g58055,motif,merged
LOC_Os01g07120,LOC_Os02g28465,"motif, motif_CE",merged
LOC_Os01g07120,LOC_Os03g14254,motif,merged
LOC_Os01g07120,LOC_Os10g02950,motif,merged
LOC_Os01g07120,LOC_Os03g55300,motif,merged
LOC_Os01g07120,LOC_Os12g41270,motif,merged
LOC_Os01g07120,LOC_Os07g29330,motif,merged
LOC_Os01g07120,LOC_Os12g21624,motif,merged
LOC_Os01g07120,LOC_Os02g44700,motif,merged
LOC_Os01g07120,LOC_Os04g35890,"motif, motif_CE",merged
LOC_Os01g07120,LOC_Os04g13470,motif,merged
LOC_Os01g07120,ChrUn.fgenesh.gene.27,motif_CE,motif_CE
LOC_Os01g07120,LOC_Os08g40230,motif,merged
LOC_Os01g07120,LOC_Os02g49190,motif,merged
LOC_Os01g07120,LOC_Os09g12560,"motif, motif_CE",merged
LOC_Os01g07120,LOC_Os01g65610,"motif, motif_CE",merged
LOC_Os01g07120,LOC_Os07g47340,motif,merged
LOC_Os01g07120,LOC_Os04g24120,motif,merged
LOC_Os01g07120,LOC_Os07g42670,"FunTFBS, motif",merged
LOC_Os01g07120,LOC_Os06g02160,"FunTFBS, motif, motif_CE",merged
LOC_Os01g07120,LOC_Os05g26780,motif,merged
LOC_Os01g07120,LOC_Os11g47480,motif,merged
LOC_Os01g07120,LOC_Os02g36340,motif,merged
LOC_Os01g07120,LOC_Os11g10420,"motif, motif_CE",merged
LOC_Os01g07120,LOC_Os03g54150,motif,merged
LOC_Os01g07120,LOC_Os09g22500,motif,merged
LOC_Os01g07120,LOC_Os02g44750,motif,merged
LOC_Os01g07120,LOC_Os02g33120,motif,merged
LOC_Os01g07120,LOC_Os02g30820,motif,merged
LOC_Os01g07120,LOC_Os04g58340,FunTFBS,FunTFBS
LOC_Os01g07120,LOC_Os11g32100,motif,merged
LOC_Os01g07120,LOC_Os09g02330,"FunTFBS, motif",merged
LOC_Os01g07120,LOC_Os08g09680,motif,merged
LOC_Os01g07120,LOC_Os03g02090,motif,merged
LOC_Os01g07120,LOC_Os02g47130,motif,merged
LOC_Os01g07120,LOC_Os03g25450,motif_CE,motif_CE
LOC_Os01g07120,LOC_Os08g06780,motif,merged
LOC_Os01g07120,LOC_Os01g49900,motif,merged
LOC_Os01g07120,LOC_Os09g13490,motif,merged
LOC_Os01g07120,LOC_Os02g47650,"motif, motif_CE",merged
LOC_Os01g07120,LOC_Os05g23720,motif,merged
LOC_Os01g07120,LOC_Os05g04180,"FunTFBS, motif",merged
LOC_Os01g07120,LOC_Os07g01890,motif,merged
LOC_Os01g07120,LOC_Os10g38520,motif,merged
LOC_Os01g07120,LOC_Os11g29700,motif_CE,motif_CE
LOC_Os01g07120,LOC_Os10g17870,motif,merged
LOC_Os01g07120,LOC_Os04g05600,motif,merged
LOC_Os01g07120,LOC_Os01g63210,motif,merged
LOC_Os01g07120,LOC_Os12g33080,motif,merged
LOC_Os01g07120,LOC_Os09g28560,motif_CE,motif_CE
LOC_Os01g07120,LOC_Os11g23030,motif_CE,motif_CE
LOC_Os01g07120,LOC_Os05g41800,motif,merged
LOC_Os01g07120,LOC_Os06g43870,motif,merged
LOC_Os01g07120,LOC_Os05g16570,motif,merged
LOC_Os01g07120,LOC_Os10g09684,motif,merged
LOC_Os01g07120,LOC_Os01g23180,motif,merged
LOC_Os01g07120,LOC_Os03g44260,"motif, motif_CE",merged
LOC_Os01g07120,LOC_Os06g27650,motif,merged
LOC_Os01g07120,LOC_Os04g11590,motif,merged
LOC_Os01g07120,LOC_Os07g07094,"motif, motif_CE",merged
LOC_Os01g07120,LOC_Os01g46870,"motif, motif_CE",merged
LOC_Os01g07120,LOC_Os08g24700,motif,merged
LOC_Os01g07120,LOC_Os09g39034,motif,merged
LOC_Os01g07120,LOC_Os01g17000,motif_CE,motif_CE
LOC_Os01g07120,LOC_Os01g48930,motif,merged
LOC_Os01g07120,LOC_Os06g42730,motif_CE,motif_CE
LOC_Os01g07120,LOC_Os02g21090,"motif, motif_CE",merged
LOC_Os01g07120,LOC_Os10g07420,motif_CE,motif_CE
LOC_Os01g07120,LOC_Os02g34240,motif,merged
LOC_Os01g07120,ChrUn.fgenesh.gene.77,motif,merged
LOC_Os01g07120,LOC_Os06g08810,"motif, motif_CE",merged
LOC_Os01g07120,LOC_Os01g18000,motif,merged
LOC_Os01g07120,LOC_Os06g21080,motif,merged
LOC_Os01g07120,LOC_Os10g37580,motif,merged
LOC_Os01g07120,LOC_Os08g42430,motif,merged
LOC_Os01g07120,LOC_Os01g49330,motif_CE,motif_CE
LOC_Os01g07120,LOC_Os03g48370,"FunTFBS, motif",merged
LOC_Os01g07120,LOC_Os11g37490,motif,merged
LOC_Os01g07120,LOC_Os06g03610,motif,merged
LOC_Os01g07120,LOC_Os10g34290,motif,merged
LOC_Os01g07120,LOC_Os01g45770,motif,merged
LOC_Os01g07120,LOC_Os07g37156,motif,merged
LOC_Os01g07120,LOC_Os03g14710,motif,merged
LOC_Os01g07120,LOC_Os04g39000,motif,merged
LOC_Os01g07120,LOC_Os10g23980,motif,merged
LOC_Os01g07120,LOC_Os06g31880,motif,merged
LOC_Os01g07120,LOC_Os07g44650,motif,merged
LOC_Os01g07120,LOC_Os12g35620,motif,merged
LOC_Os01g07120,LOC_Os03g38750,motif,merged
LOC_Os01g07120,LOC_Os08g45050,motif,merged
LOC_Os01g07120,LOC_Os03g20140,motif,merged
LOC_Os01g07120,LOC_Os05g35630,motif,merged
LOC_Os01g07120,LOC_Os01g59130,motif,merged
LOC_Os01g07120,LOC_Os03g29950,motif,merged
LOC_Os01g07120,LOC_Os01g43450,motif,merged
LOC_Os01g07120,LOC_Os03g53510,motif_CE,motif_CE
LOC_Os01g07120,LOC_Os10g34602,motif,merged
LOC_Os01g07120,LOC_Os02g37920,motif,merged
LOC_Os01g07120,LOC_Os02g05780,"FunTFBS, motif, motif_CE",merged
LOC_Os01g07120,LOC_Os11g12800,FunTFBS,FunTFBS
LOC_Os01g07120,LOC_Os10g20230,motif,merged
LOC_Os01g07120,LOC_Os11g04440,FunTFBS,FunTFBS
LOC_Os01g07120,LOC_Os07g42400,motif_CE,motif_CE
LOC_Os01g07120,LOC_Os03g36770,motif,merged
LOC_Os01g07120,LOC_Os12g26460,motif,merged
LOC_Os01g07120,LOC_Os11g25470,motif,merged
LOC_Os01g07120,LOC_Os10g15340,motif,merged
LOC_Os01g07120,LOC_Os10g31900,motif_CE,motif_CE
LOC_Os01g07120,LOC_Os03g19000,FunTFBS,FunTFBS
LOC_Os01g07120,LOC_Os02g42920,"motif, motif_CE",merged
LOC_Os01g07120,LOC_Os02g08000,motif,merged
LOC_Os01g07120,LOC_Os08g09990,motif,merged
LOC_Os01g07120,LOC_Os05g30440,motif,merged
LOC_Os01g07120,LOC_Os01g69060,motif_CE,motif_CE
LOC_Os01g07120,LOC_Os03g13100,motif,merged
LOC_Os01g07120,LOC_Os08g13740,motif,merged
LOC_Os01g07120,LOC_Os11g06090,motif,merged
LOC_Os01g07120,LOC_Os04g32390,motif,merged
LOC_Os01g07120,LOC_Os11g03940,motif,merged
LOC_Os01g07120,LOC_Os01g16340,motif_CE,motif_CE
LOC_Os01g07120,LOC_Os09g11020,motif,merged
LOC_Os01g07120,LOC_Os03g26260,motif_CE,motif_CE
LOC_Os01g07120,LOC_Os12g19230,FunTFBS,FunTFBS
LOC_Os01g07120,LOC_Os06g45930,motif,merged
LOC_Os01g07120,LOC_Os05g34660,motif,merged
LOC_Os01g07120,LOC_Os04g29790,motif,merged
LOC_Os01g07120,ChrUn.fgenesh.gene.27,"motif, motif_CE",merged
LOC_Os01g07120,LOC_Os02g19180,motif,merged
LOC_Os01g07120,LOC_Os12g07020,motif,merged
LOC_Os01g07120,LOC_Os02g06300,motif_CE,motif_CE
LOC_Os01g07120,LOC_Os01g08820,motif,merged
LOC_Os01g07120,LOC_Os06g49070,motif_CE,motif_CE
LOC_Os01g07120,LOC_Os12g08720,"FunTFBS, motif, motif_CE",merged
LOC_Os01g07120,LOC_Os01g21870,"motif, motif_CE",merged
LOC_Os01g07120,LOC_Os04g24530,"motif, motif_CE",merged
LOC_Os01g07120,LOC_Os05g28460,motif,merged
LOC_Os01g07120,LOC_Os08g39810,motif,merged
LOC_Os01g07120,LOC_Os07g43604,"FunTFBS, motif, motif_CE",merged
LOC_Os01g07120,LOC_Os10g05360,motif,merged
LOC_Os01g07120,LOC_Os08g27990,motif,merged
LOC_Os01g07120,LOC_Os02g35260,motif,merged
LOC_Os01g07120,LOC_Os08g10570,FunTFBS,FunTFBS
LOC_Os01g07120,LOC_Os11g37480,motif,merged
LOC_Os01g07120,LOC_Os09g15700,motif,merged
LOC_Os01g07120,LOC_Os11g37759,motif,merged
LOC_Os01g07120,LOC_Os03g33230,motif,merged
LOC_Os01g07120,LOC_Os03g39170,motif,merged
LOC_Os01g07120,LOC_Os02g31140,FunTFBS,FunTFBS
LOC_Os01g07120,LOC_Os02g13580,motif,merged
LOC_Os01g07120,LOC_Os05g02110,motif,merged
LOC_Os01g07120,LOC_Os07g39910,motif,merged
LOC_Os01g07120,LOC_Os07g25380,motif,merged
LOC_Os01g07120,LOC_Os01g18250,motif,merged
LOC_Os01g07120,LOC_Os09g32300,motif,merged
LOC_Os01g07120,LOC_Os07g27110,"motif, motif_CE",merged
LOC_Os01g07120,LOC_Os04g21020,motif,merged
LOC_Os01g07120,LOC_Os08g27100,motif,merged
LOC_Os01g07120,LOC_Os01g68160,motif,merged
LOC_Os01g07120,LOC_Os09g39220,motif,merged
LOC_Os01g07120,LOC_Os11g34960,motif,merged
LOC_Os01g07120,LOC_Os01g12470,motif_CE,motif_CE
LOC_Os01g07120,LOC_Os01g13310,motif,merged
LOC_Os01g07120,LOC_Os01g52250,"motif, motif_CE",merged
LOC_Os01g07120,LOC_Os03g02540,"motif, motif_CE",merged
LOC_Os01g07120,LOC_Os05g45400,motif,merged
LOC_Os01g07120,LOC_Os11g07940,motif,merged
LOC_Os01g07120,LOC_Os11g29700,"motif, motif_CE",merged
LOC_Os01g07120,LOC_Os03g25314,motif,merged
LOC_Os01g07120,LOC_Os01g59050,motif,merged
LOC_Os01g07120,LOC_Os07g36200,"motif, motif_CE",merged
LOC_Os01g07120,LOC_Os08g15000,motif,merged
LOC_Os01g07120,LOC_Os11g23030,"motif, motif_CE",merged
LOC_Os01g07120,LOC_Os03g08000,motif,merged
LOC_Os01g07120,LOC_Os12g08750,motif,merged
LOC_Os01g07120,LOC_Os06g47530,motif,merged
LOC_Os01g07120,LOC_Os08g03579,FunTFBS,FunTFBS
LOC_Os01g07120,LOC_Os11g44530,motif,merged
LOC_Os01g07120,LOC_Os10g07554,motif,merged
LOC_Os01g07120,LOC_Os01g09280,motif,merged
LOC_Os01g07120,LOC_Os04g05430,motif,merged
LOC_Os01g07120,LOC_Os05g22630,"motif, motif_CE",merged
LOC_Os01g07120,LOC_Os09g36800,motif,merged
LOC_Os01g07120,LOC_Os05g05970,motif,merged
LOC_Os01g07120,LOC_Os06g36430,motif,merged
LOC_Os01g07120,LOC_Os06g06720,motif,merged
LOC_Os01g07120,LOC_Os01g49330,"motif, motif_CE",merged
LOC_Os01g07120,LOC_Os03g59060,motif,merged
LOC_Os01g07120,LOC_Os05g26120,motif,merged
LOC_Os01g07120,LOC_Os03g50220,motif,merged
LOC_Os01g07120,LOC_Os02g25560,motif,merged
LOC_Os01g07120,LOC_Os08g26860,FunTFBS,FunTFBS
LOC_Os01g07120,LOC_Os07g35500,motif,merged
LOC_Os01g07120,LOC_Os01g72090,motif_CE,motif_CE
LOC_Os01g07120,LOC_Os06g01980,motif,merged
LOC_Os01g07120,LOC_Os02g09650,motif_CE,motif_CE
LOC_Os01g07120,LOC_Os03g24690,motif,merged
LOC_Os01g07120,LOC_Os09g02370,motif,merged
LOC_Os01g07120,LOC_Os02g55770,FunTFBS,FunTFBS
LOC_Os01g07120,LOC_Os01g10000,motif,merged
LOC_Os01g07120,LOC_Os09g38500,motif_CE,motif_CE
LOC_Os01g07120,LOC_Os02g17870,"motif, motif_CE",merged
LOC_Os01g07120,LOC_Os09g09030,motif,merged
LOC_Os01g07120,LOC_Os11g47442,motif,merged
LOC_Os01g07120,LOC_Os02g38110,motif,merged
LOC_Os01g07120,LOC_Os11g28340,motif,merged
LOC_Os01g07120,LOC_Os06g42900,motif,merged
LOC_Os01g07120,LOC_Os11g10060,motif,merged
LOC_Os01g07120,LOC_Os12g22650,motif,merged
LOC_Os01g07120,LOC_Os05g00990,motif,merged
LOC_Os01g07120,LOC_Os11g05350,motif,merged
LOC_Os01g07120,LOC_Os09g26390,motif,merged
LOC_Os01g07120,LOC_Os12g06640,motif,merged
LOC_Os01g07120,LOC_Os11g19170,motif,merged
LOC_Os01g07120,LOC_Os11g16290,motif,merged
LOC_Os01g07120,LOC_Os04g42010,"FunTFBS, motif, motif_CE",merged
LOC_Os01g07120,LOC_Os12g24050,motif,merged
LOC_Os01g07120,LOC_Os12g03500,motif,merged
LOC_Os01g07120,LOC_Os01g14110,"FunTFBS, motif, motif_CE",merged
LOC_Os01g07120,LOC_Os11g22230,"FunTFBS, motif",merged
LOC_Os01g07120,LOC_Os07g42400,"motif, motif_CE",merged
LOC_Os01g07120,LOC_Os12g17130,motif,merged
LOC_Os01g07120,LOC_Os03g02390,"motif, motif_CE",merged
LOC_Os01g07120,LOC_Os01g08850,motif,merged
LOC_Os01g07120,LOC_Os01g44180,motif,merged
LOC_Os01g07120,LOC_Os11g39568,motif,merged
LOC_Os01g07120,LOC_Os06g23030,motif,merged
LOC_Os01g07120,LOC_Os05g35920,motif,merged
LOC_Os01g07120,LOC_Os06g05190,FunTFBS,FunTFBS
LOC_Os01g07120,LOC_Os02g21925,"motif, motif_CE",merged
LOC_Os01g07120,LOC_Os02g07740,motif_CE,motif_CE
LOC_Os01g07120,LOC_Os05g30700,motif,merged
LOC_Os01g07120,LOC_Os04g24600,motif,merged
LOC_Os01g07120,LOC_Os07g32940,motif,merged
LOC_Os01g07120,LOC_Os02g27100,motif_CE,motif_CE
LOC_Os01g07120,LOC_Os01g66360,motif,merged
LOC_Os01g07120,LOC_Os03g57870,motif_CE,motif_CE
LOC_Os01g07120,LOC_Os01g55020,"motif, motif_CE",merged
LOC_Os01g07120,LOC_Os08g35470,motif_CE,motif_CE
LOC_Os01g07120,LOC_Os02g20430,motif,merged
LOC_Os01g07120,LOC_Os10g34370,"motif, motif_CE",merged
LOC_Os01g07120,LOC_Os02g12600,motif_CE,motif_CE
LOC_Os01g07120,LOC_Os12g36735,motif,merged
LOC_Os01g07120,LOC_Os04g44470,motif,merged
LOC_Os01g07120,LOC_Os04g44590,motif,merged
LOC_Os01g07120,LOC_Os01g69060,"motif, motif_CE",merged
LOC_Os01g07120,LOC_Os08g42910,motif_CE,motif_CE
LOC_Os01g07120,LOC_Os04g52340,FunTFBS,FunTFBS
LOC_Os01g07120,LOC_Os11g44440,motif,merged
LOC_Os01g07120,LOC_Os02g04400,motif,merged
LOC_Os01g07120,LOC_Os05g41930,motif,merged
LOC_Os01g07120,LOC_Os09g07640,motif,merged
LOC_Os01g07120,LOC_Os02g56200,motif,merged
LOC_Os01g07120,LOC_Os03g26260,"motif, motif_CE",merged
LOC_Os01g07120,LOC_Os02g18250,motif,merged
LOC_Os01g07120,LOC_Os02g19540,motif,merged
LOC_Os01g07120,LOC_Os02g06300,"motif, motif_CE",merged
LOC_Os01g07120,LOC_Os12g35050,motif,merged
LOC_Os01g07120,LOC_Os05g46550,"FunTFBS, motif",merged
LOC_Os01g07120,LOC_Os01g66560,"motif, motif_CE",merged
LOC_Os01g07120,LOC_Os06g49070,"motif, motif_CE",merged
LOC_Os01g07120,LOC_Os04g21570,motif,merged
LOC_Os01g07120,LOC_Os03g30890,motif,merged
LOC_Os01g07120,LOC_Os08g33250,motif,merged
LOC_Os01g07120,LOC_Os11g39030,motif,merged
LOC_Os01g07120,LOC_Os05g45910,motif_CE,motif_CE
LOC_Os01g07120,LOC_Os05g13830,motif,merged
LOC_Os01g07120,LOC_Os11g09700,motif,merged
LOC_Os01g07120,LOC_Os08g18140,motif,merged
LOC_Os01g07120,LOC_Os08g06070,"FunTFBS, motif, motif_CE",merged
LOC_Os01g07120,LOC_Os02g32130,motif,merged
LOC_Os01g07120,LOC_Os04g35250,motif_CE,motif_CE
LOC_Os01g07120,LOC_Os12g17680,motif,merged
LOC_Os01g07120,LOC_Os12g35390,"FunTFBS, motif",merged
LOC_Os01g07120,LOC_Os03g38650,motif,merged
LOC_Os01g07120,LOC_Os02g34570,"motif, motif_CE",merged
LOC_Os01g07120,LOC_Os03g14950,motif,merged
LOC_Os01g07120,LOC_Os03g25450,"motif, motif_CE",merged
LOC_Os01g07120,LOC_Os01g12470,"motif, motif_CE",merged
LOC_Os01g07120,LOC_Os10g02920,motif_CE,motif_CE
LOC_Os01g07120,LOC_Os09g30290,motif,merged
LOC_Os01g07120,LOC_Os01g14810,motif,merged
LOC_Os01g07120,LOC_Os01g59090,"motif, motif_CE",merged
LOC_Os01g07120,LOC_Os02g49660,"motif, motif_CE",merged
LOC_Os01g07120,LOC_Os06g05980,motif,merged
LOC_Os01g07120,LOC_Os02g11800,motif,merged
LOC_Os01g07120,LOC_Os12g25210,motif,merged
LOC_Os01g07120,LOC_Os01g21650,motif,merged
LOC_Os01g07120,LOC_Os05g51920,motif,merged
LOC_Os01g07120,LOC_Os04g54380,motif,merged
LOC_Os01g07120,LOC_Os02g45600,FunTFBS,FunTFBS
LOC_Os01g07120,LOC_Os08g07050,motif,merged
LOC_Os01g07120,LOC_Os02g51830,motif_CE,motif_CE
LOC_Os01g07120,LOC_Os02g08170,motif,merged
LOC_Os01g07120,LOC_Os02g49260,"motif, motif_CE",merged
LOC_Os01g07120,LOC_Os06g03980,"motif, motif_CE",merged
LOC_Os01g07120,LOC_Os12g41890,motif,merged
LOC_Os01g07120,LOC_Os04g46870,motif,merged
LOC_Os01g07120,LOC_Os05g02890,motif,merged
LOC_Os01g07120,LOC_Os01g36220,motif,merged
LOC_Os01g07120,LOC_Os10g07420,"motif, motif_CE",merged
LOC_Os01g07120,LOC_Os10g06310,motif,merged
LOC_Os01g07120,LOC_Os01g21680,motif,merged
LOC_Os01g07120,LOC_Os12g16730,motif,merged
LOC_Os01g07120,LOC_Os07g43440,motif,merged
LOC_Os01g07120,LOC_Os10g32990,motif,merged
LOC_Os01g07120,LOC_Os03g05520,"motif, motif_CE",merged
LOC_Os01g07120,LOC_Os07g31650,motif,merged
LOC_Os01g07120,LOC_Os09g20210,motif_CE,motif_CE
LOC_Os01g07120,LOC_Os09g38500,"motif, motif_CE",merged
LOC_Os01g07120,LOC_Os02g01280,motif,merged
LOC_Os01g07120,LOC_Os11g17870,motif,merged
LOC_Os01g07120,LOC_Os02g01275,motif,merged
LOC_Os01g07120,LOC_Os03g63660,motif,merged
LOC_Os01g07120,LOC_Os12g13174,motif,merged
LOC_Os01g07120,LOC_Os03g15010,motif_CE,motif_CE
LOC_Os01g07120,LOC_Os03g31190,motif,merged
LOC_Os01g07120,LOC_Os03g12790,motif_CE,motif_CE
LOC_Os01g07120,LOC_Os10g01844,motif,merged
LOC_Os01g07120,LOC_Os09g20420,motif,merged
LOC_Os01g07120,LOC_Os03g53510,"motif, motif_CE",merged
LOC_Os01g07120,LOC_Os01g40250,motif,merged
LOC_Os01g07120,LOC_Os10g28170,motif,merged
LOC_Os01g07120,LOC_Os01g31190,motif,merged
LOC_Os01g07120,LOC_Os03g28190,motif,merged
LOC_Os01g07120,LOC_Os02g09880,motif,merged
LOC_Os01g07120,LOC_Os01g26100,motif_CE,motif_CE
LOC_Os01g07120,LOC_Os01g63500,motif_CE,motif_CE
LOC_Os01g07120,LOC_Os04g10569,motif,merged
LOC_Os01g07120,LOC_Os01g61450,motif,merged
LOC_Os01g07120,LOC_Os09g16250,motif,merged
LOC_Os01g07120,LOC_Os05g30920,motif_CE,motif_CE
LOC_Os01g07120,LOC_Os05g40110,motif,merged
LOC_Os01g07120,LOC_Os09g22030,motif_CE,motif_CE
LOC_Os01g07120,LOC_Os09g20490,motif_CE,motif_CE
LOC_Os01g07120,LOC_Os02g15570,motif,merged
LOC_Os01g07120,LOC_Os08g25560,motif,merged
LOC_Os01g07120,LOC_Os08g02890,motif_CE,motif_CE
LOC_Os01g07120,LOC_Os01g58610,motif,merged
LOC_Os01g07120,LOC_Os04g28310,motif,merged
LOC_Os01g07120,LOC_Os07g24090,motif,merged
LOC_Os01g07120,LOC_Os02g40330,motif,merged
LOC_Os01g07120,LOC_Os08g35470,"motif, motif_CE",merged
LOC_Os01g07120,LOC_Os10g33275,motif,merged
LOC_Os01g07120,LOC_Os10g31900,"motif, motif_CE",merged
LOC_Os01g07120,LOC_Os10g38664,motif,merged
LOC_Os01g07120,LOC_Os11g39100,motif,merged
LOC_Os01g07120,LOC_Os09g32290,motif,merged
LOC_Os01g07120,LOC_Os05g15110,motif,merged
LOC_Os01g07120,LOC_Os02g12600,"motif, motif_CE",merged
LOC_Os01g07120,LOC_Os07g39960,motif,merged
LOC_Os01g07120,LOC_Os04g55780,motif,merged
LOC_Os01g07120,LOC_Os05g07910,motif,merged
LOC_Os01g07120,LOC_Os10g08002,motif,merged
LOC_Os01g07120,LOC_Os06g29380,motif,merged
LOC_Os01g07120,LOC_Os08g39400,motif_CE,motif_CE
LOC_Os01g07120,LOC_Os06g32420,motif,merged
LOC_Os01g07120,LOC_Os06g08320,motif_CE,motif_CE
LOC_Os01g07120,LOC_Os12g21810,"FunTFBS, motif",merged
LOC_Os01g07120,LOC_Os10g17830,motif,merged
LOC_Os01g07120,LOC_Os04g52300,"motif, motif_CE",merged
LOC_Os01g07120,LOC_Os03g60260,motif,merged
LOC_Os01g07120,LOC_Os06g10300,motif,merged
LOC_Os01g07120,LOC_Os06g11050,motif,merged
LOC_Os01g07120,LOC_Os02g53340,motif_CE,motif_CE
LOC_Os01g07120,LOC_Os08g10140,motif,merged
LOC_Os01g07120,LOC_Os03g25380,motif_CE,motif_CE
LOC_Os01g07120,ChrUn.fgenesh.gene.53,motif,merged
LOC_Os01g07120,LOC_Os10g22150,motif,merged
LOC_Os01g07120,LOC_Os03g49580,motif,merged
LOC_Os01g07120,LOC_Os11g30780,motif,merged
LOC_Os01g07120,LOC_Os01g58390,FunTFBS,FunTFBS
LOC_Os01g07120,LOC_Os03g41740,motif,merged
LOC_Os01g07120,LOC_Os05g45910,"motif, motif_CE",merged
LOC_Os01g07120,LOC_Os12g34330,motif_CE,motif_CE
LOC_Os01g07120,LOC_Os11g02000,motif,merged
LOC_Os01g07120,LOC_Os01g59150,FunTFBS,FunTFBS
LOC_Os01g07120,LOC_Os06g34360,motif,merged
LOC_Os01g07120,LOC_Os04g35250,"motif, motif_CE",merged
LOC_Os01g07120,LOC_Os07g49390,"motif, motif_CE",merged
LOC_Os01g07120,LOC_Os12g10290,motif,merged
LOC_Os01g07120,LOC_Os12g05220,motif,merged
LOC_Os01g07120,LOC_Os02g22374,motif,merged
LOC_Os01g07120,LOC_Os03g43900,FunTFBS,FunTFBS
LOC_Os01g07120,LOC_Os04g26440,motif,merged
LOC_Os01g07120,LOC_Os01g62700,motif,merged
LOC_Os01g07120,LOC_Os07g41250,motif,merged
LOC_Os01g07120,LOC_Os06g25420,FunTFBS,FunTFBS
LOC_Os01g07120,LOC_Os01g67450,motif,merged
LOC_Os01g07120,LOC_Os08g29340,motif,merged
LOC_Os01g07120,LOC_Os01g67150,motif,merged
LOC_Os01g07120,LOC_Os02g53130,"motif, motif_CE",merged
LOC_Os01g07120,LOC_Os04g17370,motif,merged
LOC_Os01g07120,LOC_Os01g06940,motif,merged
LOC_Os01g07120,LOC_Os06g45140,motif_CE,motif_CE
LOC_Os01g07120,LOC_Os04g56646,"FunTFBS, motif",merged
LOC_Os01g07120,LOC_Os05g45450,motif,merged
LOC_Os01g07120,LOC_Os05g19520,motif,merged
LOC_Os01g07120,LOC_Os09g14950,motif,merged
LOC_Os01g07120,LOC_Os02g18450,motif,merged
LOC_Os01g07120,LOC_Os12g39830,motif_CE,motif_CE
LOC_Os01g07120,LOC_Os08g25830,"motif, motif_CE",merged
LOC_Os01g07120,ChrUn.fgenesh.gene.66,motif,merged
LOC_Os01g07120,LOC_Os02g46440,motif,merged
LOC_Os01g07120,LOC_Os01g60110,motif,merged
LOC_Os01g07120,LOC_Os04g18280,motif,merged
LOC_Os01g07120,LOC_Os05g24270,motif_CE,motif_CE
LOC_Os01g07120,LOC_Os07g26290,motif,merged
LOC_Os01g07120,LOC_Os01g67480,motif,merged
LOC_Os01g07120,LOC_Os05g01680,FunTFBS,FunTFBS
LOC_Os01g07120,LOC_Os12g21850,motif,merged
LOC_Os01g07120,LOC_Os03g08380,motif,merged
LOC_Os01g07120,LOC_Os11g32210,motif,merged
LOC_Os01g07120,LOC_Os12g40550,motif_CE,motif_CE
LOC_Os01g07120,LOC_Os10g40240,motif,merged
LOC_Os01g07120,LOC_Os02g11950,motif,merged
LOC_Os01g07120,LOC_Os09g16560,motif,merged
LOC_Os01g07120,LOC_Os01g63080,motif,merged
LOC_Os01g07120,LOC_Os01g52820,motif,merged
LOC_Os01g07120,LOC_Os06g37140,motif,merged
LOC_Os01g07120,LOC_Os12g36550,motif,merged
LOC_Os01g07120,LOC_Os01g46050,motif,merged
LOC_Os01g07120,LOC_Os04g08610,motif,merged
LOC_Os01g07120,LOC_Os01g36772,motif,merged
LOC_Os01g07120,LOC_Os07g02420,motif,merged
LOC_Os01g07120,LOC_Os06g48040,"FunTFBS, motif",merged
LOC_Os01g07120,LOC_Os01g72090,"motif, motif_CE",merged
LOC_Os01g07120,LOC_Os07g42470,motif,merged
LOC_Os01g07120,LOC_Os08g41910,motif_CE,motif_CE
LOC_Os01g07120,LOC_Os04g42200,"FunTFBS, motif, motif_CE",merged
LOC_Os01g07120,LOC_Os02g52305,"motif, motif_CE",merged
LOC_Os01g07120,LOC_Os07g33180,motif,merged
LOC_Os01g07120,LOC_Os01g12870,motif,merged
LOC_Os01g07120,LOC_Os03g05460,motif_CE,motif_CE
LOC_Os01g07120,LOC_Os11g34810,motif,merged
LOC_Os01g07120,LOC_Os01g16770,motif,merged
LOC_Os01g07120,LOC_Os02g24700,motif,merged
LOC_Os01g07120,LOC_Os02g21685,motif,merged
LOC_Os01g07120,LOC_Os03g59570,motif,merged
LOC_Os01g07120,LOC_Os05g46780,motif,merged
LOC_Os01g07120,LOC_Os05g25860,motif,merged
LOC_Os01g07120,LOC_Os01g24110,motif,merged
LOC_Os01g07120,LOC_Os06g14620,motif,merged
LOC_Os01g07120,LOC_Os02g48670,motif_CE,motif_CE
LOC_Os01g07120,LOC_Os08g17170,motif,merged
LOC_Os01g07120,LOC_Os07g45300,"FunTFBS, motif, motif_CE",merged
LOC_Os01g07120,LOC_Os07g03409,motif,merged
LOC_Os01g07120,LOC_Os07g22300,motif,merged
LOC_Os01g07120,LOC_Os08g42460,motif,merged
LOC_Os01g07120,LOC_Os05g23440,"motif, motif_CE",merged
LOC_Os01g07120,LOC_Os04g30260,motif,merged
LOC_Os01g07120,LOC_Os01g36540,motif,merged
LOC_Os01g07120,LOC_Os03g33328,motif,merged
LOC_Os01g07120,LOC_Os01g29600,motif,merged
LOC_Os01g07120,LOC_Os12g37890,motif_CE,motif_CE
LOC_Os01g07120,LOC_Os02g56540,motif_CE,motif_CE
LOC_Os01g07120,LOC_Os01g49440,motif_CE,motif_CE
LOC_Os01g07120,LOC_Os11g02700,motif,merged
LOC_Os01g07120,LOC_Os12g25350,"FunTFBS, motif",merged
LOC_Os01g07120,LOC_Os01g53850,motif,merged
LOC_Os01g07120,LOC_Os09g20490,"motif, motif_CE",merged
LOC_Os01g07120,LOC_Os03g09150,motif_CE,motif_CE
LOC_Os01g07120,LOC_Os09g27210,motif,merged
LOC_Os01g07120,LOC_Os10g22960,motif,merged
LOC_Os01g07120,LOC_Os11g32700,motif,merged
LOC_Os01g07120,LOC_Os06g18920,motif_CE,motif_CE
LOC_Os01g07120,LOC_Os11g13710,motif_CE,motif_CE
LOC_Os01g07120,LOC_Os01g31700,motif,merged
LOC_Os01g07120,LOC_Os01g07320,"motif, motif_CE",merged
LOC_Os01g07120,LOC_Os08g36850,motif,merged
LOC_Os01g07120,LOC_Os01g15934,motif,merged
LOC_Os01g07120,LOC_Os04g50212,motif_CE,motif_CE
LOC_Os01g07120,LOC_Os10g41030,motif,merged
LOC_Os01g07120,LOC_Os12g15330,motif,merged
LOC_Os01g07120,LOC_Os07g09710,motif_CE,motif_CE
LOC_Os01g07120,LOC_Os11g04950,motif,merged
LOC_Os01g07120,LOC_Os09g32380,motif,merged
LOC_Os01g07120,LOC_Os06g41010,motif,merged
LOC_Os01g07120,LOC_Os06g42260,motif,merged
LOC_Os01g07120,LOC_Os06g06580,motif,merged
LOC_Os01g07120,LOC_Os07g10380,FunTFBS,FunTFBS
LOC_Os01g07120,LOC_Os07g25490,motif,merged
LOC_Os01g07120,LOC_Os01g46650,FunTFBS,FunTFBS
LOC_Os01g07120,LOC_Os06g06180,motif,merged
LOC_Os01g07120,LOC_Os01g35810,motif,merged
LOC_Os01g07120,LOC_Os08g34290,motif,merged
LOC_Os01g07120,LOC_Os05g08450,motif,merged
LOC_Os01g07120,LOC_Os02g04430,motif,merged
LOC_Os01g07120,LOC_Os12g09070,motif,merged
LOC_Os01g07120,LOC_Os11g27890,motif,merged
LOC_Os01g07120,LOC_Os03g56360,motif,merged
LOC_Os01g07120,LOC_Os02g29440,motif,merged
LOC_Os01g07120,LOC_Os05g50160,"motif, motif_CE",merged
LOC_Os01g07120,LOC_Os04g55450,motif,merged
LOC_Os01g07120,LOC_Os11g04200,motif,merged
LOC_Os01g07120,LOC_Os02g55530,motif,merged
LOC_Os01g07120,LOC_Os02g50070,motif,merged
LOC_Os01g07120,LOC_Os08g10608,motif,merged
LOC_Os01g07120,LOC_Os04g11540,motif,merged
LOC_Os01g07120,LOC_Os01g43510,motif_CE,motif_CE
LOC_Os01g07120,LOC_Os01g70660,motif,merged
LOC_Os01g07120,LOC_Os06g10410,motif,merged
LOC_Os01g07120,LOC_Os09g24630,motif,merged
LOC_Os01g07120,LOC_Os03g57620,motif,merged
LOC_Os01g07120,LOC_Os07g15540,motif,merged
LOC_Os01g07120,LOC_Os09g12780,motif,merged
LOC_Os01g07120,LOC_Os06g07220,motif,merged
LOC_Os01g07120,LOC_Os12g16480,motif,merged
LOC_Os01g07120,LOC_Os05g17730,motif,merged
LOC_Os01g07120,LOC_Os02g03000,motif_CE,motif_CE
LOC_Os01g07120,LOC_Os06g43710,motif,merged
LOC_Os01g07120,LOC_Os05g16889,motif,merged
LOC_Os01g07120,LOC_Os08g39510,FunTFBS,FunTFBS
LOC_Os01g07120,LOC_Os03g22320,motif,merged
LOC_Os01g07120,LOC_Os10g26150,"motif, motif_CE",merged
LOC_Os01g07120,LOC_Os06g45140,"motif, motif_CE",merged
LOC_Os01g07120,LOC_Os10g01450,motif,merged
LOC_Os01g07120,LOC_Os08g32260,"FunTFBS, motif",merged
LOC_Os01g07120,LOC_Os03g31980,motif,merged
LOC_Os01g07120,LOC_Os01g36950,motif_CE,motif_CE
LOC_Os01g07120,LOC_Os12g10550,motif,merged
LOC_Os01g07120,LOC_Os08g25680,motif,merged
LOC_Os01g07120,LOC_Os03g31700,motif,merged
LOC_Os01g07120,LOC_Os10g31180,motif,merged
LOC_Os01g07120,LOC_Os12g44320,motif,merged
LOC_Os01g07120,LOC_Os03g37520,motif,merged
LOC_Os01g07120,LOC_Os12g01750,"motif, motif_CE",merged
LOC_Os01g07120,LOC_Os08g21900,motif,merged
LOC_Os01g07120,LOC_Os05g24270,"motif, motif_CE",merged
LOC_Os01g07120,LOC_Os08g27440,motif,merged
LOC_Os01g07120,LOC_Os11g01594,motif,merged
LOC_Os01g07120,LOC_Os10g24250,motif,merged
LOC_Os01g07120,LOC_Os03g01170,motif,merged
LOC_Os01g07120,LOC_Os11g47640,motif,merged
LOC_Os01g07120,LOC_Os10g32020,motif,merged
LOC_Os01g07120,LOC_Os03g06810,motif_CE,motif_CE
LOC_Os01g07120,LOC_Os06g35990,motif,merged
LOC_Os01g07120,LOC_Os03g33500,motif,merged
LOC_Os01g07120,LOC_Os08g16720,motif,merged
LOC_Os01g07120,LOC_Os03g13190,motif_CE,motif_CE
LOC_Os01g07120,LOC_Os02g54140,motif,merged
LOC_Os01g07120,LOC_Os08g07710,motif,merged
LOC_Os01g07120,LOC_Os10g15310,motif,merged
LOC_Os01g07120,LOC_Os08g16150,motif,merged
LOC_Os01g07120,LOC_Os04g08792,"FunTFBS, motif",merged
LOC_Os01g07120,LOC_Os06g40730,motif,merged
LOC_Os01g07120,LOC_Os09g20390,motif,merged
LOC_Os01g07120,LOC_Os09g20210,"motif, motif_CE",merged
LOC_Os01g07120,LOC_Os08g04260,motif,merged
LOC_Os01g07120,LOC_Os10g29150,motif,merged
LOC_Os01g07120,LOC_Os01g27880,motif_CE,motif_CE
LOC_Os01g07120,LOC_Os08g25710,motif,merged
LOC_Os01g07120,LOC_Os03g52680,motif_CE,motif_CE
LOC_Os01g07120,LOC_Os09g25900,"motif, motif_CE",merged
LOC_Os01g07120,LOC_Os03g03530,motif,merged
LOC_Os01g07120,LOC_Os03g61210,"motif, motif_CE",merged
LOC_Os01g07120,LOC_Os02g48670,"motif, motif_CE",merged
LOC_Os01g07120,LOC_Os04g28860,motif,merged
LOC_Os01g07120,LOC_Os02g44100,motif,merged
LOC_Os01g07120,LOC_Os05g38460,motif_CE,motif_CE
LOC_Os01g07120,LOC_Os07g43010,motif,merged
LOC_Os01g07120,LOC_Os08g35130,motif_CE,motif_CE
LOC_Os01g07120,LOC_Os02g29190,motif,merged
LOC_Os01g07120,LOC_Os03g06160,"FunTFBS, motif",merged
LOC_Os01g07120,LOC_Os11g24360,"FunTFBS, motif",merged
LOC_Os01g07120,LOC_Os10g03960,motif,merged
LOC_Os01g07120,LOC_Os01g49440,"motif, motif_CE",merged
LOC_Os01g07120,LOC_Os11g09670,motif,merged
LOC_Os01g07120,LOC_Os05g30920,"motif, motif_CE",merged
LOC_Os01g07120,LOC_Os12g03710,motif,merged
LOC_Os01g07120,LOC_Os11g34300,motif,merged
LOC_Os01g07120,LOC_Os05g44720,motif,merged
LOC_Os01g07120,LOC_Os04g32010,motif,merged
LOC_Os01g07120,LOC_Os01g40990,motif,merged
LOC_Os01g07120,LOC_Os07g49230,motif_CE,motif_CE
LOC_Os01g07120,LOC_Os04g52890,motif,merged
LOC_Os01g07120,LOC_Os12g40750,motif,merged
LOC_Os01g07120,LOC_Os04g56000,motif,merged
LOC_Os01g07120,LOC_Os10g26540,motif,merged
LOC_Os01g07120,LOC_Os12g39120,motif_CE,motif_CE
LOC_Os01g07120,LOC_Os10g30450,motif,merged
LOC_Os01g07120,LOC_Os08g31510,"FunTFBS, motif",merged
LOC_Os01g07120,LOC_Os01g43540,motif_CE,motif_CE
LOC_Os01g07120,LOC_Os07g14330,motif,merged
LOC_Os01g07120,LOC_Os07g15280,motif,merged
LOC_Os01g07120,LOC_Os06g02110,motif,merged
LOC_Os01g07120,LOC_Os11g07560,motif,merged
LOC_Os01g07120,LOC_Os01g09660,motif,merged
LOC_Os01g07120,LOC_Os05g02130,motif,merged
LOC_Os01g07120,LOC_Os06g43720,motif,merged
LOC_Os01g07120,LOC_Os06g48660,motif_CE,motif_CE
LOC_Os01g07120,LOC_Os11g39330,motif,merged
LOC_Os01g07120,LOC_Os09g32940,motif,merged
LOC_Os01g07120,LOC_Os12g42920,motif,merged
LOC_Os01g07120,LOC_Os04g28060,"FunTFBS, motif",merged
LOC_Os01g07120,LOC_Os08g01770,motif_CE,motif_CE
LOC_Os01g07120,LOC_Os06g32750,motif,merged
LOC_Os01g07120,LOC_Os04g40490,motif,merged
LOC_Os01g07120,LOC_Os10g09700,motif,merged
LOC_Os01g07120,LOC_Os11g39270,motif,merged
LOC_Os01g07120,LOC_Os10g32570,motif,merged
LOC_Os01g07120,LOC_Os12g35220,motif,merged
LOC_Os01g07120,LOC_Os11g23242,motif,merged
LOC_Os01g07120,LOC_Os05g31830,motif,merged
LOC_Os01g07120,LOC_Os09g38970,motif,merged
LOC_Os01g07120,LOC_Os07g07870,motif,merged
LOC_Os01g07120,LOC_Os06g06680,motif,merged
LOC_Os01g07120,LOC_Os03g03110,motif_CE,motif_CE
LOC_Os01g07120,LOC_Os02g16529,motif,merged
LOC_Os01g07120,LOC_Os07g17870,motif,merged
LOC_Os01g07120,LOC_Os08g14300,motif,merged
LOC_Os01g07120,LOC_Os09g25590,motif_CE,motif_CE
LOC_Os01g07120,LOC_Os01g11240,motif,merged
LOC_Os01g07120,LOC_Os02g03000,"motif, motif_CE",merged
LOC_Os01g07120,LOC_Os09g27200,motif,merged
LOC_Os01g07120,LOC_Os01g38740,motif,merged
LOC_Os01g07120,LOC_Os12g10200,motif_CE,motif_CE
LOC_Os01g07120,LOC_Os01g68440,motif_CE,motif_CE
LOC_Os01g07120,LOC_Os07g06560,motif,merged
LOC_Os01g07120,LOC_Os12g21550,motif,merged
LOC_Os01g07120,LOC_Os07g08170,motif_CE,motif_CE
LOC_Os01g07120,LOC_Os08g24940,motif,merged
LOC_Os01g07120,LOC_Os07g02460,"motif, motif_CE",merged
LOC_Os01g07120,LOC_Os03g52720,motif,merged
LOC_Os01g07120,LOC_Os10g38420,FunTFBS,FunTFBS
LOC_Os01g07120,LOC_Os01g62530,motif,merged
LOC_Os01g07120,LOC_Os10g02720,motif,merged
LOC_Os01g07120,LOC_Os03g18500,motif_CE,motif_CE
LOC_Os01g07120,LOC_Os06g30760,motif,merged
LOC_Os01g07120,LOC_Os05g10720,motif,merged
LOC_Os01g07120,LOC_Os10g25220,motif_CE,motif_CE
LOC_Os01g07120,LOC_Os02g27940,motif,merged
LOC_Os01g07120,LOC_Os10g33530,motif,merged
LOC_Os01g07120,LOC_Os03g30640,motif,merged
LOC_Os01g07120,LOC_Os11g17220,motif,merged
LOC_Os01g07120,LOC_Os04g05940,motif,merged
LOC_Os01g07120,LOC_Os01g55740,"FunTFBS, motif, motif_CE",merged
LOC_Os01g07120,LOC_Os01g27820,motif,merged
LOC_Os01g07120,LOC_Os03g06810,"motif, motif_CE",merged
LOC_Os01g07120,LOC_Os03g42190,motif,merged
LOC_Os01g07120,LOC_Os07g17340,motif,merged
LOC_Os01g07120,LOC_Os07g25370,motif,merged
LOC_Os01g07120,LOC_Os05g38710,motif,merged
LOC_Os01g07120,LOC_Os08g35850,motif,merged
LOC_Os01g07120,LOC_Os06g05390,motif,merged
LOC_Os01g07120,LOC_Os07g29220,motif_CE,motif_CE
LOC_Os01g07120,LOC_Os07g05110,"motif, motif_CE",merged
LOC_Os01g07120,LOC_Os07g07030,motif,merged
LOC_Os01g07120,LOC_Os01g24260,motif,merged
LOC_Os01g07120,LOC_Os08g06890,motif,merged
LOC_Os01g07120,LOC_Os11g42350,motif_CE,motif_CE
LOC_Os01g07120,LOC_Os12g12280,motif,merged
LOC_Os01g07120,LOC_Os06g21480,motif,merged
LOC_Os01g07120,LOC_Os02g35630,motif_CE,motif_CE
LOC_Os01g07120,LOC_Os01g29150,FunTFBS,FunTFBS
LOC_Os01g07120,LOC_Os05g31500,motif,merged
LOC_Os01g07120,LOC_Os03g56080,motif,merged
LOC_Os01g07120,LOC_Os11g37540,motif,merged
LOC_Os01g07120,LOC_Os03g05460,"motif, motif_CE",merged
LOC_Os01g07120,LOC_Os07g20660,motif,merged
LOC_Os01g07120,LOC_Os06g41690,motif,merged
LOC_Os01g07120,LOC_Os12g42430,motif,merged
LOC_Os01g07120,LOC_Os06g17130,motif_CE,motif_CE
LOC_Os01g07120,LOC_Os03g43670,motif,merged
LOC_Os01g07120,LOC_Os03g52475,"motif, motif_CE",merged
LOC_Os01g07120,LOC_Os04g20540,motif,merged
LOC_Os01g07120,LOC_Os06g42840,motif,merged
LOC_Os01g07120,LOC_Os07g41080,motif,merged
LOC_Os01g07120,LOC_Os11g18780,motif,merged
LOC_Os01g07120,LOC_Os12g38660,motif_CE,motif_CE
LOC_Os01g07120,LOC_Os12g43300,"FunTFBS, motif",merged
LOC_Os01g07120,LOC_Os11g43720,motif,merged
LOC_Os01g07120,LOC_Os08g35130,"motif, motif_CE",merged
LOC_Os01g07120,LOC_Os03g63074,motif,merged
LOC_Os01g07120,LOC_Os07g45810,motif,merged
LOC_Os01g07120,LOC_Os03g55470,motif,merged
LOC_Os01g07120,LOC_Os04g18800,motif_CE,motif_CE
LOC_Os01g07120,LOC_Os01g09252,motif,merged
LOC_Os01g07120,LOC_Os11g22180,motif,merged
LOC_Os01g07120,LOC_Os03g08110,motif,merged
LOC_Os01g07120,LOC_Os01g32920,motif,merged
LOC_Os01g07120,LOC_Os03g05570,motif,merged
LOC_Os01g07120,LOC_Os08g32730,FunTFBS,FunTFBS
LOC_Os01g07120,LOC_Os08g16010,"motif, motif_CE",merged
LOC_Os01g07120,LOC_Os04g35910,motif,merged
LOC_Os01g07120,LOC_Os01g40320,motif,merged
LOC_Os01g07120,LOC_Os03g60530,FunTFBS,FunTFBS
LOC_Os01g07120,LOC_Os04g30680,motif,merged
LOC_Os01g07120,LOC_Os04g53214,motif,merged
LOC_Os01g07120,LOC_Os08g18960,motif,merged
LOC_Os01g07120,LOC_Os09g36240,motif_CE,motif_CE
LOC_Os01g07120,LOC_Os04g36620,motif,merged
LOC_Os01g07120,LOC_Os08g28710,motif,merged
LOC_Os01g07120,LOC_Os01g53000,motif,merged
LOC_Os01g07120,LOC_Os11g03190,motif,merged
LOC_Os01g07120,LOC_Os07g17900,motif,merged
LOC_Os01g07120,LOC_Os12g43150,motif,merged
LOC_Os01g07120,LOC_Os04g59360,FunTFBS,FunTFBS
LOC_Os01g07120,LOC_Os10g06900,motif,merged
LOC_Os01g07120,LOC_Os03g29830,"FunTFBS, motif, motif_CE",merged
LOC_Os01g07120,LOC_Os03g25920,motif,merged
LOC_Os01g07120,LOC_Os05g02540,motif,merged
LOC_Os01g07120,LOC_Os04g07030,motif,merged
LOC_Os01g07120,LOC_Os01g64050,motif,merged
LOC_Os01g07120,LOC_Os03g07800,FunTFBS,FunTFBS
LOC_Os01g07120,LOC_Os06g39550,"FunTFBS, motif",merged
LOC_Os01g07120,LOC_Os03g03020,motif_CE,motif_CE
LOC_Os01g07120,LOC_Os03g23030,"motif, motif_CE",merged
LOC_Os01g07120,LOC_Os01g22100,motif,merged
LOC_Os01g07120,LOC_Os10g41450,motif,merged
LOC_Os01g07120,LOC_Os05g23290,motif,merged
LOC_Os01g07120,LOC_Os11g01520,FunTFBS,FunTFBS
LOC_Os01g07120,LOC_Os06g22690,motif,merged
LOC_Os01g07120,LOC_Os02g04270,motif_CE,motif_CE
LOC_Os01g07120,LOC_Os03g50620,motif_CE,motif_CE
LOC_Os01g07120,LOC_Os06g31210,"FunTFBS, motif, motif_CE",merged
LOC_Os01g07120,LOC_Os02g01230,motif_CE,motif_CE
LOC_Os01g07120,LOC_Os09g23290,motif,merged
LOC_Os01g07120,LOC_Os06g04150,motif_CE,motif_CE
LOC_Os01g07120,LOC_Os07g28170,motif_CE,motif_CE
LOC_Os01g07120,LOC_Os04g28720,motif,merged
LOC_Os01g07120,LOC_Os01g60090,motif,merged
LOC_Os01g07120,LOC_Os01g09650,motif,merged
LOC_Os01g07120,LOC_Os05g41795,motif_CE,motif_CE
LOC_Os01g07120,LOC_Os10g22920,motif,merged
LOC_Os01g07120,LOC_Os10g33780,motif,merged
LOC_Os01g07120,LOC_Os01g68710,motif_CE,motif_CE
LOC_Os01g07120,LOC_Os12g38930,motif,merged
LOC_Os01g07120,LOC_Os04g40900,"motif, motif_CE",merged
LOC_Os01g07120,LOC_Os09g32250,motif_CE,motif_CE
LOC_Os01g07120,LOC_Os02g50630,motif,merged
LOC_Os01g07120,LOC_Os03g11030,motif,merged
LOC_Os01g07120,LOC_Os07g26840,motif,merged
LOC_Os01g07120,LOC_Os01g36120,motif,merged
LOC_Os01g07120,LOC_Os12g42000,motif,merged
LOC_Os01g07120,LOC_Os03g14400,motif_CE,motif_CE
LOC_Os01g07120,LOC_Os08g17990,motif,merged
LOC_Os01g07120,LOC_Os09g20570,"FunTFBS, motif",merged
LOC_Os01g07120,LOC_Os01g64590,motif_CE,motif_CE
LOC_Os01g07120,LOC_Os03g61290,motif,merged
LOC_Os01g07120,LOC_Os11g20210,motif,merged
LOC_Os01g07120,LOC_Os01g69850,motif,merged
LOC_Os01g07120,LOC_Os11g38590,motif,merged
LOC_Os01g07120,LOC_Os03g42780,motif,merged
LOC_Os01g07120,LOC_Os06g01960,"FunTFBS, motif, motif_CE",merged
LOC_Os01g07120,LOC_Os12g10200,"motif, motif_CE",merged
LOC_Os01g07120,LOC_Os12g04880,"FunTFBS, motif, motif_CE",merged
LOC_Os01g07120,LOC_Os01g16530,motif,merged
LOC_Os01g07120,LOC_Os01g56810,motif_CE,motif_CE
LOC_Os01g07120,LOC_Os03g62210,motif,merged
LOC_Os01g07120,LOC_Os01g17250,motif,merged
LOC_Os01g07120,LOC_Os12g26220,motif,merged
LOC_Os01g07120,LOC_Os03g42900,"FunTFBS, motif",merged
LOC_Os01g07120,LOC_Os03g44270,motif,merged
LOC_Os01g07120,LOC_Os06g48220,motif,merged
LOC_Os01g07120,LOC_Os07g11110,motif,merged
LOC_Os01g07120,LOC_Os06g01830,"FunTFBS, motif",merged
LOC_Os01g07120,LOC_Os05g22614,motif_CE,motif_CE
LOC_Os01g07120,LOC_Os02g34740,motif,merged
LOC_Os01g07120,LOC_Os08g32410,motif,merged
LOC_Os01g07120,LOC_Os12g17830,motif,merged
LOC_Os01g07120,LOC_Os03g33074,motif,merged
LOC_Os01g07120,LOC_Os06g50650,motif,merged
LOC_Os01g07120,LOC_Os09g03740,motif,merged
LOC_Os01g07120,LOC_Os04g57970,"FunTFBS, motif",merged
LOC_Os01g07120,LOC_Os02g43320,motif,merged
LOC_Os01g07120,LOC_Os05g38770,motif,merged
LOC_Os01g07120,LOC_Os12g26970,motif,merged
LOC_Os01g07120,LOC_Os10g05150,motif,merged
LOC_Os01g07120,LOC_Os12g32060,motif,merged
LOC_Os01g07120,LOC_Os09g14110,motif,merged
LOC_Os01g07120,LOC_Os06g48780,FunTFBS,FunTFBS
LOC_Os01g07120,LOC_Os04g08320,FunTFBS,FunTFBS
LOC_Os01g07120,LOC_Os01g34110,motif,merged
LOC_Os01g07120,LOC_Os03g39380,"motif, motif_CE",merged
LOC_Os01g07120,LOC_Os10g29260,motif,merged
LOC_Os01g07120,LOC_Os01g32140,"motif, motif_CE",merged
LOC_Os01g07120,LOC_Os04g26841,motif,merged
LOC_Os01g07120,LOC_Os07g48690,motif,merged
LOC_Os01g07120,LOC_Os07g04620,motif,merged
LOC_Os01g07120,LOC_Os08g26310,motif,merged
LOC_Os01g07120,LOC_Os06g51510,motif,merged
LOC_Os01g07120,LOC_Os07g27180,motif_CE,motif_CE
LOC_Os01g07120,LOC_Os03g60550,motif,merged
LOC_Os01g07120,LOC_Os07g29220,"motif, motif_CE",merged
LOC_Os01g07120,LOC_Os04g44180,motif,merged
LOC_Os01g07120,LOC_Os01g60650,"motif, motif_CE",merged
LOC_Os01g07120,LOC_Os12g39870,motif,merged
LOC_Os01g07120,LOC_Os01g34260,motif_CE,motif_CE
LOC_Os01g07120,LOC_Os09g24560,motif_CE,motif_CE
LOC_Os01g07120,LOC_Os02g35630,"motif, motif_CE",merged
LOC_Os01g07120,LOC_Os07g10660,"FunTFBS, motif, motif_CE",merged
LOC_Os01g07120,LOC_Os11g42390,motif,merged
LOC_Os01g07120,LOC_Os09g08580,motif,merged
LOC_Os01g07120,LOC_Os05g03200,motif_CE,motif_CE
LOC_Os01g07120,LOC_Os11g06680,"motif, motif_CE",merged
LOC_Os01g07120,LOC_Os01g48210,motif,merged
LOC_Os01g07120,LOC_Os01g45120,FunTFBS,FunTFBS
LOC_Os01g07120,LOC_Os05g48650,motif,merged
LOC_Os01g07120,LOC_Os01g27880,"motif, motif_CE",merged
LOC_Os01g07120,LOC_Os04g06110,motif,merged
LOC_Os01g07120,LOC_Os03g52680,"motif, motif_CE",merged
LOC_Os01g07120,LOC_Os12g38660,"motif, motif_CE",merged
LOC_Os01g07120,LOC_Os03g55940,motif,merged
LOC_Os01g07120,LOC_Os01g55580,"motif, motif_CE",merged
LOC_Os01g07120,LOC_Os12g04090,motif,merged
LOC_Os01g07120,LOC_Os03g39760,motif,merged
LOC_Os01g07120,LOC_Os03g13770,"motif, motif_CE",merged
LOC_Os01g07120,LOC_Os05g38460,"motif, motif_CE",merged
LOC_Os01g07120,LOC_Os01g07160,motif,merged
LOC_Os01g07120,LOC_Os10g30310,motif,merged
LOC_Os01g07120,LOC_Os06g15750,motif,merged
LOC_Os01g07120,LOC_Os11g25770,motif,merged
LOC_Os01g07120,LOC_Os06g14690,motif,merged
LOC_Os01g07120,LOC_Os10g34590,motif,merged
LOC_Os01g07120,LOC_Os02g01610,motif,merged
LOC_Os01g07120,LOC_Os05g30650,motif,merged
LOC_Os01g07120,LOC_Os11g06780,motif_CE,motif_CE
LOC_Os01g07120,LOC_Os11g06930,motif_CE,motif_CE
LOC_Os01g07120,LOC_Os06g42660,motif,merged
LOC_Os01g07120,LOC_Os06g33549,motif,merged
LOC_Os01g07120,LOC_Os03g32660,motif,merged
LOC_Os01g07120,LOC_Os01g15060,motif,merged
LOC_Os01g07120,LOC_Os10g05250,motif,merged
LOC_Os01g07120,LOC_Os12g18010,motif,merged
LOC_Os01g07120,LOC_Os02g38589,motif,merged
LOC_Os01g07120,LOC_Os03g04940,motif_CE,motif_CE
LOC_Os01g07120,LOC_Os07g45490,"FunTFBS, motif",merged
LOC_Os01g07120,LOC_Os01g45850,FunTFBS,FunTFBS
LOC_Os01g07120,LOC_Os05g30220,motif,merged
LOC_Os01g07120,LOC_Os11g46060,motif,merged
LOC_Os01g07120,LOC_Os03g50050,motif,merged
LOC_Os01g07120,LOC_Os01g08440,motif,merged
LOC_Os01g07120,LOC_Os10g10890,motif,merged
LOC_Os01g07120,LOC_Os04g56640,motif_CE,motif_CE
LOC_Os01g07120,LOC_Os03g38980,"FunTFBS, motif, motif_CE",merged
LOC_Os01g07120,LOC_Os08g02030,motif,merged
LOC_Os01g07120,LOC_Os12g09640,motif_CE,motif_CE
LOC_Os01g07120,LOC_Os02g48690,motif_CE,motif_CE
LOC_Os01g07120,LOC_Os09g28320,motif,merged
LOC_Os01g07120,LOC_Os12g16490,motif,merged
LOC_Os01g07120,LOC_Os10g10630,motif,merged
LOC_Os01g07120,LOC_Os02g28330,motif,merged
LOC_Os01g07120,LOC_Os07g45720,motif,merged
LOC_Os01g07120,LOC_Os09g03920,motif,merged
LOC_Os01g07120,LOC_Os07g01920,motif_CE,motif_CE
LOC_Os01g07120,LOC_Os02g54290,motif_CE,motif_CE
LOC_Os01g07120,LOC_Os03g11210,motif,merged
LOC_Os01g07120,LOC_Os05g27720,motif,merged
LOC_Os01g07120,LOC_Os05g36960,motif,merged
LOC_Os01g07120,LOC_Os12g31790,motif,merged
LOC_Os01g07120,LOC_Os11g43440,motif,merged
LOC_Os01g07120,LOC_Os05g34970,motif,merged
LOC_Os01g07120,LOC_Os03g09820,motif,merged
LOC_Os01g07120,LOC_Os06g23650,motif,merged
LOC_Os01g07120,LOC_Os01g56720,"FunTFBS, motif",merged
LOC_Os01g07120,LOC_Os05g27760,motif,merged
LOC_Os01g07120,LOC_Os08g39430,motif,merged
LOC_Os01g07120,LOC_Os03g55240,motif,merged
LOC_Os01g07120,LOC_Os12g19140,motif,merged
LOC_Os01g07120,LOC_Os06g04150,"motif, motif_CE",merged
LOC_Os01g07120,LOC_Os11g32040,motif,merged
LOC_Os01g07120,LOC_Os04g34180,motif,merged
LOC_Os01g07120,LOC_Os02g42310,motif,merged
LOC_Os01g07120,LOC_Os05g41795,"motif, motif_CE",merged
LOC_Os01g07120,LOC_Os02g52940,motif,merged
LOC_Os01g07120,LOC_Os03g48090,motif,merged
LOC_Os01g07120,LOC_Os02g52030,motif_CE,motif_CE
LOC_Os01g07120,LOC_Os03g48580,motif,merged
LOC_Os01g07120,LOC_Os11g35770,motif,merged
LOC_Os01g07120,LOC_Os06g02930,motif,merged
LOC_Os01g07120,LOC_Os08g14050,motif,merged
LOC_Os01g07120,LOC_Os02g49630,motif_CE,motif_CE
LOC_Os01g07120,LOC_Os09g13970,motif,merged
LOC_Os01g07120,LOC_Os10g35436,motif,merged
LOC_Os01g07120,LOC_Os05g50900,motif,merged
LOC_Os01g07120,LOC_Os12g17240,motif,merged
LOC_Os01g07120,LOC_Os05g45610,motif_CE,motif_CE
LOC_Os01g07120,LOC_Os08g36760,"motif, motif_CE",merged
LOC_Os01g07120,LOC_Os05g35870,FunTFBS,FunTFBS
LOC_Os01g07120,LOC_Os11g13530,motif,merged
LOC_Os01g07120,LOC_Os09g19430,motif,merged
LOC_Os01g07120,LOC_Os02g39430,motif,merged
LOC_Os01g07120,LOC_Os03g18580,motif,merged
LOC_Os01g07120,LOC_Os01g02310,motif,merged
LOC_Os01g07120,LOC_Os04g16220,motif,merged
LOC_Os01g07120,LOC_Os07g37930,motif_CE,motif_CE
LOC_Os01g07120,LOC_Os02g49992,motif_CE,motif_CE
LOC_Os01g07120,LOC_Os02g07770,"motif, motif_CE",merged
LOC_Os01g07120,LOC_Os06g30460,motif,merged
LOC_Os01g07120,LOC_Os06g40790,"motif, motif_CE",merged
LOC_Os01g07120,LOC_Os08g03420,motif_CE,motif_CE
LOC_Os01g07120,LOC_Os06g41050,motif_CE,motif_CE
LOC_Os01g07120,LOC_Os03g29930,motif,merged
LOC_Os01g07120,LOC_Os12g05655,motif,merged
LOC_Os01g07120,LOC_Os04g42930,motif,merged
LOC_Os01g07120,LOC_Os03g25720,motif,merged
LOC_Os01g07120,LOC_Os07g08170,"motif, motif_CE",merged
LOC_Os01g07120,LOC_Os12g06220,motif,merged
LOC_Os01g07120,LOC_Os08g17060,motif,merged
LOC_Os01g07120,LOC_Os09g32480,motif,merged
LOC_Os01g07120,LOC_Os11g18880,motif,merged
LOC_Os01g07120,LOC_Os12g24650,motif,merged
LOC_Os01g07120,LOC_Os09g27610,motif,merged
LOC_Os01g07120,LOC_Os09g32976,"motif, motif_CE",merged
LOC_Os01g07120,LOC_Os04g58790,"motif, motif_CE",merged
LOC_Os01g07120,LOC_Os11g15570,motif_CE,motif_CE
LOC_Os01g07120,LOC_Os03g18500,"motif, motif_CE",merged
LOC_Os01g07120,LOC_Os10g33980,"FunTFBS, motif, motif_CE",merged
LOC_Os01g07120,LOC_Os09g08350,motif,merged
LOC_Os01g07120,LOC_Os12g43680,motif,merged
LOC_Os01g07120,LOC_Os03g62200,"motif, motif_CE",merged
LOC_Os01g07120,LOC_Os02g26140,FunTFBS,FunTFBS
LOC_Os01g07120,LOC_Os01g47950,motif,merged
LOC_Os01g07120,LOC_Os02g57990,motif_CE,motif_CE
LOC_Os01g07120,LOC_Os03g01100,"motif, motif_CE",merged
LOC_Os01g07120,LOC_Os06g06620,motif,merged
LOC_Os01g07120,LOC_Os10g23230,motif,merged
LOC_Os01g07120,LOC_Os07g25560,motif,merged
LOC_Os01g07120,LOC_Os12g02770,motif,merged
LOC_Os01g07120,LOC_Os10g32880,"motif, motif_CE",merged
LOC_Os01g07120,LOC_Os05g44290,motif,merged
LOC_Os01g07120,LOC_Os03g62170,motif,merged
LOC_Os01g07120,LOC_Os08g40120,motif,merged
LOC_Os01g07120,LOC_Os05g35450,motif,merged
LOC_Os01g07120,LOC_Os05g05950,motif,merged
LOC_Os01g07120,LOC_Os07g30830,motif,merged
LOC_Os01g07120,LOC_Os08g40930,motif,merged
LOC_Os01g07120,LOC_Os08g02900,motif,merged
LOC_Os01g07120,LOC_Os08g44310,motif,merged
LOC_Os01g07120,LOC_Os09g24560,"motif, motif_CE",merged
LOC_Os01g07120,LOC_Os06g14090,motif,merged
LOC_Os01g07120,LOC_Os01g58990,motif,merged
LOC_Os01g07120,LOC_Os06g36030,motif,merged
LOC_Os01g07120,LOC_Os04g14200,motif_CE,motif_CE
LOC_Os01g07120,LOC_Os03g19120,motif,merged
LOC_Os01g07120,LOC_Os01g73710,motif,merged
LOC_Os01g07120,LOC_Os01g07000,"motif, motif_CE",merged
LOC_Os01g07120,LOC_Os12g30555,FunTFBS,FunTFBS
LOC_Os01g07120,LOC_Os11g37080,"FunTFBS, motif",merged
LOC_Os01g07120,LOC_Os03g08620,motif,merged
LOC_Os01g07120,LOC_Os10g11630,motif,merged
LOC_Os01g07120,LOC_Os11g19480,motif_CE,motif_CE
LOC_Os01g07120,LOC_Os04g42960,motif,merged
LOC_Os01g07120,LOC_Os11g15590,motif,merged
LOC_Os01g07120,LOC_Os12g41670,"motif, motif_CE",merged
LOC_Os01g07120,LOC_Os04g48720,FunTFBS,FunTFBS
LOC_Os01g07120,LOC_Os01g10750,motif,merged
LOC_Os01g07120,LOC_Os02g16080,motif,merged
LOC_Os01g07120,LOC_Os10g34390,motif,merged
LOC_Os01g07120,LOC_Os12g42280,motif,merged
LOC_Os01g07120,LOC_Os09g36180,motif_CE,motif_CE
LOC_Os01g07120,LOC_Os06g50733,motif,merged
LOC_Os01g07120,LOC_Os01g33500,motif_CE,motif_CE
LOC_Os01g07120,LOC_Os12g34470,motif,merged
LOC_Os01g07120,LOC_Os12g39070,"motif, motif_CE",merged
LOC_Os01g07120,LOC_Os08g36060,motif,merged
LOC_Os01g07120,LOC_Os06g21120,motif,merged
LOC_Os01g07120,LOC_Os03g48060,motif,merged
LOC_Os01g07120,LOC_Os01g69090,"FunTFBS, motif, motif_CE",merged
LOC_Os01g07120,LOC_Os04g29730,motif,merged
LOC_Os01g07120,LOC_Os04g18800,"motif, motif_CE",merged
LOC_Os01g07120,LOC_Os05g18640,motif,merged
LOC_Os01g07120,LOC_Os09g08150,"motif, motif_CE",merged
LOC_Os01g07120,LOC_Os05g25570,motif,merged
LOC_Os01g07120,LOC_Os06g48560,motif,merged
LOC_Os01g07120,LOC_Os07g40520,motif_CE,motif_CE
LOC_Os01g07120,LOC_Os09g25310,motif,merged
LOC_Os01g07120,LOC_Os06g03670,motif,merged
LOC_Os01g07120,LOC_Os06g08710,motif_CE,motif_CE
LOC_Os01g07120,LOC_Os06g36160,motif_CE,motif_CE
LOC_Os01g07120,LOC_Os03g51840,motif,merged
LOC_Os01g07120,LOC_Os05g23040,motif,merged
LOC_Os01g07120,LOC_Os01g51560,motif,merged
LOC_Os01g07120,LOC_Os12g17290,motif,merged
LOC_Os01g07120,LOC_Os11g13680,motif_CE,motif_CE
LOC_Os01g07120,LOC_Os06g42770,motif,merged
LOC_Os01g07120,LOC_Os12g43500,motif,merged
LOC_Os01g07120,LOC_Os02g48690,"motif, motif_CE",merged
LOC_Os01g07120,LOC_Os02g01780,motif,merged
LOC_Os01g07120,LOC_Os03g01530,"motif, motif_CE",merged
LOC_Os01g07120,LOC_Os04g55130,motif,merged
LOC_Os01g07120,LOC_Os03g48010,motif,merged
LOC_Os01g07120,LOC_Os08g45120,motif,merged
LOC_Os01g07120,LOC_Os05g16280,motif,merged
LOC_Os01g07120,LOC_Os02g34350,"motif, motif_CE",merged
LOC_Os01g07120,LOC_Os07g36280,motif,merged
LOC_Os01g07120,LOC_Os11g37630,motif,merged
LOC_Os01g07120,LOC_Os07g12830,motif_CE,motif_CE
LOC_Os01g07120,LOC_Os11g05520,motif,merged
LOC_Os01g07120,LOC_Os01g46380,"motif, motif_CE",merged
LOC_Os01g07120,LOC_Os03g26120,"FunTFBS, motif",merged
LOC_Os01g07120,LOC_Os07g27050,motif,merged
LOC_Os01g07120,LOC_Os01g50140,motif,merged
LOC_Os01g07120,LOC_Os12g31420,motif,merged
LOC_Os01g07120,LOC_Os09g20370,motif,merged
LOC_Os01g07120,LOC_Os03g22610,"FunTFBS, motif",merged
LOC_Os01g07120,LOC_Os09g24480,motif,merged
LOC_Os01g07120,LOC_Os09g19580,motif,merged
LOC_Os01g07120,LOC_Os05g01950,motif,merged
LOC_Os01g07120,LOC_Os08g05930,motif,merged
LOC_Os01g07120,LOC_Os09g17430,motif,merged
LOC_Os01g07120,LOC_Os08g02790,motif,merged
LOC_Os01g07120,LOC_Os07g24370,motif,merged
LOC_Os01g07120,LOC_Os04g12950,motif,merged
LOC_Os01g07120,LOC_Os03g01850,motif,merged
LOC_Os01g07120,LOC_Os05g32120,motif,merged
LOC_Os01g07120,LOC_Os10g21500,motif,merged
LOC_Os01g07120,LOC_Os04g54930,motif_CE,motif_CE
LOC_Os01g07120,LOC_Os01g18410,motif,merged
LOC_Os01g07120,LOC_Os02g51190,motif,merged
LOC_Os01g07120,LOC_Os03g14400,"motif, motif_CE",merged
LOC_Os01g07120,LOC_Os04g39650,"motif, motif_CE",merged
LOC_Os01g07120,LOC_Os03g16440,"FunTFBS, motif, motif_CE",merged
LOC_Os01g07120,LOC_Os08g44450,"motif, motif_CE",merged
LOC_Os01g07120,LOC_Os08g22740,motif,merged
LOC_Os01g07120,LOC_Os02g51850,motif,merged
LOC_Os01g07120,LOC_Os01g14340,FunTFBS,FunTFBS
LOC_Os01g07120,LOC_Os02g55940,motif_CE,motif_CE
LOC_Os01g07120,LOC_Os04g46384,motif_CE,motif_CE
LOC_Os01g07120,LOC_Os03g51700,motif,merged
LOC_Os01g07120,LOC_Os02g18612,motif,merged
LOC_Os01g07120,LOC_Os01g31830,motif,merged
LOC_Os01g07120,LOC_Os05g45060,"motif, motif_CE",merged
LOC_Os01g07120,LOC_Os06g46020,motif,merged
LOC_Os01g07120,LOC_Os07g13360,motif,merged
LOC_Os01g07120,LOC_Os06g43440,motif,merged
LOC_Os01g07120,LOC_Os01g26310,motif,merged
LOC_Os01g07120,LOC_Os12g34380,"motif, motif_CE",merged
LOC_Os01g07120,LOC_Os01g52700,motif,merged
LOC_Os01g07120,LOC_Os04g34650,motif,merged
LOC_Os01g07120,LOC_Os01g55900,"motif, motif_CE",merged
LOC_Os01g07120,LOC_Os03g01330,motif_CE,motif_CE
LOC_Os01g07120,LOC_Os11g39600,motif,merged
LOC_Os01g07120,LOC_Os10g33230,motif,merged
LOC_Os01g07120,LOC_Os06g28290,motif,merged
LOC_Os01g07120,LOC_Os08g18170,motif,merged
LOC_Os01g07120,LOC_Os11g14770,motif,merged
LOC_Os01g07120,LOC_Os12g08820,FunTFBS,FunTFBS
LOC_Os01g07120,LOC_Os02g57990,"motif, motif_CE",merged
LOC_Os01g07120,LOC_Os10g01020,motif,merged
LOC_Os01g07120,LOC_Os02g49810,motif_CE,motif_CE
LOC_Os01g07120,LOC_Os06g28770,motif_CE,motif_CE
LOC_Os01g07120,LOC_Os03g08030,"FunTFBS, motif, motif_CE",merged
LOC_Os01g07120,LOC_Os02g36440,motif,merged
LOC_Os01g07120,LOC_Os01g34520,FunTFBS,FunTFBS
LOC_Os01g07120,LOC_Os02g03930,"FunTFBS, motif, motif_CE",merged
LOC_Os01g07120,LOC_Os07g40750,"motif, motif_CE",merged
LOC_Os01g07120,LOC_Os01g64320,motif,merged
LOC_Os01g07120,LOC_Os06g13000,motif_CE,motif_CE
LOC_Os01g07120,LOC_Os03g38260,motif_CE,motif_CE
LOC_Os01g07120,LOC_Os05g14980,motif,merged
LOC_Os01g07120,LOC_Os04g45950,motif,merged
LOC_Os01g07120,LOC_Os09g32800,motif,merged
LOC_Os01g07120,LOC_Os02g40510,motif,merged
LOC_Os01g07120,LOC_Os07g33330,motif_CE,motif_CE
LOC_Os01g07120,LOC_Os07g09320,motif,merged
LOC_Os01g07120,LOC_Os11g08590,motif,merged
LOC_Os01g07120,LOC_Os07g46039,motif,merged
LOC_Os01g07120,LOC_Os06g21830,motif,merged
LOC_Os01g07120,LOC_Os03g16280,motif,merged
LOC_Os01g07120,LOC_Os09g15550,motif,merged
LOC_Os01g07120,LOC_Os04g14200,"motif, motif_CE",merged
LOC_Os01g07120,LOC_Os01g69940,motif,merged
LOC_Os01g07120,LOC_Os08g39230,motif,merged
LOC_Os01g07120,LOC_Os02g05780,motif_CE,motif_CE
LOC_Os01g07120,LOC_Os12g42360,motif,merged
LOC_Os01g07120,LOC_Os03g19020,"motif, motif_CE",merged
LOC_Os01g07120,LOC_Os01g05800,motif,merged
LOC_Os01g07120,LOC_Os11g32050,motif,merged
LOC_Os01g07120,LOC_Os01g15550,motif,merged
LOC_Os01g07120,LOC_Os04g19920,motif,merged
LOC_Os01g07120,LOC_Os01g37220,FunTFBS,FunTFBS
LOC_Os01g07120,LOC_Os02g53260,FunTFBS,FunTFBS
LOC_Os01g07120,LOC_Os11g19480,"motif, motif_CE",merged
LOC_Os01g07120,LOC_Os12g07890,motif,merged
LOC_Os01g07120,LOC_Os02g07800,motif,merged
LOC_Os01g07120,LOC_Os05g19120,motif,merged
LOC_Os01g07120,LOC_Os08g38640,motif,merged
LOC_Os01g07120,LOC_Os02g24030,"motif, motif_CE",merged
LOC_Os01g07120,LOC_Os02g48280,"motif, motif_CE",merged
LOC_Os01g07120,LOC_Os06g06790,motif,merged
LOC_Os01g07120,LOC_Os06g43840,motif,merged
LOC_Os01g07120,LOC_Os09g07530,motif,merged
LOC_Os01g07120,LOC_Os12g34300,motif,merged
LOC_Os01g07120,LOC_Os01g37832,motif,merged
LOC_Os01g07120,LOC_Os08g35960,motif,merged
LOC_Os01g07120,LOC_Os02g55400,motif,merged
LOC_Os01g07120,LOC_Os07g40520,"motif, motif_CE",merged
LOC_Os01g07120,LOC_Os02g30060,motif,merged
LOC_Os01g07120,LOC_Os08g21250,motif_CE,motif_CE
LOC_Os01g07120,LOC_Os01g49180,FunTFBS,FunTFBS
LOC_Os01g07120,LOC_Os02g15130,"FunTFBS, motif, motif_CE",merged
LOC_Os01g07120,LOC_Os01g67860,motif_CE,motif_CE
LOC_Os01g07120,LOC_Os01g41870,FunTFBS,FunTFBS
LOC_Os01g07120,LOC_Os03g05010,motif,merged
LOC_Os01g07120,LOC_Os11g36740,motif,merged
LOC_Os01g07120,LOC_Os02g22540,FunTFBS,FunTFBS
LOC_Os01g07120,LOC_Os06g36160,"motif, motif_CE",merged
LOC_Os01g07120,LOC_Os03g04940,"motif, motif_CE",merged
LOC_Os01g07120,LOC_Os07g01330,motif,merged
LOC_Os01g07120,LOC_Os12g05394,FunTFBS,FunTFBS
LOC_Os01g07120,LOC_Os09g29350,FunTFBS,FunTFBS
LOC_Os01g07120,LOC_Os08g03820,motif,merged
LOC_Os01g07120,LOC_Os01g58650,motif,merged
LOC_Os01g07120,LOC_Os12g08720,motif_CE,motif_CE
LOC_Os01g07120,LOC_Os10g08550,motif,merged
LOC_Os01g07120,LOC_Os07g35990,motif,merged
LOC_Os01g07120,LOC_Os09g32710,motif,merged
LOC_Os01g07120,LOC_Os01g63790,motif_CE,motif_CE
LOC_Os01g07120,LOC_Os02g04230,motif,merged
LOC_Os01g07120,LOC_Os11g05300,motif,merged
LOC_Os01g07120,LOC_Os03g22070,motif,merged
LOC_Os01g07120,LOC_Os08g44740,motif,merged
LOC_Os01g07120,LOC_Os11g28910,motif,merged
LOC_Os01g07120,LOC_Os08g44190,motif,merged
LOC_Os01g07120,LOC_Os07g12830,"motif, motif_CE",merged
LOC_Os01g07120,LOC_Os12g05890,motif_CE,motif_CE
LOC_Os01g07120,LOC_Os12g36030,motif,merged
LOC_Os01g07120,LOC_Os04g30810,motif,merged
LOC_Os01g07120,LOC_Os01g48260,motif,merged
LOC_Os01g07120,LOC_Os07g01920,"motif, motif_CE",merged
LOC_Os01g07120,LOC_Os05g48270,motif,merged
LOC_Os01g07120,LOC_Os10g35424,motif,merged
LOC_Os01g07120,LOC_Os12g16610,motif,merged
LOC_Os01g07120,LOC_Os06g30020,motif_CE,motif_CE
LOC_Os01g07120,LOC_Os01g36090,motif,merged
LOC_Os01g07120,LOC_Os05g27200,motif,merged
LOC_Os01g07120,LOC_Os04g04780,motif,merged
LOC_Os01g07120,LOC_Os02g05260,motif,merged
LOC_Os01g07120,LOC_Os01g69980,motif_CE,motif_CE
LOC_Os01g07120,LOC_Os09g12500,motif_CE,motif_CE
LOC_Os01g07120,LOC_Os12g38610,"motif, motif_CE",merged
LOC_Os01g07120,LOC_Os08g25700,motif,merged
LOC_Os01g07120,LOC_Os03g60380,motif,merged
LOC_Os01g07120,LOC_Os10g22830,motif,merged
LOC_Os01g07120,LOC_Os11g32280,motif_CE,motif_CE
LOC_Os01g07120,LOC_Os04g18830,motif,merged
LOC_Os01g07120,LOC_Os05g11700,motif,merged
LOC_Os01g07120,LOC_Os02g56950,"motif, motif_CE",merged
LOC_Os01g07120,LOC_Os12g07200,"FunTFBS, motif",merged
LOC_Os01g07120,LOC_Os04g44390,motif,merged
LOC_Os01g07120,LOC_Os03g26791,motif_CE,motif_CE
LOC_Os01g07120,LOC_Os03g33990,motif,merged
LOC_Os01g07120,LOC_Os08g34910,"motif, motif_CE",merged
LOC_Os01g07120,LOC_Os06g39830,motif,merged
LOC_Os01g07120,LOC_Os03g12815,motif,merged
LOC_Os01g07120,LOC_Os02g53110,motif_CE,motif_CE
LOC_Os01g07120,LOC_Os02g04970,"motif, motif_CE",merged
LOC_Os01g07120,LOC_Os07g39320,motif_CE,motif_CE
LOC_Os01g07120,LOC_Os02g21500,motif,merged
LOC_Os01g07120,LOC_Os04g58440,motif,merged
LOC_Os01g07120,LOC_Os06g09290,motif,merged
LOC_Os01g07120,LOC_Os02g55940,"motif, motif_CE",merged
LOC_Os01g07120,LOC_Os03g13760,motif_CE,motif_CE
LOC_Os01g07120,LOC_Os04g46384,"motif, motif_CE",merged
LOC_Os01g07120,LOC_Os02g39460,motif,merged
LOC_Os01g07120,LOC_Os12g19130,motif,merged
LOC_Os01g07120,LOC_Os02g49992,"motif, motif_CE",merged
LOC_Os01g07120,LOC_Os06g43540,motif,merged
LOC_Os01g07120,ChrSy.fgenesh.gene.69,motif,merged
LOC_Os01g07120,LOC_Os08g03420,"motif, motif_CE",merged
LOC_Os01g07120,LOC_Os03g18410,motif_CE,motif_CE
LOC_Os01g07120,LOC_Os10g38860,FunTFBS,FunTFBS
LOC_Os01g07120,LOC_Os12g41310,motif,merged
LOC_Os01g07120,LOC_Os05g31760,motif,merged
LOC_Os01g07120,LOC_Os02g02390,motif_CE,motif_CE
LOC_Os01g07120,LOC_Os10g26670,"motif, motif_CE",merged
LOC_Os01g07120,LOC_Os07g46240,motif,merged
LOC_Os01g07120,LOC_Os02g47230,motif,merged
LOC_Os01g07120,LOC_Os11g17480,motif,merged
LOC_Os01g07120,LOC_Os09g27850,motif_CE,motif_CE
LOC_Os01g07120,LOC_Os01g08600,motif,merged
LOC_Os01g07120,LOC_Os02g48122,"motif, motif_CE",merged
LOC_Os01g07120,LOC_Os07g39100,motif,merged
LOC_Os01g07120,LOC_Os02g49810,"motif, motif_CE",merged
LOC_Os01g07120,LOC_Os07g35060,motif,merged
LOC_Os01g07120,LOC_Os02g56980,"FunTFBS, motif, motif_CE",merged
LOC_Os01g07120,LOC_Os11g14990,"FunTFBS, motif",merged
LOC_Os01g07120,LOC_Os12g39860,motif,merged
LOC_Os01g07120,LOC_Os07g32390,motif,merged
LOC_Os01g07120,LOC_Os03g30280,motif,merged
LOC_Os01g07120,LOC_Os12g09290,motif_CE,motif_CE
LOC_Os01g07120,LOC_Os03g38260,"motif, motif_CE",merged
LOC_Os01g07120,LOC_Os04g46770,motif_CE,motif_CE
LOC_Os01g07120,LOC_Os08g03060,motif,merged
LOC_Os01g07120,LOC_Os07g44410,"motif, motif_CE",merged
LOC_Os01g07120,LOC_Os02g42210,motif_CE,motif_CE
LOC_Os01g07120,LOC_Os04g52614,motif,merged
LOC_Os01g07120,LOC_Os11g07900,motif,merged
LOC_Os01g07120,LOC_Os03g39390,motif,merged
LOC_Os01g07120,LOC_Os12g13110,motif,merged
LOC_Os01g07120,LOC_Os02g09900,motif,merged
LOC_Os01g07120,LOC_Os03g61930,motif,merged
LOC_Os01g07120,LOC_Os02g51680,motif,merged
LOC_Os01g07120,LOC_Os01g55250,motif,merged
LOC_Os01g07120,LOC_Os09g14890,motif,merged
LOC_Os01g07120,LOC_Os03g01970,FunTFBS,FunTFBS
LOC_Os01g07120,LOC_Os04g13190,motif,merged
LOC_Os01g07120,LOC_Os04g21610,motif_CE,motif_CE
LOC_Os01g07120,LOC_Os04g52090,motif_CE,motif_CE
LOC_Os01g07120,LOC_Os05g04310,motif,merged
LOC_Os01g07120,LOC_Os04g37690,"motif, motif_CE",merged
LOC_Os01g07120,LOC_Os12g30730,FunTFBS,FunTFBS
LOC_Os01g07120,LOC_Os12g01950,"motif, motif_CE",merged
LOC_Os01g07120,LOC_Os04g02400,motif,merged
LOC_Os01g07120,LOC_Os06g50010,motif,merged
LOC_Os01g07120,LOC_Os04g31310,motif,merged
LOC_Os01g07120,LOC_Os06g20420,motif,merged
LOC_Os01g07120,LOC_Os10g22380,motif,merged
LOC_Os01g07120,LOC_Os12g32284,"motif, motif_CE",merged
LOC_Os01g07120,LOC_Os02g32930,motif_CE,motif_CE
LOC_Os01g07120,LOC_Os11g43280,motif,merged
LOC_Os01g07120,LOC_Os05g34810,"FunTFBS, motif",merged
LOC_Os01g07120,LOC_Os08g21250,"motif, motif_CE",merged
LOC_Os01g07120,LOC_Os11g03130,"FunTFBS, motif, motif_CE",merged
LOC_Os01g07120,LOC_Os01g16920,motif,merged
LOC_Os01g07120,LOC_Os06g01920,motif,merged
LOC_Os01g07120,LOC_Os03g30870,motif_CE,motif_CE
LOC_Os01g07120,LOC_Os11g36910,motif,merged
LOC_Os01g07120,LOC_Os11g34240,motif,merged
LOC_Os01g07120,LOC_Os02g03460,motif,merged
LOC_Os01g07120,LOC_Os05g26610,motif,merged
LOC_Os01g07120,LOC_Os07g29580,"FunTFBS, motif",merged
LOC_Os01g07120,LOC_Os04g30820,motif,merged
LOC_Os01g07120,LOC_Os07g09190,motif,merged
LOC_Os01g07120,LOC_Os12g36770,motif,merged
LOC_Os01g07120,LOC_Os06g01650,motif,merged
LOC_Os01g07120,LOC_Os10g09240,motif_CE,motif_CE
LOC_Os01g07120,LOC_Os11g08090,motif,merged
LOC_Os01g07120,LOC_Os05g18840,motif,merged
LOC_Os01g07120,LOC_Os08g09320,motif_CE,motif_CE
LOC_Os01g07120,LOC_Os12g31810,motif,merged
LOC_Os01g07120,LOC_Os08g08950,motif,merged
LOC_Os01g07120,LOC_Os07g17230,motif,merged
LOC_Os01g07120,LOC_Os06g35670,motif,merged
LOC_Os01g07120,LOC_Os02g44250,motif,merged
LOC_Os01g07120,LOC_Os07g46150,motif_CE,motif_CE
LOC_Os01g07120,LOC_Os01g54340,motif_CE,motif_CE
LOC_Os01g07120,LOC_Os02g32250,motif,merged
LOC_Os01g07120,LOC_Os06g09060,motif,merged
LOC_Os01g07120,LOC_Os09g29490,motif,merged
LOC_Os01g07120,LOC_Os06g01810,"FunTFBS, motif, motif_CE",merged
LOC_Os01g07120,LOC_Os02g37760,FunTFBS,FunTFBS
LOC_Os01g07120,LOC_Os09g07390,motif_CE,motif_CE
LOC_Os01g07120,LOC_Os06g30020,"motif, motif_CE",merged
LOC_Os01g07120,LOC_Os07g45250,motif,merged
LOC_Os01g07120,LOC_Os01g32420,motif,merged
LOC_Os01g07120,LOC_Os01g69980,"motif, motif_CE",merged
LOC_Os01g07120,LOC_Os03g06220,motif,merged
LOC_Os01g07120,LOC_Os06g10690,motif,merged
LOC_Os01g07120,LOC_Os11g01890,motif_CE,motif_CE
LOC_Os01g07120,LOC_Os06g36700,motif,merged
LOC_Os01g07120,LOC_Os06g14700,motif,merged
LOC_Os01g07120,LOC_Os04g57680,motif,merged
LOC_Os01g07120,LOC_Os08g01650,motif,merged
LOC_Os01g07120,LOC_Os01g04790,FunTFBS,FunTFBS
LOC_Os01g07120,LOC_Os12g32210,"FunTFBS, motif",merged
LOC_Os01g07120,LOC_Os01g42420,motif,merged
LOC_Os01g07120,LOC_Os02g49180,motif,merged
LOC_Os01g07120,LOC_Os11g27480,motif,merged
LOC_Os01g07120,LOC_Os01g02320,motif,merged
LOC_Os01g07120,LOC_Os02g53110,"motif, motif_CE",merged
LOC_Os01g07120,LOC_Os04g54930,"motif, motif_CE",merged
LOC_Os01g07120,LOC_Os12g21798,"FunTFBS, motif, motif_CE",merged
LOC_Os01g07120,LOC_Os06g44980,motif_CE,motif_CE
LOC_Os01g07120,LOC_Os08g09360,motif,merged
LOC_Os01g07120,LOC_Os05g49310,motif,merged
LOC_Os01g07120,LOC_Os04g53620,"motif, motif_CE",merged
LOC_Os01g07120,LOC_Os02g25760,motif,merged
LOC_Os01g07120,LOC_Os03g18410,"motif, motif_CE",merged
LOC_Os01g07120,LOC_Os01g73540,motif,merged
LOC_Os01g07120,LOC_Os01g22650,motif,merged
LOC_Os01g07120,LOC_Os07g39070,motif,merged
LOC_Os01g07120,LOC_Os02g22300,motif,merged
LOC_Os01g07120,LOC_Os05g40300,motif_CE,motif_CE
LOC_Os01g07120,LOC_Os01g62810,motif,merged
LOC_Os01g07120,LOC_Os07g48480,motif,merged
LOC_Os01g07120,LOC_Os02g13180,motif,merged
LOC_Os01g07120,LOC_Os10g39744,motif,merged
LOC_Os01g07120,LOC_Os04g23180,"motif, motif_CE",merged
LOC_Os01g07120,LOC_Os02g14230,motif,merged
LOC_Os01g07120,LOC_Os04g46370,"motif, motif_CE",merged
LOC_Os01g07120,LOC_Os10g10960,motif,merged
LOC_Os01g07120,LOC_Os02g22630,motif,merged
LOC_Os01g07120,LOC_Os12g43590,"motif, motif_CE",merged
LOC_Os01g07120,LOC_Os09g21780,"FunTFBS, motif, motif_CE",merged
LOC_Os01g07120,LOC_Os08g17490,motif,merged
LOC_Os01g07120,LOC_Os02g38480,"motif, motif_CE",merged
LOC_Os01g07120,LOC_Os10g33710,motif,merged
LOC_Os01g07120,LOC_Os02g48360,"motif, motif_CE",merged
LOC_Os01g07120,LOC_Os12g10650,motif,merged
LOC_Os01g07120,LOC_Os09g27980,motif_CE,motif_CE
LOC_Os01g07120,LOC_Os07g03288,motif,merged
LOC_Os01g07120,LOC_Os04g16850,motif,merged
LOC_Os01g07120,LOC_Os09g34910,"FunTFBS, motif",merged
LOC_Os01g07120,LOC_Os09g36510,FunTFBS,FunTFBS
LOC_Os01g07120,LOC_Os04g31240,motif,merged
LOC_Os01g07120,LOC_Os02g30410,motif,merged
LOC_Os01g07120,LOC_Os09g10250,FunTFBS,FunTFBS
LOC_Os01g07120,LOC_Os03g20170,motif,merged
LOC_Os01g07120,LOC_Os09g20550,motif,merged
LOC_Os01g07120,LOC_Os08g02390,motif_CE,motif_CE
LOC_Os01g07120,LOC_Os07g27680,motif,merged
LOC_Os01g07120,LOC_Os01g71660,"FunTFBS, motif, motif_CE",merged
LOC_Os01g07120,LOC_Os06g14710,motif,merged
LOC_Os01g07120,LOC_Os10g12120,motif_CE,motif_CE
LOC_Os01g07120,LOC_Os06g51240,motif,merged
LOC_Os01g07120,LOC_Os11g43740,"FunTFBS, motif, motif_CE",merged
LOC_Os01g07120,LOC_Os07g32900,motif_CE,motif_CE
LOC_Os01g07120,LOC_Os10g10140,FunTFBS,FunTFBS
LOC_Os01g07120,LOC_Os03g06250,motif,merged
LOC_Os01g07120,LOC_Os08g06190,motif,merged
LOC_Os01g07120,LOC_Os08g25040,motif,merged
LOC_Os01g07120,LOC_Os09g09210,"motif, motif_CE",merged
LOC_Os01g07120,LOC_Os10g39980,"motif, motif_CE",merged
LOC_Os01g07120,LOC_Os06g34630,motif,merged
LOC_Os01g07120,LOC_Os09g09760,motif,merged
LOC_Os01g07120,LOC_Os02g07070,motif,merged
LOC_Os01g07120,LOC_Os02g13770,motif_CE,motif_CE
LOC_Os01g07120,LOC_Os06g50110,motif,merged
LOC_Os01g07120,LOC_Os07g43510,motif,merged
LOC_Os01g07120,LOC_Os03g12870,motif,merged
LOC_Os01g07120,LOC_Os02g35690,motif,merged
LOC_Os01g07120,LOC_Os03g59950,motif,merged
LOC_Os01g07120,LOC_Os10g30870,motif_CE,motif_CE
LOC_Os01g07120,LOC_Os06g42220,motif,merged
LOC_Os01g07120,LOC_Os02g12850,motif_CE,motif_CE
LOC_Os01g07120,LOC_Os04g54100,motif,merged
LOC_Os01g07120,LOC_Os07g02910,motif,merged
LOC_Os01g07120,LOC_Os08g45130,motif_CE,motif_CE
LOC_Os01g07120,LOC_Os09g39754,motif_CE,motif_CE
LOC_Os01g07120,LOC_Os05g01860,FunTFBS,FunTFBS
LOC_Os01g07120,LOC_Os02g56320,motif,merged
LOC_Os01g07120,LOC_Os08g02430,motif,merged
LOC_Os01g07120,LOC_Os06g16710,motif,merged
LOC_Os01g07120,LOC_Os07g37490,motif,merged
LOC_Os01g07120,LOC_Os01g40680,motif,merged
LOC_Os01g07120,LOC_Os08g31649,FunTFBS,FunTFBS
LOC_Os01g07120,LOC_Os05g23450,"FunTFBS, motif",merged
LOC_Os01g07120,LOC_Os05g05920,motif,merged
LOC_Os01g07120,LOC_Os01g14440,motif_CE,motif_CE
LOC_Os01g07120,LOC_Os06g13830,motif,merged
LOC_Os01g07120,LOC_Os02g32930,"motif, motif_CE",merged
LOC_Os01g07120,LOC_Os09g07440,motif,merged
LOC_Os01g07120,LOC_Os05g04220,FunTFBS,FunTFBS
LOC_Os01g07120,LOC_Os08g08655,motif,merged
LOC_Os01g07120,LOC_Os11g34010,"FunTFBS, motif",merged
LOC_Os01g07120,LOC_Os05g03510,FunTFBS,FunTFBS
LOC_Os01g07120,LOC_Os07g49180,motif,merged
LOC_Os01g07120,LOC_Os03g07840,"FunTFBS, motif, motif_CE",merged
LOC_Os01g07120,LOC_Os05g03620,motif_CE,motif_CE
LOC_Os01g07120,LOC_Os08g05330,motif,merged
LOC_Os01g07120,LOC_Os12g28420,motif,merged
LOC_Os01g07120,LOC_Os01g67860,"motif, motif_CE",merged
LOC_Os01g07120,LOC_Os07g06660,motif,merged
LOC_Os01g07120,LOC_Os11g39670,motif_CE,motif_CE
LOC_Os01g07120,LOC_Os10g04010,motif,merged
LOC_Os01g07120,LOC_Os12g31480,motif_CE,motif_CE
LOC_Os01g07120,LOC_Os03g19650,motif,merged
LOC_Os01g07120,LOC_Os06g37630,motif,merged
LOC_Os01g07120,LOC_Os09g20870,motif,merged
LOC_Os01g07120,LOC_Os03g16030,motif,merged
LOC_Os01g07120,LOC_Os11g10480,motif,merged
LOC_Os01g07120,LOC_Os12g07830,motif_CE,motif_CE
LOC_Os01g07120,LOC_Os11g25290,FunTFBS,FunTFBS
LOC_Os01g07120,LOC_Os01g57510,motif,merged
LOC_Os01g07120,LOC_Os08g34190,motif,merged
LOC_Os01g07120,LOC_Os12g03580,motif,merged
LOC_Os01g07120,LOC_Os05g40050,motif,merged
LOC_Os01g07120,LOC_Os01g64970,motif_CE,motif_CE
LOC_Os01g07120,LOC_Os10g41000,motif,merged
LOC_Os01g07120,LOC_Os02g03260,motif,merged
LOC_Os01g07120,LOC_Os07g34360,"FunTFBS, motif, motif_CE",merged
LOC_Os01g07120,LOC_Os12g02550,motif_CE,motif_CE
LOC_Os01g07120,LOC_Os02g28600,motif,merged
LOC_Os01g07120,LOC_Os01g59750,motif,merged
LOC_Os01g07120,LOC_Os07g07040,motif,merged
LOC_Os01g07120,LOC_Os05g05730,"FunTFBS, motif, motif_CE",merged
LOC_Os01g07120,LOC_Os10g10310,FunTFBS,FunTFBS
LOC_Os01g07120,LOC_Os09g07390,"motif, motif_CE",merged
LOC_Os01g07120,LOC_Os03g55930,motif_CE,motif_CE
LOC_Os01g07120,LOC_Os10g18400,motif,merged
LOC_Os01g07120,LOC_Os01g64540,motif,merged
LOC_Os01g07120,LOC_Os10g42230,motif,merged
LOC_Os01g07120,LOC_Os12g15510,motif,merged
LOC_Os01g07120,LOC_Os02g07450,"motif, motif_CE",merged
LOC_Os01g07120,LOC_Os01g70110,motif,merged
LOC_Os01g07120,LOC_Os10g37410,motif_CE,motif_CE
LOC_Os01g07120,LOC_Os05g03370,motif,merged
LOC_Os01g07120,LOC_Os07g34230,motif,merged
LOC_Os01g07120,LOC_Os05g44970,motif,merged
LOC_Os01g07120,LOC_Os11g42450,FunTFBS,FunTFBS
LOC_Os01g07120,LOC_Os05g20820,FunTFBS,FunTFBS
LOC_Os01g07120,LOC_Os03g12750,"FunTFBS, motif",merged
LOC_Os01g07120,LOC_Os04g57370,motif_CE,motif_CE
LOC_Os01g07120,LOC_Os12g14080,motif,merged
LOC_Os01g07120,LOC_Os02g17990,motif_CE,motif_CE
LOC_Os01g07120,LOC_Os02g13530,motif,merged
LOC_Os01g07120,LOC_Os09g11130,motif,merged
LOC_Os01g07120,LOC_Os07g18560,motif,merged
LOC_Os01g07120,LOC_Os06g22370,motif,merged
LOC_Os01g07120,LOC_Os07g07820,motif,merged
LOC_Os01g07120,LOC_Os03g26791,"motif, motif_CE",merged
LOC_Os01g07120,LOC_Os01g38310,motif,merged
LOC_Os01g07120,LOC_Os03g49360,motif,merged
LOC_Os01g07120,LOC_Os11g19140,motif,merged
LOC_Os01g07120,LOC_Os03g22740,motif_CE,motif_CE
LOC_Os01g07120,LOC_Os12g16570,motif,merged
LOC_Os01g07120,LOC_Os10g28094,FunTFBS,FunTFBS
LOC_Os01g07120,LOC_Os03g24844,motif,merged
LOC_Os01g07120,LOC_Os02g32690,motif,merged
LOC_Os01g07120,LOC_Os11g22020,motif,merged
LOC_Os01g07120,LOC_Os03g13760,"motif, motif_CE",merged
LOC_Os01g07120,LOC_Os01g52400,motif,merged
LOC_Os01g07120,LOC_Os09g16710,motif,merged
LOC_Os01g07120,LOC_Os04g13890,motif,merged
LOC_Os01g07120,LOC_Os05g32070,motif_CE,motif_CE
LOC_Os01g07120,LOC_Os08g41320,"FunTFBS, motif",merged
LOC_Os01g07120,LOC_Os05g40300,"motif, motif_CE",merged
LOC_Os01g07120,LOC_Os12g22680,motif,merged
LOC_Os01g07120,LOC_Os12g42930,motif,merged
LOC_Os01g07120,LOC_Os05g36380,motif,merged
LOC_Os01g07120,LOC_Os11g02830,motif,merged
LOC_Os01g07120,LOC_Os06g49980,motif,merged
LOC_Os01g07120,LOC_Os03g12230,motif,merged
LOC_Os01g07120,LOC_Os07g25210,motif,merged
LOC_Os01g07120,LOC_Os05g26320,motif,merged
LOC_Os01g07120,LOC_Os08g25820,motif,merged
LOC_Os01g07120,LOC_Os09g27850,"motif, motif_CE",merged
LOC_Os01g07120,LOC_Os02g30750,motif,merged
LOC_Os01g07120,LOC_Os02g35590,motif_CE,motif_CE
LOC_Os01g07120,LOC_Os10g05550,motif,merged
LOC_Os01g07120,LOC_Os11g01180,"motif, motif_CE",merged
LOC_Os01g07120,LOC_Os10g37710,motif,merged
LOC_Os01g07120,LOC_Os05g14034,motif,merged
LOC_Os01g07120,LOC_Os07g34090,motif,merged
LOC_Os01g07120,LOC_Os01g52450,motif,merged
LOC_Os01g07120,LOC_Os12g25950,motif,merged
LOC_Os01g07120,LOC_Os07g09330,motif,merged
LOC_Os01g07120,LOC_Os01g50560,motif,merged
LOC_Os01g07120,LOC_Os01g45130,motif,merged
LOC_Os01g07120,LOC_Os02g37030,motif,merged
LOC_Os01g07120,LOC_Os08g21360,motif,merged
LOC_Os01g07120,LOC_Os10g12120,"motif, motif_CE",merged
LOC_Os01g07120,LOC_Os02g47140,motif_CE,motif_CE
LOC_Os01g07120,LOC_Os04g35730,motif,merged
LOC_Os01g07120,LOC_Os02g21160,motif,merged
LOC_Os01g07120,LOC_Os02g53680,motif,merged
LOC_Os01g07120,LOC_Os07g32900,"motif, motif_CE",merged
LOC_Os01g07120,LOC_Os09g34214,motif_CE,motif_CE
LOC_Os01g07120,LOC_Os04g13130,motif,merged
LOC_Os01g07120,LOC_Os10g33240,motif,merged
LOC_Os01g07120,LOC_Os03g62180,motif,merged
LOC_Os01g07120,LOC_Os10g04890,motif,merged
LOC_Os01g07120,LOC_Os08g31820,motif,merged
LOC_Os01g07120,LOC_Os04g43080,motif,merged
LOC_Os01g07120,LOC_Os07g47570,"motif, motif_CE",merged
LOC_Os01g07120,LOC_Os03g56234,motif,merged
LOC_Os01g07120,LOC_Os04g10650,motif,merged
LOC_Os01g07120,LOC_Os11g36930,motif,merged
LOC_Os01g07120,LOC_Os01g05460,motif,merged
LOC_Os01g07120,LOC_Os02g18420,"FunTFBS, motif",merged
LOC_Os01g07120,LOC_Os02g19020,motif,merged
LOC_Os01g07120,LOC_Os09g15970,motif,merged
LOC_Os01g07120,LOC_Os03g37940,motif,merged
LOC_Os01g07120,LOC_Os02g56930,motif,merged
LOC_Os01g07120,LOC_Os08g15920,motif,merged
LOC_Os01g07120,LOC_Os01g22390,motif,merged
LOC_Os01g07120,LOC_Os07g10120,motif,merged
LOC_Os01g07120,LOC_Os01g50730,FunTFBS,FunTFBS
LOC_Os01g07120,LOC_Os04g58600,"motif, motif_CE",merged
LOC_Os01g07120,LOC_Os10g26100,motif,merged
LOC_Os01g07120,LOC_Os04g21600,motif,merged
LOC_Os01g07120,LOC_Os01g40640,motif_CE,motif_CE
LOC_Os01g07120,LOC_Os03g59310,"motif, motif_CE",merged
LOC_Os01g07120,LOC_Os11g39670,"motif, motif_CE",merged
LOC_Os01g07120,LOC_Os03g37120,motif,merged
LOC_Os01g07120,LOC_Os07g10370,FunTFBS,FunTFBS
LOC_Os01g07120,LOC_Os04g59040,motif,merged
LOC_Os01g07120,LOC_Os04g19850,motif_CE,motif_CE
LOC_Os01g07120,LOC_Os01g64970,"motif, motif_CE",merged
LOC_Os01g07120,LOC_Os12g03304,motif,merged
LOC_Os01g07120,LOC_Os12g31800,motif,merged
LOC_Os01g07120,LOC_Os10g40530,motif,merged
LOC_Os01g07120,LOC_Os10g20630,motif_CE,motif_CE
LOC_Os01g07120,LOC_Os08g40180,motif,merged
LOC_Os01g07120,LOC_Os03g01790,motif,merged
LOC_Os01g07120,LOC_Os10g02276,motif,merged
LOC_Os01g07120,LOC_Os08g16050,motif,merged
LOC_Os01g07120,LOC_Os08g31550,FunTFBS,FunTFBS
LOC_Os01g07120,LOC_Os06g20050,FunTFBS,FunTFBS
LOC_Os01g07120,LOC_Os01g11190,motif,merged
LOC_Os01g07120,LOC_Os02g32220,motif,merged
LOC_Os01g07120,LOC_Os03g55930,"motif, motif_CE",merged
LOC_Os01g07120,LOC_Os01g14932,motif_CE,motif_CE
LOC_Os01g07120,LOC_Os06g13050,motif,merged
LOC_Os01g07120,LOC_Os04g02670,motif_CE,motif_CE
LOC_Os01g07120,LOC_Os08g38900,motif_CE,motif_CE
LOC_Os01g07120,LOC_Os02g17610,motif,merged
LOC_Os01g07120,LOC_Os01g10180,"FunTFBS, motif",merged
LOC_Os01g07120,LOC_Os10g37410,"motif, motif_CE",merged
LOC_Os01g07120,LOC_Os01g48380,"motif, motif_CE",merged
LOC_Os01g07120,LOC_Os05g24000,motif,merged
LOC_Os01g07120,LOC_Os11g39460,motif,merged
LOC_Os01g07120,LOC_Os03g02260,motif,merged
LOC_Os01g07120,LOC_Os04g02450,motif,merged
LOC_Os01g07120,LOC_Os08g25624,motif,merged
LOC_Os01g07120,LOC_Os05g40900,motif,merged
LOC_Os01g07120,LOC_Os01g16430,motif,merged
LOC_Os01g07120,LOC_Os03g38150,motif,merged
LOC_Os01g07120,LOC_Os08g31480,motif,merged
LOC_Os01g07120,LOC_Os04g45810,motif_CE,motif_CE
LOC_Os01g07120,LOC_Os05g50930,motif_CE,motif_CE
LOC_Os01g07120,LOC_Os02g21040,motif,merged
LOC_Os01g07120,LOC_Os07g05210,"motif, motif_CE",merged
LOC_Os01g07120,LOC_Os05g31920,motif,merged
LOC_Os01g07120,LOC_Os08g22660,motif,merged
LOC_Os01g07120,LOC_Os01g66240,motif_CE,motif_CE
LOC_Os01g07120,LOC_Os04g09710,motif,merged
LOC_Os01g07120,LOC_Os05g18720,motif,merged
LOC_Os01g07120,LOC_Os02g16160,motif,merged
LOC_Os01g07120,LOC_Os06g44980,"motif, motif_CE",merged
LOC_Os01g07120,LOC_Os01g06240,motif,merged
LOC_Os01g07120,LOC_Os01g48810,"motif, motif_CE",merged
LOC_Os01g07120,LOC_Os08g17130,motif,merged
LOC_Os01g07120,LOC_Os10g33820,motif,merged
LOC_Os01g07120,LOC_Os12g07790,motif,merged
LOC_Os01g07120,LOC_Os12g04520,motif_CE,motif_CE
LOC_Os01g07120,LOC_Os05g37340,motif_CE,motif_CE
LOC_Os01g07120,LOC_Os03g21310,"FunTFBS, motif",merged
LOC_Os01g07120,LOC_Os07g04530,motif_CE,motif_CE
LOC_Os01g07120,LOC_Os11g28104,motif,merged
LOC_Os01g07120,LOC_Os01g47630,motif_CE,motif_CE
LOC_Os01g07120,LOC_Os11g38410,motif,merged
LOC_Os01g07120,LOC_Os01g18375,motif,merged
LOC_Os01g07120,LOC_Os04g30780,motif_CE,motif_CE
LOC_Os01g07120,LOC_Os03g26080,motif_CE,motif_CE
LOC_Os01g07120,LOC_Os05g18150,motif,merged
LOC_Os01g07120,LOC_Os04g19590,motif,merged
LOC_Os01g07120,LOC_Os10g07114,motif,merged
LOC_Os01g07120,LOC_Os03g16110,"motif, motif_CE",merged
LOC_Os01g07120,LOC_Os04g45910,"FunTFBS, motif, motif_CE",merged
LOC_Os01g07120,LOC_Os08g08205,motif,merged
LOC_Os01g07120,LOC_Os05g01960,motif,merged
LOC_Os01g07120,LOC_Os07g45290,"FunTFBS, motif",merged
LOC_Os01g07120,LOC_Os02g34730,"motif, motif_CE",merged
LOC_Os01g07120,LOC_Os09g27980,"motif, motif_CE",merged
LOC_Os01g07120,LOC_Os10g05000,"motif, motif_CE",merged
LOC_Os01g07120,LOC_Os03g53890,motif,merged
LOC_Os01g07120,LOC_Os05g49130,motif_CE,motif_CE
LOC_Os01g07120,LOC_Os08g43160,motif_CE,motif_CE
LOC_Os01g07120,LOC_Os03g42140,motif,merged
LOC_Os01g07120,LOC_Os11g02810,motif,merged
LOC_Os01g07120,LOC_Os12g32230,motif,merged
LOC_Os01g07120,LOC_Os08g34640,motif_CE,motif_CE
LOC_Os01g07120,LOC_Os09g27380,motif,merged
LOC_Os01g07120,LOC_Os03g29584,motif,merged
LOC_Os01g07120,LOC_Os04g02610,motif,merged
LOC_Os01g07120,LOC_Os07g35130,motif,merged
LOC_Os01g07120,LOC_Os02g19010,motif,merged
LOC_Os01g07120,LOC_Os07g06610,motif_CE,motif_CE
LOC_Os01g07120,LOC_Os02g37150,motif,merged
LOC_Os01g07120,LOC_Os10g31280,motif,merged
LOC_Os01g07120,LOC_Os05g08110,motif,merged
LOC_Os01g07120,LOC_Os01g45800,motif,merged
LOC_Os01g07120,LOC_Os05g38360,motif,merged
LOC_Os01g07120,LOC_Os04g05080,motif,merged
LOC_Os01g07120,LOC_Os04g16468,motif,merged
LOC_Os01g07120,LOC_Os05g07050,motif_CE,motif_CE
LOC_Os01g07120,LOC_Os01g46470,motif,merged
LOC_Os01g07120,LOC_Os08g25060,motif,merged
LOC_Os01g07120,LOC_Os03g38990,motif_CE,motif_CE
LOC_Os01g07120,LOC_Os11g05980,motif_CE,motif_CE
LOC_Os01g07120,LOC_Os02g27720,motif,merged
LOC_Os01g07120,LOC_Os02g42270,motif,merged
LOC_Os01g07120,LOC_Os08g11810,motif,merged
LOC_Os01g07120,LOC_Os12g35570,motif,merged
LOC_Os01g07120,LOC_Os08g01930,motif_CE,motif_CE
LOC_Os01g07120,LOC_Os07g25980,motif,merged
LOC_Os01g07120,LOC_Os02g12850,"motif, motif_CE",merged
LOC_Os01g07120,LOC_Os12g07650,motif,merged
LOC_Os01g07120,LOC_Os01g38510,motif_CE,motif_CE
LOC_Os01g07120,LOC_Os07g44640,motif_CE,motif_CE
LOC_Os01g07120,LOC_Os12g08120,motif,merged
LOC_Os01g07120,LOC_Os02g32660,motif,merged
LOC_Os01g07120,LOC_Os09g39754,"motif, motif_CE",merged
LOC_Os01g07120,LOC_Os03g44560,motif,merged
LOC_Os01g07120,LOC_Os10g32300,motif_CE,motif_CE
LOC_Os01g07120,LOC_Os02g36200,motif,merged
LOC_Os01g07120,LOC_Os05g17390,motif,merged
LOC_Os01g07120,LOC_Os04g38930,motif_CE,motif_CE
LOC_Os01g07120,LOC_Os10g40400,motif,merged
LOC_Os01g07120,LOC_Os07g18290,motif,merged
LOC_Os01g07120,LOC_Os05g38860,motif_CE,motif_CE
LOC_Os01g07120,LOC_Os06g49100,motif,merged
LOC_Os01g07120,LOC_Os01g33360,motif,merged
LOC_Os01g07120,LOC_Os01g05330,motif,merged
LOC_Os01g07120,LOC_Os01g10240,motif_CE,motif_CE
LOC_Os01g07120,LOC_Os07g38850,motif_CE,motif_CE
LOC_Os01g07120,LOC_Os12g32410,motif,merged
LOC_Os01g07120,LOC_Os03g04040,motif,merged
LOC_Os01g07120,LOC_Os02g16290,motif,merged
LOC_Os01g07120,LOC_Os02g36250,motif,merged
LOC_Os01g07120,LOC_Os09g23740,motif,merged
LOC_Os01g07120,LOC_Os05g41440,FunTFBS,FunTFBS
LOC_Os01g07120,LOC_Os07g31410,"FunTFBS, motif",merged
LOC_Os01g07120,LOC_Os03g46310,motif_CE,motif_CE
LOC_Os01g07120,LOC_Os01g11970,motif,merged
LOC_Os01g07120,LOC_Os01g40640,"motif, motif_CE",merged
LOC_Os01g07120,LOC_Os04g07750,motif,merged
LOC_Os01g07120,LOC_Os09g15620,motif,merged
LOC_Os01g07120,LOC_Os12g14120,FunTFBS,FunTFBS
LOC_Os01g07120,LOC_Os05g05800,motif,merged
LOC_Os01g07120,LOC_Os10g18930,motif,merged
LOC_Os01g07120,LOC_Os07g47520,motif,merged
LOC_Os01g07120,LOC_Os04g19850,"motif, motif_CE",merged
LOC_Os01g07120,LOC_Os01g06550,"motif, motif_CE",merged
LOC_Os01g07120,LOC_Os02g42930,motif,merged
LOC_Os01g07120,LOC_Os07g49220,motif_CE,motif_CE
LOC_Os01g07120,LOC_Os03g21750,motif,merged
LOC_Os01g07120,LOC_Os01g04910,motif,merged
LOC_Os01g07120,ChrUn.fgenesh.gene.96,motif,merged
LOC_Os01g07120,LOC_Os09g34130,motif_CE,motif_CE
LOC_Os01g07120,LOC_Os05g20810,FunTFBS,FunTFBS
LOC_Os01g07120,LOC_Os12g17880,motif,merged
LOC_Os01g07120,LOC_Os03g52760,motif_CE,motif_CE
LOC_Os01g07120,LOC_Os03g61700,motif,merged
LOC_Os01g07120,LOC_Os03g58650,"motif, motif_CE",merged
LOC_Os01g07120,LOC_Os11g07340,motif,merged
LOC_Os01g07120,LOC_Os05g45570,motif,merged
LOC_Os01g07120,LOC_Os10g02400,motif,merged
LOC_Os01g07120,LOC_Os08g38900,"motif, motif_CE",merged
LOC_Os01g07120,LOC_Os07g08140,motif,merged
LOC_Os01g07120,LOC_Os09g12450,motif,merged
LOC_Os01g07120,LOC_Os03g19860,motif,merged
LOC_Os01g07120,LOC_Os02g05090,FunTFBS,FunTFBS
LOC_Os01g07120,LOC_Os04g49220,motif,merged
LOC_Os01g07120,LOC_Os04g24350,motif,merged
LOC_Os01g07120,LOC_Os07g06315,"FunTFBS, motif, motif_CE",merged
LOC_Os01g07120,LOC_Os01g10780,motif_CE,motif_CE
LOC_Os01g07120,LOC_Os09g12270,motif,merged
LOC_Os01g07120,LOC_Os01g65750,motif,merged
LOC_Os01g07120,LOC_Os09g10630,motif,merged
LOC_Os01g07120,LOC_Os07g12410,motif,merged
LOC_Os01g07120,LOC_Os12g27750,motif,merged
LOC_Os01g07120,LOC_Os06g07620,"motif, motif_CE",merged
LOC_Os01g07120,LOC_Os07g13550,motif,merged
LOC_Os01g07120,LOC_Os01g24750,motif,merged
LOC_Os01g07120,LOC_Os07g07260,motif,merged
LOC_Os01g07120,LOC_Os01g42870,motif,merged
LOC_Os01g07120,LOC_Os02g35220,motif_CE,motif_CE
LOC_Os01g07120,LOC_Os01g66240,"motif, motif_CE",merged
LOC_Os01g07120,LOC_Os12g06790,motif_CE,motif_CE
LOC_Os01g07120,LOC_Os05g15820,motif,merged
LOC_Os01g07120,LOC_Os09g32370,motif,merged
LOC_Os01g07120,LOC_Os11g04760,motif,merged
LOC_Os01g07120,LOC_Os12g28720,motif,merged
LOC_Os01g07120,LOC_Os09g08430,motif_CE,motif_CE
LOC_Os01g07120,LOC_Os07g44630,"FunTFBS, motif, motif_CE",merged
LOC_Os01g07120,LOC_Os05g14840,FunTFBS,FunTFBS
LOC_Os01g07120,LOC_Os07g04530,"motif, motif_CE",merged
LOC_Os01g07120,LOC_Os09g15290,motif,merged
LOC_Os01g07120,LOC_Os09g36810,motif,merged
LOC_Os01g07120,LOC_Os04g56010,motif,merged
LOC_Os01g07120,LOC_Os11g16650,motif,merged
LOC_Os01g07120,LOC_Os04g19220,motif,merged
LOC_Os01g07120,LOC_Os11g29480,motif,merged
LOC_Os01g07120,LOC_Os09g25700,motif,merged
LOC_Os01g07120,LOC_Os01g47630,"motif, motif_CE",merged
LOC_Os01g07120,LOC_Os01g40830,"FunTFBS, motif",merged
LOC_Os01g07120,LOC_Os01g73480,motif,merged
LOC_Os01g07120,LOC_Os06g38720,motif,merged
LOC_Os01g07120,LOC_Os08g24760,motif_CE,motif_CE
LOC_Os01g07120,LOC_Os07g34740,"motif, motif_CE",merged
LOC_Os01g07120,LOC_Os06g06730,motif_CE,motif_CE
LOC_Os01g07120,LOC_Os08g08890,motif,merged
LOC_Os01g07120,LOC_Os09g38150,motif,merged
LOC_Os01g07120,LOC_Os01g48490,"motif, motif_CE",merged
LOC_Os01g07120,LOC_Os12g08050,motif,merged
LOC_Os01g07120,LOC_Os07g13050,motif,merged
LOC_Os01g07120,LOC_Os06g42790,motif,merged
LOC_Os01g07120,LOC_Os06g02480,motif_CE,motif_CE
LOC_Os01g07120,LOC_Os01g17040,motif,merged
LOC_Os01g07120,LOC_Os03g59170,motif,merged
LOC_Os01g07120,LOC_Os07g09370,motif,merged
LOC_Os01g07120,LOC_Os05g04215,motif,merged
LOC_Os01g07120,LOC_Os12g08860,motif,merged
LOC_Os01g07120,LOC_Os04g35280,motif,merged
LOC_Os01g07120,LOC_Os03g14220,motif,merged
LOC_Os01g07120,LOC_Os04g13580,motif,merged
LOC_Os01g07120,LOC_Os10g33440,motif,merged
LOC_Os01g07120,LOC_Os05g49130,"motif, motif_CE",merged
LOC_Os01g07120,LOC_Os05g20960,motif_CE,motif_CE
LOC_Os01g07120,LOC_Os08g15860,motif,merged
LOC_Os01g07120,LOC_Os07g19530,motif_CE,motif_CE
LOC_Os01g07120,LOC_Os08g34640,"motif, motif_CE",merged
LOC_Os01g07120,LOC_Os02g26720,motif,merged
LOC_Os01g07120,LOC_Os12g25470,motif,merged
LOC_Os01g07120,LOC_Os12g33670,FunTFBS,FunTFBS
LOC_Os01g07120,LOC_Os07g02280,motif_CE,motif_CE
LOC_Os01g07120,LOC_Os10g10230,motif,merged
LOC_Os01g07120,LOC_Os09g08330,"FunTFBS, motif, motif_CE",merged
LOC_Os01g07120,LOC_Os10g28830,motif,merged
LOC_Os01g07120,LOC_Os01g03940,motif_CE,motif_CE
LOC_Os01g07120,LOC_Os04g36840,motif,merged
LOC_Os01g07120,LOC_Os10g03530,"FunTFBS, motif",merged
LOC_Os01g07120,LOC_Os06g13010,motif_CE,motif_CE
LOC_Os01g07120,LOC_Os03g18090,motif,merged
LOC_Os01g07120,LOC_Os04g05060,motif,merged
LOC_Os01g07120,LOC_Os05g44480,motif,merged
LOC_Os01g07120,LOC_Os03g42860,motif,merged
LOC_Os01g07120,LOC_Os06g12410,motif,merged
LOC_Os01g07120,LOC_Os01g14750,"FunTFBS, motif",merged
LOC_Os01g07120,LOC_Os08g33140,motif,merged
LOC_Os01g07120,LOC_Os06g42250,motif,merged
LOC_Os01g07120,LOC_Os06g08510,FunTFBS,FunTFBS
LOC_Os01g07120,LOC_Os08g01930,"motif, motif_CE",merged
LOC_Os01g07120,LOC_Os07g23210,motif,merged
LOC_Os01g07120,LOC_Os03g38764,motif,merged
LOC_Os01g07120,LOC_Os08g32940,motif,merged
LOC_Os01g07120,LOC_Os10g42660,motif,merged
LOC_Os01g07120,LOC_Os04g38930,"motif, motif_CE",merged
LOC_Os01g07120,LOC_Os11g47950,motif,merged
LOC_Os01g07120,LOC_Os05g33260,motif_CE,motif_CE
LOC_Os01g07120,LOC_Os11g09530,motif,merged
LOC_Os01g07120,LOC_Os04g41020,motif_CE,motif_CE
LOC_Os01g07120,LOC_Os10g37870,motif_CE,motif_CE
LOC_Os01g07120,LOC_Os06g02560,"FunTFBS, motif, motif_CE",merged
LOC_Os01g07120,LOC_Os08g26650,motif,merged
LOC_Os01g07120,LOC_Os05g48820,motif_CE,motif_CE
LOC_Os01g07120,LOC_Os09g25460,motif_CE,motif_CE
LOC_Os01g07120,LOC_Os07g41564,"motif, motif_CE",merged
LOC_Os01g07120,LOC_Os08g25380,"motif, motif_CE",merged
LOC_Os01g07120,LOC_Os07g01100,motif,merged
LOC_Os01g07120,LOC_Os06g20030,motif_CE,motif_CE
LOC_Os01g07120,LOC_Os02g28100,FunTFBS,FunTFBS
LOC_Os01g07120,LOC_Os01g07140,motif,merged
LOC_Os01g07120,LOC_Os06g16040,motif,merged
LOC_Os01g07120,LOC_Os09g25240,motif,merged
LOC_Os01g07120,LOC_Os01g74360,motif,merged
LOC_Os01g07120,LOC_Os11g13570,motif,merged
LOC_Os01g07120,LOC_Os10g34570,motif_CE,motif_CE
LOC_Os01g07120,LOC_Os06g51029,motif_CE,motif_CE
LOC_Os01g07120,LOC_Os07g45370,motif,merged
LOC_Os01g07120,LOC_Os10g29060,motif,merged
LOC_Os01g07120,LOC_Os06g23930,motif,merged
LOC_Os01g07120,LOC_Os12g06300,motif,merged
LOC_Os01g07120,LOC_Os03g44440,motif,merged
LOC_Os01g07120,LOC_Os12g01870,motif,merged
LOC_Os01g07120,LOC_Os12g16870,motif,merged
LOC_Os01g07120,LOC_Os01g58230,"motif, motif_CE",merged
LOC_Os01g07120,LOC_Os01g04680,motif,merged
LOC_Os01g07120,LOC_Os03g52760,"motif, motif_CE",merged
LOC_Os01g07120,LOC_Os02g48510,motif,merged
LOC_Os01g07120,LOC_Os11g28830,motif,merged
LOC_Os01g07120,LOC_Os04g36650,motif,merged
LOC_Os01g07120,LOC_Os12g17550,motif_CE,motif_CE
LOC_Os01g07120,LOC_Os03g29990,motif,merged
LOC_Os01g07120,LOC_Os06g14260,motif,merged
LOC_Os01g07120,LOC_Os11g43960,motif,merged
LOC_Os01g07120,LOC_Os10g22170,motif,merged
LOC_Os01g07120,LOC_Os09g02070,"FunTFBS, motif",merged
LOC_Os01g07120,LOC_Os08g33440,motif,merged
LOC_Os01g07120,LOC_Os03g05800,motif_CE,motif_CE
LOC_Os01g07120,LOC_Os02g17340,motif,merged
LOC_Os01g07120,LOC_Os04g27560,motif,merged
LOC_Os01g07120,LOC_Os01g15800,motif,merged
LOC_Os01g07120,LOC_Os04g58340,"FunTFBS, motif",merged
LOC_Os01g07120,LOC_Os12g06790,"motif, motif_CE",merged
LOC_Os01g07120,LOC_Os08g26800,motif,merged
LOC_Os01g07120,LOC_Os03g18860,motif,merged
LOC_Os01g07120,LOC_Os02g27080,motif,merged
LOC_Os01g07120,LOC_Os05g28350,"motif, motif_CE",merged
LOC_Os01g07120,LOC_Os04g45810,"motif, motif_CE",merged
LOC_Os01g07120,LOC_Os05g03910,motif,merged
LOC_Os01g07120,LOC_Os09g16940,motif,merged
LOC_Os01g07120,LOC_Os06g36170,motif_CE,motif_CE
LOC_Os01g07120,LOC_Os07g47910,motif,merged
LOC_Os01g07120,LOC_Os02g39730,motif_CE,motif_CE
LOC_Os01g07120,LOC_Os09g25580,"motif, motif_CE",merged
LOC_Os01g07120,LOC_Os04g45100,motif,merged
LOC_Os01g07120,LOC_Os11g11050,motif,merged
LOC_Os01g07120,LOC_Os03g44660,motif,merged
LOC_Os01g07120,LOC_Os06g47600,motif,merged
LOC_Os01g07120,LOC_Os11g08230,"FunTFBS, motif",merged
LOC_Os01g07120,LOC_Os07g26740,"motif, motif_CE",merged
LOC_Os01g07120,LOC_Os06g08900,motif,merged
LOC_Os01g07120,LOC_Os10g42404,motif_CE,motif_CE
LOC_Os01g07120,LOC_Os05g37340,"motif, motif_CE",merged
LOC_Os01g07120,LOC_Os10g40584,motif,merged
LOC_Os01g07120,LOC_Os01g43520,motif,merged
LOC_Os01g07120,LOC_Os05g21020,motif,merged
LOC_Os01g07120,LOC_Os05g32250,motif,merged
LOC_Os01g07120,LOC_Os04g04200,motif,merged
LOC_Os01g07120,LOC_Os11g29760,motif,merged
LOC_Os01g07120,LOC_Os06g29100,motif,merged
LOC_Os01g07120,LOC_Os04g56320,"motif, motif_CE",merged
LOC_Os01g07120,LOC_Os05g11590,motif,merged
LOC_Os01g07120,LOC_Os11g11650,motif,merged
LOC_Os01g07120,LOC_Os05g35170,motif,merged
LOC_Os01g07120,LOC_Os01g67290,motif,merged
LOC_Os01g07120,LOC_Os03g05720,motif,merged
LOC_Os01g07120,LOC_Os01g67950,motif,merged
LOC_Os01g07120,LOC_Os06g02480,"motif, motif_CE",merged
LOC_Os01g07120,LOC_Os07g25500,motif,merged
LOC_Os01g07120,LOC_Os03g55090,motif_CE,motif_CE
LOC_Os01g07120,LOC_Os07g05440,motif,merged
LOC_Os01g07120,LOC_Os08g02140,motif,merged
LOC_Os01g07120,LOC_Os08g10740,motif,merged
LOC_Os01g07120,LOC_Os06g42140,motif,merged
LOC_Os01g07120,LOC_Os09g06650,motif,merged
LOC_Os01g07120,LOC_Os06g03600,motif,merged
LOC_Os01g07120,LOC_Os08g05460,"FunTFBS, motif",merged
LOC_Os01g07120,LOC_Os07g23590,motif,merged
LOC_Os01g07120,LOC_Os07g37330,motif,merged
LOC_Os01g07120,LOC_Os12g17010,motif,merged
LOC_Os01g07120,LOC_Os11g44500,motif,merged
LOC_Os01g07120,LOC_Os04g50750,motif,merged
LOC_Os01g07120,LOC_Os08g43160,"motif, motif_CE",merged
LOC_Os01g07120,LOC_Os08g35050,motif,merged
LOC_Os01g07120,LOC_Os04g09790,motif,merged
LOC_Os01g07120,LOC_Os03g53090,FunTFBS,FunTFBS
LOC_Os01g07120,LOC_Os10g26610,motif,merged
LOC_Os01g07120,LOC_Os12g12514,motif,merged
LOC_Os01g07120,LOC_Os07g42680,motif,merged
LOC_Os01g07120,LOC_Os06g07350,motif_CE,motif_CE
LOC_Os01g07120,LOC_Os01g06330,motif,merged
LOC_Os01g07120,LOC_Os09g25600,motif_CE,motif_CE
LOC_Os01g07120,LOC_Os11g03900,motif,merged
LOC_Os01g07120,LOC_Os12g27060,FunTFBS,FunTFBS
LOC_Os01g07120,LOC_Os11g43090,motif,merged
LOC_Os01g07120,LOC_Os02g08120,"FunTFBS, motif, motif_CE",merged
LOC_Os01g07120,LOC_Os01g20206,motif,merged
LOC_Os01g07120,LOC_Os01g47100,motif_CE,motif_CE
LOC_Os01g07120,LOC_Os05g28330,"FunTFBS, motif, motif_CE",merged
LOC_Os01g07120,LOC_Os06g46560,motif,merged
LOC_Os01g07120,LOC_Os11g08140,"FunTFBS, motif",merged
LOC_Os01g07120,LOC_Os03g08190,motif,merged
LOC_Os01g07120,LOC_Os03g01560,motif,merged
LOC_Os01g07120,LOC_Os08g12670,motif,merged
LOC_Os01g07120,LOC_Os07g44640,"motif, motif_CE",merged
LOC_Os01g07120,LOC_Os07g17320,motif,merged
LOC_Os01g07120,LOC_Os11g18860,motif,merged
LOC_Os01g07120,LOC_Os01g59350,motif_CE,motif_CE
LOC_Os01g07120,LOC_Os03g30150,motif,merged
LOC_Os01g07120,LOC_Os11g34750,motif_CE,motif_CE
LOC_Os01g07120,LOC_Os03g24290,motif_CE,motif_CE
LOC_Os01g07120,LOC_Os09g15639,motif,merged
LOC_Os01g07120,LOC_Os10g19330,"motif, motif_CE",merged
LOC_Os01g07120,LOC_Os08g32490,motif,merged
LOC_Os01g07120,LOC_Os05g16560,motif,merged
LOC_Os01g07120,LOC_Os02g58070,motif,merged
LOC_Os01g07120,LOC_Os05g24670,motif,merged
LOC_Os01g07120,LOC_Os05g45710,motif,merged
LOC_Os01g07120,LOC_Os08g39720,motif,merged
LOC_Os01g07120,LOC_Os02g36990,FunTFBS,FunTFBS
LOC_Os01g07120,LOC_Os12g06580,motif,merged
LOC_Os01g07120,LOC_Os04g16600,motif,merged
LOC_Os01g07120,LOC_Os06g09630,"FunTFBS, motif",merged
LOC_Os01g07120,LOC_Os02g04600,motif,merged
LOC_Os01g07120,LOC_Os05g08400,motif,merged
LOC_Os01g07120,LOC_Os06g12660,"motif, motif_CE",merged
LOC_Os01g07120,LOC_Os10g28210,motif,merged
LOC_Os01g07120,LOC_Os03g60440,motif,merged
LOC_Os01g07120,LOC_Os06g47850,FunTFBS,FunTFBS
LOC_Os01g07120,LOC_Os12g40860,motif,merged
LOC_Os01g07120,LOC_Os02g28210,motif,merged
LOC_Os01g07120,LOC_Os04g05840,motif,merged
LOC_Os01g07120,LOC_Os10g21720,motif,merged
LOC_Os01g07120,LOC_Os02g10380,motif_CE,motif_CE
LOC_Os01g07120,LOC_Os10g30156,motif_CE,motif_CE
LOC_Os01g07120,LOC_Os10g11672,motif,merged
LOC_Os01g07120,LOC_Os03g49740,motif,merged
LOC_Os01g07120,LOC_Os01g23610,motif,merged
LOC_Os01g07120,LOC_Os06g33360,motif,merged
LOC_Os01g07120,LOC_Os07g39560,motif,merged
LOC_Os01g07120,LOC_Os07g28290,FunTFBS,FunTFBS
LOC_Os01g07120,LOC_Os07g38600,motif,merged
LOC_Os01g07120,LOC_Os11g20430,motif,merged
LOC_Os01g07120,LOC_Os03g13579,motif,merged
LOC_Os01g07120,LOC_Os05g36140,motif_CE,motif_CE
LOC_Os01g07120,LOC_Os07g12760,motif,merged
LOC_Os01g07120,LOC_Os05g49470,motif,merged
LOC_Os01g07120,LOC_Os09g25950,motif_CE,motif_CE
LOC_Os01g07120,LOC_Os04g06280,motif,merged
LOC_Os01g07120,LOC_Os07g39310,motif,merged
LOC_Os01g07120,LOC_Os02g10690,motif,merged
LOC_Os01g07120,LOC_Os10g34980,motif,merged
LOC_Os01g07120,LOC_Os07g36920,motif,merged
LOC_Os01g07120,LOC_Os03g05800,"motif, motif_CE",merged
LOC_Os01g07120,LOC_Os06g33340,motif,merged
LOC_Os01g07120,LOC_Os05g22670,motif_CE,motif_CE
LOC_Os01g07120,LOC_Os06g47060,motif,merged
LOC_Os01g07120,LOC_Os02g11940,motif_CE,motif_CE
LOC_Os01g07120,LOC_Os07g36910,motif,merged
LOC_Os01g07120,LOC_Os11g38680,motif,merged
LOC_Os01g07120,LOC_Os05g48670,FunTFBS,FunTFBS
LOC_Os01g07120,LOC_Os12g39620,"FunTFBS, motif",merged
LOC_Os01g07120,LOC_Os06g45360,FunTFBS,FunTFBS
LOC_Os01g07120,LOC_Os02g58280,motif,merged
LOC_Os01g07120,LOC_Os04g11790,motif,merged
LOC_Os01g07120,LOC_Os05g41950,motif,merged
LOC_Os01g07120,LOC_Os09g21660,motif,merged
LOC_Os01g07120,LOC_Os12g41210,motif,merged
LOC_Os01g07120,LOC_Os01g16900,motif_CE,motif_CE
LOC_Os01g07120,LOC_Os10g17470,"motif, motif_CE",merged
LOC_Os01g07120,LOC_Os09g38350,motif_CE,motif_CE
LOC_Os01g07120,LOC_Os01g32560,motif_CE,motif_CE
LOC_Os01g07120,LOC_Os07g28100,motif,merged
LOC_Os01g07120,LOC_Os03g57760,motif,merged
LOC_Os01g07120,LOC_Os09g09380,FunTFBS,FunTFBS
LOC_Os01g07120,LOC_Os01g05350,motif,merged
LOC_Os01g07120,LOC_Os09g37640,motif,merged
LOC_Os01g07120,LOC_Os06g04230,motif,merged
LOC_Os01g07120,LOC_Os10g30290,motif,merged
LOC_Os01g07120,LOC_Os01g13810,motif,merged
LOC_Os01g07120,LOC_Os11g09600,motif,merged
LOC_Os01g07120,LOC_Os09g07490,motif,merged
LOC_Os01g07120,LOC_Os06g06730,"motif, motif_CE",merged
LOC_Os01g07120,LOC_Os08g17510,motif,merged
LOC_Os01g07120,LOC_Os07g43140,motif,merged
LOC_Os01g07120,LOC_Os01g13270,motif,merged
LOC_Os01g07120,LOC_Os01g74440,motif,merged
LOC_Os01g07120,LOC_Os01g72690,motif_CE,motif_CE
LOC_Os01g07120,LOC_Os03g63170,motif,merged
LOC_Os01g07120,LOC_Os03g02730,motif_CE,motif_CE
LOC_Os01g07120,LOC_Os06g48190,motif,merged
LOC_Os01g07120,LOC_Os11g41540,"motif, motif_CE",merged
LOC_Os01g07120,LOC_Os03g58930,motif,merged
LOC_Os01g07120,LOC_Os05g46290,motif_CE,motif_CE
LOC_Os01g07120,LOC_Os10g27180,"FunTFBS, motif, motif_CE",merged
LOC_Os01g07120,LOC_Os09g07080,motif,merged
LOC_Os01g07120,LOC_Os07g19530,"motif, motif_CE",merged
LOC_Os01g07120,LOC_Os05g23700,motif,merged
LOC_Os01g07120,LOC_Os08g24740,motif,merged
LOC_Os01g07120,LOC_Os11g06810,motif,merged
LOC_Os01g07120,LOC_Os11g30100,motif,merged
LOC_Os01g07120,LOC_Os06g13010,"motif, motif_CE",merged
LOC_Os01g07120,LOC_Os10g38820,FunTFBS,FunTFBS
LOC_Os01g07120,LOC_Os01g45050,motif,merged
LOC_Os01g07120,LOC_Os07g12250,motif_CE,motif_CE
LOC_Os01g07120,LOC_Os06g40818,motif,merged
LOC_Os01g07120,LOC_Os01g01930,FunTFBS,FunTFBS
LOC_Os01g07120,LOC_Os07g10400,"motif, motif_CE",merged
LOC_Os01g07120,LOC_Os10g28580,FunTFBS,FunTFBS
LOC_Os01g07120,LOC_Os06g07070,motif,merged
LOC_Os01g07120,LOC_Os08g09930,motif,merged
LOC_Os01g07120,LOC_Os12g11440,"FunTFBS, motif",merged
LOC_Os01g07120,LOC_Os10g34071,motif_CE,motif_CE
LOC_Os01g07120,LOC_Os09g30060,motif,merged
LOC_Os01g07120,LOC_Os06g44910,motif,merged
LOC_Os01g07120,LOC_Os11g28740,motif,merged
LOC_Os01g07120,LOC_Os12g17310,motif,merged
LOC_Os01g07120,LOC_Os02g50799,motif,merged
LOC_Os01g07120,LOC_Os09g25890,motif,merged
LOC_Os01g07120,LOC_Os04g24274,motif,merged
LOC_Os01g07120,LOC_Os09g15720,motif,merged
LOC_Os01g07120,LOC_Os02g13410,motif,merged
LOC_Os01g07120,LOC_Os04g59600,motif,merged
LOC_Os01g07120,LOC_Os03g06800,motif,merged
LOC_Os01g07120,LOC_Os07g39480,motif_CE,motif_CE
LOC_Os01g07120,LOC_Os02g55440,motif,merged
LOC_Os01g07120,LOC_Os10g25810,motif,merged
LOC_Os01g07120,LOC_Os03g52750,motif,merged
LOC_Os01g07120,LOC_Os05g51430,motif,merged
LOC_Os01g07120,LOC_Os10g37870,"motif, motif_CE",merged
LOC_Os01g07120,LOC_Os01g19610,motif,merged
LOC_Os01g07120,LOC_Os04g40010,motif,merged
LOC_Os01g07120,LOC_Os07g10180,FunTFBS,FunTFBS
LOC_Os01g07120,LOC_Os03g01770,motif_CE,motif_CE
LOC_Os01g07120,LOC_Os05g27880,motif,merged
LOC_Os01g07120,LOC_Os07g05120,motif,merged
LOC_Os01g07120,LOC_Os02g02424,motif,merged
LOC_Os01g07120,LOC_Os01g71590,motif,merged
LOC_Os01g07120,LOC_Os01g74610,motif_CE,motif_CE
LOC_Os01g07120,LOC_Os07g27080,motif,merged
LOC_Os01g07120,LOC_Os04g53460,motif,merged
LOC_Os01g07120,LOC_Os05g26180,motif,merged
LOC_Os01g07120,LOC_Os10g30156,"motif, motif_CE",merged
LOC_Os01g07120,ChrSy.fgenesh.gene.71,motif,merged
LOC_Os01g07120,LOC_Os03g30500,motif,merged
LOC_Os01g07120,LOC_Os07g43925,motif,merged
LOC_Os01g07120,LOC_Os10g28760,"FunTFBS, motif",merged
LOC_Os01g07120,LOC_Os02g40370,motif,merged
LOC_Os01g07120,LOC_Os01g43030,motif_CE,motif_CE
LOC_Os01g07120,LOC_Os03g18630,motif,merged
LOC_Os01g07120,LOC_Os08g44380,motif,merged
LOC_Os01g07120,LOC_Os10g32240,motif,merged
LOC_Os01g07120,LOC_Os10g42060,FunTFBS,FunTFBS
LOC_Os01g07120,LOC_Os12g25968,motif,merged
LOC_Os01g07120,LOC_Os02g22200,motif,merged
LOC_Os01g07120,LOC_Os05g50800,motif,merged
LOC_Os01g07120,LOC_Os09g25950,"motif, motif_CE",merged
LOC_Os01g07120,LOC_Os03g22860,FunTFBS,FunTFBS
LOC_Os01g07120,LOC_Os12g02710,motif,merged
LOC_Os01g07120,LOC_Os02g05120,motif,merged
LOC_Os01g07120,LOC_Os03g17110,"FunTFBS, motif",merged
LOC_Os01g07120,LOC_Os06g39906,FunTFBS,FunTFBS
LOC_Os01g07120,LOC_Os09g09180,motif,merged
LOC_Os01g07120,LOC_Os05g22670,"motif, motif_CE",merged
LOC_Os01g07120,LOC_Os07g12940,motif,merged
LOC_Os01g07120,LOC_Os02g11940,"motif, motif_CE",merged
LOC_Os01g07120,LOC_Os04g47630,motif,merged
LOC_Os01g07120,LOC_Os03g08500,motif,merged
LOC_Os01g07120,LOC_Os04g19470,motif,merged
LOC_Os01g07120,LOC_Os05g20470,FunTFBS,FunTFBS
LOC_Os01g07120,LOC_Os03g04520,"FunTFBS, motif",merged
LOC_Os01g07120,LOC_Os02g43610,motif,merged
LOC_Os01g07120,LOC_Os04g13350,motif,merged
LOC_Os01g07120,LOC_Os05g05210,motif,merged
LOC_Os01g07120,LOC_Os06g09030,motif,merged
LOC_Os01g07120,LOC_Os09g23850,motif,merged
LOC_Os01g07120,LOC_Os08g43410,motif,merged
LOC_Os01g07120,LOC_Os01g60670,motif,merged
LOC_Os01g07120,LOC_Os02g12560,motif,merged
LOC_Os01g07120,LOC_Os12g15490,motif,merged
LOC_Os01g07120,LOC_Os01g17150,motif,merged
LOC_Os01g07120,LOC_Os05g08440,"motif, motif_CE",merged
LOC_Os01g07120,LOC_Os05g13480,motif,merged
LOC_Os01g07120,LOC_Os01g16900,"motif, motif_CE",merged
LOC_Os01g07120,LOC_Os01g50670,FunTFBS,FunTFBS
LOC_Os01g07120,LOC_Os01g66520,motif,merged
LOC_Os01g07120,LOC_Os03g07850,motif_CE,motif_CE
LOC_Os01g07120,LOC_Os04g23020,motif,merged
LOC_Os01g07120,LOC_Os01g66620,motif,merged
LOC_Os01g07120,LOC_Os05g33730,motif,merged
LOC_Os01g07120,LOC_Os07g12280,motif,merged
LOC_Os01g07120,LOC_Os12g37080,motif,merged
LOC_Os01g07120,LOC_Os08g33290,motif,merged
LOC_Os01g07120,LOC_Os06g45000,motif,merged
LOC_Os01g07120,LOC_Os09g38350,"motif, motif_CE",merged
LOC_Os01g07120,LOC_Os04g50188,FunTFBS,FunTFBS
LOC_Os01g07120,LOC_Os06g03270,motif,merged
LOC_Os01g07120,LOC_Os03g63410,"motif, motif_CE",merged
LOC_Os01g07120,LOC_Os02g48860,motif,merged
LOC_Os01g07120,LOC_Os06g36170,"motif, motif_CE",merged
LOC_Os01g07120,LOC_Os02g03930,motif_CE,motif_CE
LOC_Os01g07120,LOC_Os03g14310,motif,merged
LOC_Os01g07120,LOC_Os06g16110,motif,merged
LOC_Os01g07120,LOC_Os03g38210,motif,merged
LOC_Os01g07120,LOC_Os04g24820,motif,merged
LOC_Os01g07120,LOC_Os05g23460,"FunTFBS, motif",merged
LOC_Os01g07120,LOC_Os06g34540,motif,merged
LOC_Os01g07120,LOC_Os07g27630,motif_CE,motif_CE
LOC_Os01g07120,LOC_Os08g40960,motif,merged
LOC_Os01g07120,LOC_Os06g08740,FunTFBS,FunTFBS
LOC_Os01g07120,LOC_Os04g58730,motif,merged
LOC_Os01g07120,LOC_Os07g41190,motif,merged
LOC_Os01g07120,LOC_Os12g36980,motif_CE,motif_CE
LOC_Os01g07120,LOC_Os12g02810,motif,merged
LOC_Os01g07120,LOC_Os03g47410,motif,merged
LOC_Os01g07120,LOC_Os10g20640,motif,merged
LOC_Os01g07120,LOC_Os03g02730,"motif, motif_CE",merged
LOC_Os01g07120,LOC_Os06g50920,motif,merged
LOC_Os01g07120,LOC_Os04g58780,"FunTFBS, motif, motif_CE",merged
LOC_Os01g07120,LOC_Os06g25470,motif,merged
LOC_Os01g07120,LOC_Os02g44880,motif,merged
LOC_Os01g07120,LOC_Os04g24950,FunTFBS,FunTFBS
LOC_Os01g07120,LOC_Os05g46290,"motif, motif_CE",merged
LOC_Os01g07120,LOC_Os07g41180,motif,merged
LOC_Os01g07120,LOC_Os11g29420,motif,merged
LOC_Os01g07120,LOC_Os11g46930,motif,merged
LOC_Os01g07120,LOC_Os06g44100,motif_CE,motif_CE
LOC_Os01g07120,LOC_Os11g13420,"motif, motif_CE",merged
LOC_Os01g07120,LOC_Os06g16480,motif,merged
LOC_Os01g07120,LOC_Os11g31300,motif,merged
LOC_Os01g07120,LOC_Os03g46720,motif,merged
LOC_Os01g07120,LOC_Os07g41360,"FunTFBS, motif",merged
LOC_Os01g07120,LOC_Os03g58050,motif,merged
LOC_Os01g07120,LOC_Os04g02650,motif_CE,motif_CE
LOC_Os01g07120,LOC_Os04g18740,motif,merged
LOC_Os01g07120,LOC_Os02g19770,motif,merged
LOC_Os01g07120,LOC_Os07g08750,motif,merged
LOC_Os01g07120,LOC_Os01g11790,motif,merged
LOC_Os01g07120,LOC_Os06g49780,motif,merged
LOC_Os01g07120,LOC_Os12g24270,"FunTFBS, motif",merged
LOC_Os01g07120,LOC_Os08g44960,"motif, motif_CE",merged
LOC_Os01g07120,LOC_Os09g17344,motif,merged
LOC_Os01g07120,LOC_Os01g53190,motif_CE,motif_CE
LOC_Os01g07120,LOC_Os08g06620,"FunTFBS, motif",merged
LOC_Os01g07120,LOC_Os07g17560,motif,merged
LOC_Os01g07120,LOC_Os08g08400,motif,merged
LOC_Os01g07120,LOC_Os06g33600,motif,merged
LOC_Os01g07120,LOC_Os06g30130,motif,merged
LOC_Os01g07120,LOC_Os09g20410,motif,merged
LOC_Os01g07120,LOC_Os04g57200,motif,merged
LOC_Os01g07120,LOC_Os03g61090,motif_CE,motif_CE
LOC_Os01g07120,LOC_Os09g03690,motif,merged
LOC_Os01g07120,LOC_Os11g42060,FunTFBS,FunTFBS
LOC_Os01g07120,LOC_Os01g39080,motif,merged
LOC_Os01g07120,LOC_Os06g11430,"motif, motif_CE",merged
LOC_Os01g07120,LOC_Os06g09050,motif,merged
LOC_Os01g07120,LOC_Os06g22200,"FunTFBS, motif",merged
LOC_Os01g07120,LOC_Os11g01290,motif,merged
LOC_Os01g07120,LOC_Os02g44140,motif,merged
LOC_Os01g07120,LOC_Os10g28770,motif,merged
LOC_Os01g07120,LOC_Os03g01770,"motif, motif_CE",merged
LOC_Os01g07120,LOC_Os01g74610,"motif, motif_CE",merged
LOC_Os01g07120,LOC_Os09g09700,motif,merged
LOC_Os01g07120,LOC_Os04g41450,motif,merged
LOC_Os01g07120,LOC_Os10g21940,motif,merged
LOC_Os01g07120,LOC_Os08g41860,motif,merged
LOC_Os01g07120,LOC_Os01g01540,motif,merged
LOC_Os01g07120,LOC_Os01g55560,motif,merged
LOC_Os01g07120,LOC_Os07g07320,motif,merged
LOC_Os01g07120,LOC_Os11g45550,motif,merged
LOC_Os01g07120,LOC_Os03g11380,motif,merged
LOC_Os01g07120,LOC_Os01g43030,"motif, motif_CE",merged
LOC_Os01g07120,LOC_Os02g35750,motif,merged
LOC_Os01g07120,LOC_Os03g21030,motif_CE,motif_CE
LOC_Os01g07120,LOC_Os02g32630,"FunTFBS, motif",merged
LOC_Os01g07120,LOC_Os03g16100,motif,merged
LOC_Os01g07120,LOC_Os02g10300,motif,merged
LOC_Os01g07120,LOC_Os06g05650,motif,merged
LOC_Os01g07120,LOC_Os05g06360,"motif, motif_CE",merged
LOC_Os01g07120,LOC_Os07g07500,motif,merged
LOC_Os01g07120,LOC_Os12g17180,motif,merged
LOC_Os01g07120,LOC_Os03g03710,motif_CE,motif_CE
LOC_Os01g07120,LOC_Os09g15220,motif,merged
LOC_Os01g07120,LOC_Os11g10420,motif_CE,motif_CE
LOC_Os01g07120,LOC_Os12g06910,motif,merged
LOC_Os01g07120,LOC_Os05g16160,motif,merged
LOC_Os01g07120,LOC_Os05g39640,motif_CE,motif_CE
LOC_Os01g07120,LOC_Os05g34880,motif,merged
LOC_Os01g07120,LOC_Os03g22650,motif,merged
LOC_Os01g07120,LOC_Os02g09310,motif,merged
LOC_Os01g07120,LOC_Os04g45310,motif,merged
LOC_Os01g07120,LOC_Os06g43670,motif,merged
LOC_Os01g07120,LOC_Os12g13740,motif,merged
LOC_Os01g07120,LOC_Os12g39010,motif,merged
LOC_Os01g07120,LOC_Os05g15610,motif,merged
LOC_Os01g07120,LOC_Os05g20129,"FunTFBS, motif",merged
LOC_Os01g07120,LOC_Os08g31769,motif,merged
LOC_Os01g07120,LOC_Os12g10820,motif,merged
LOC_Os01g07120,LOC_Os11g38180,motif,merged
LOC_Os01g07120,LOC_Os03g39640,motif_CE,motif_CE
LOC_Os01g07120,LOC_Os03g40470,motif,merged
LOC_Os01g07120,LOC_Os02g44180,motif,merged
LOC_Os01g07120,LOC_Os01g58740,motif,merged
LOC_Os01g07120,LOC_Os01g10760,"motif, motif_CE",merged
LOC_Os01g07120,LOC_Os07g36730,motif,merged
LOC_Os01g07120,LOC_Os07g26380,motif,merged
LOC_Os01g07120,LOC_Os07g18050,motif_CE,motif_CE
LOC_Os01g07120,LOC_Os09g27900,motif,merged
LOC_Os01g07120,LOC_Os03g13370,motif,merged
LOC_Os01g07120,LOC_Os02g47650,motif_CE,motif_CE
LOC_Os01g07120,LOC_Os03g04390,motif_CE,motif_CE
LOC_Os01g07120,LOC_Os07g40760,"motif, motif_CE",merged
LOC_Os01g07120,LOC_Os10g34750,motif,merged
LOC_Os01g07120,LOC_Os06g20410,motif,merged
LOC_Os01g07120,LOC_Os06g50090,motif,merged
LOC_Os01g07120,LOC_Os11g05400,FunTFBS,FunTFBS
LOC_Os01g07120,LOC_Os05g31420,FunTFBS,FunTFBS
LOC_Os01g07120,LOC_Os06g30830,motif,merged
LOC_Os01g07120,LOC_Os04g54450,motif,merged
LOC_Os01g07120,LOC_Os05g46450,motif,merged
LOC_Os01g07120,LOC_Os12g36980,"motif, motif_CE",merged
LOC_Os01g07120,LOC_Os01g57630,"motif, motif_CE",merged
LOC_Os01g07120,LOC_Os11g26150,"motif, motif_CE",merged
LOC_Os01g07120,LOC_Os12g13150,motif_CE,motif_CE
LOC_Os01g07120,LOC_Os12g09410,motif,merged
LOC_Os01g07120,LOC_Os08g33076,motif,merged
LOC_Os01g07120,LOC_Os09g09600,motif,merged
LOC_Os01g07120,LOC_Os12g02680,motif,merged
LOC_Os01g07120,LOC_Os11g28290,motif,merged
LOC_Os01g07120,LOC_Os01g59520,FunTFBS,FunTFBS
LOC_Os01g07120,LOC_Os10g05030,motif_CE,motif_CE
LOC_Os01g07120,LOC_Os12g18570,motif,merged
LOC_Os01g07120,LOC_Os11g18830,motif,merged
LOC_Os01g07120,LOC_Os03g45160,motif,merged
LOC_Os01g07120,LOC_Os02g03620,motif_CE,motif_CE
LOC_Os01g07120,LOC_Os05g33514,FunTFBS,FunTFBS
LOC_Os01g07120,LOC_Os02g36430,motif,merged
LOC_Os01g07120,LOC_Os05g45350,FunTFBS,FunTFBS
LOC_Os01g07120,LOC_Os02g53230,motif_CE,motif_CE
LOC_Os01g07120,LOC_Os09g32350,motif,merged
LOC_Os01g07120,LOC_Os02g20230,motif,merged
LOC_Os01g07120,LOC_Os06g19340,motif,merged
LOC_Os01g07120,LOC_Os03g20690,"motif, motif_CE",merged
LOC_Os01g07120,LOC_Os03g33780,motif,merged
LOC_Os01g07120,LOC_Os01g67070,motif,merged
LOC_Os01g07120,LOC_Os06g44100,"motif, motif_CE",merged
LOC_Os01g07120,LOC_Os07g48790,"motif, motif_CE",merged
LOC_Os01g07120,LOC_Os08g08780,motif,merged
LOC_Os01g07120,LOC_Os11g04380,motif,merged
LOC_Os01g07120,LOC_Os01g51530,motif_CE,motif_CE
LOC_Os01g07120,LOC_Os11g44390,motif,merged
LOC_Os01g07120,LOC_Os03g23250,motif,merged
LOC_Os01g07120,LOC_Os04g58380,FunTFBS,FunTFBS
LOC_Os01g07120,LOC_Os04g27810,motif,merged
LOC_Os01g07120,LOC_Os08g32310,motif,merged
LOC_Os01g07120,LOC_Os07g22620,motif,merged
LOC_Os01g07120,LOC_Os11g16420,motif_CE,motif_CE
LOC_Os01g07120,LOC_Os03g48610,motif,merged
LOC_Os01g07120,LOC_Os11g03180,FunTFBS,FunTFBS
LOC_Os01g07120,LOC_Os01g61640,motif,merged
LOC_Os01g07120,LOC_Os10g24550,motif,merged
LOC_Os01g07120,LOC_Os04g33720,"FunTFBS, motif, motif_CE",merged
LOC_Os01g07120,LOC_Os10g22190,motif,merged
LOC_Os01g07120,ChrSy.fgenesh.gene.80,motif,merged
LOC_Os01g07120,LOC_Os01g22600,motif,merged
LOC_Os01g07120,LOC_Os08g43040,motif_CE,motif_CE
LOC_Os01g07120,LOC_Os03g53270,"motif, motif_CE",merged
LOC_Os01g07120,LOC_Os07g12250,"motif, motif_CE",merged
LOC_Os01g07120,LOC_Os01g43200,motif,merged
LOC_Os01g07120,LOC_Os08g14310,"motif, motif_CE",merged
LOC_Os01g07120,LOC_Os03g52490,motif,merged
LOC_Os01g07120,LOC_Os03g45900,motif,merged
LOC_Os01g07120,LOC_Os07g28810,motif,merged
LOC_Os01g07120,LOC_Os08g42770,motif,merged
LOC_Os01g07120,LOC_Os03g16850,"FunTFBS, motif, motif_CE",merged
LOC_Os01g07120,LOC_Os12g01240,motif,merged
LOC_Os01g07120,LOC_Os08g25470,FunTFBS,FunTFBS
LOC_Os01g07120,LOC_Os05g10290,motif,merged
LOC_Os01g07120,LOC_Os09g06310,motif,merged
LOC_Os01g07120,LOC_Os06g05250,motif_CE,motif_CE
LOC_Os01g07120,LOC_Os08g33300,motif,merged
LOC_Os01g07120,LOC_Os03g61900,motif,merged
LOC_Os01g07120,LOC_Os01g70430,motif_CE,motif_CE
LOC_Os01g07120,LOC_Os02g43060,motif,merged
LOC_Os01g07120,LOC_Os07g09580,"FunTFBS, motif",merged
LOC_Os01g07120,LOC_Os07g27710,motif,merged
LOC_Os01g07120,LOC_Os01g07340,motif_CE,motif_CE
LOC_Os01g07120,LOC_Os05g08840,motif,merged
LOC_Os01g07120,LOC_Os11g08420,"FunTFBS, motif",merged
LOC_Os01g07120,LOC_Os04g13680,motif,merged
LOC_Os01g07120,LOC_Os02g42920,motif_CE,motif_CE
LOC_Os01g07120,LOC_Os02g10220,motif,merged
LOC_Os01g07120,LOC_Os03g49220,motif,merged
LOC_Os01g07120,LOC_Os01g45730,motif_CE,motif_CE
LOC_Os01g07120,LOC_Os04g18780,motif,merged
LOC_Os01g07120,LOC_Os01g23590,motif,merged
LOC_Os01g07120,LOC_Os05g15780,motif,merged
LOC_Os01g07120,LOC_Os03g53180,motif,merged
LOC_Os01g07120,LOC_Os05g41300,motif_CE,motif_CE
LOC_Os01g07120,LOC_Os11g33440,motif,merged
LOC_Os01g07120,LOC_Os02g43830,motif_CE,motif_CE
LOC_Os01g07120,LOC_Os07g43660,motif,merged
LOC_Os01g07120,LOC_Os01g32630,"motif, motif_CE",merged
LOC_Os01g07120,LOC_Os04g44110,"motif, motif_CE",merged
LOC_Os01g07120,LOC_Os03g15740,motif,merged
LOC_Os01g07120,LOC_Os01g61240,motif_CE,motif_CE
LOC_Os01g07120,LOC_Os01g73440,motif,merged
LOC_Os01g07120,LOC_Os01g70170,motif_CE,motif_CE
LOC_Os01g07120,LOC_Os03g03710,"motif, motif_CE",merged
LOC_Os01g07120,LOC_Os03g17220,motif,merged
LOC_Os01g07120,LOC_Os11g32480,motif,merged
LOC_Os01g07120,LOC_Os02g27769,motif_CE,motif_CE
LOC_Os01g07120,LOC_Os01g47160,motif,merged
LOC_Os01g07120,LOC_Os09g25710,motif,merged
LOC_Os01g07120,LOC_Os07g29480,motif,merged
LOC_Os01g07120,LOC_Os11g05310,motif,merged
LOC_Os01g07120,LOC_Os07g07590,motif,merged
LOC_Os01g07120,LOC_Os09g07960,motif,merged
LOC_Os01g07120,LOC_Os12g09760,motif,merged
LOC_Os01g07120,LOC_Os07g25830,motif,merged
LOC_Os01g07120,LOC_Os08g36820,motif_CE,motif_CE
LOC_Os01g07120,LOC_Os07g07440,motif,merged
LOC_Os01g07120,LOC_Os02g18700,motif,merged
LOC_Os01g07120,LOC_Os04g19780,motif,merged
LOC_Os01g07120,LOC_Os08g23580,motif,merged
LOC_Os01g07120,LOC_Os04g01020,motif,merged
LOC_Os01g07120,LOC_Os05g47510,"FunTFBS, motif, motif_CE",merged
LOC_Os01g07120,LOC_Os01g33450,motif,merged
LOC_Os01g07120,LOC_Os06g16960,motif,merged
LOC_Os01g07120,LOC_Os11g09474,motif,merged
LOC_Os01g07120,LOC_Os05g02610,motif,merged
LOC_Os01g07120,LOC_Os09g21780,motif_CE,motif_CE
LOC_Os01g07120,LOC_Os07g03240,FunTFBS,FunTFBS
LOC_Os01g07120,LOC_Os04g04660,motif,merged
LOC_Os01g07120,LOC_Os05g41000,FunTFBS,FunTFBS
LOC_Os01g07120,LOC_Os02g31922,motif,merged
LOC_Os01g07120,LOC_Os10g09200,motif,merged
LOC_Os01g07120,LOC_Os12g42120,"motif, motif_CE",merged
LOC_Os01g07120,LOC_Os06g28750,motif,merged
LOC_Os01g07120,LOC_Os12g24540,motif,merged
LOC_Os01g07120,LOC_Os04g38000,motif,merged
LOC_Os01g07120,LOC_Os07g27630,"motif, motif_CE",merged
LOC_Os01g07120,LOC_Os06g32340,motif,merged
LOC_Os01g07120,LOC_Os11g36460,motif_CE,motif_CE
LOC_Os01g07120,LOC_Os05g22630,motif_CE,motif_CE
LOC_Os01g07120,LOC_Os10g05030,"motif, motif_CE",merged
LOC_Os01g07120,LOC_Os01g71660,motif_CE,motif_CE
LOC_Os01g07120,LOC_Os12g21860,motif,merged
LOC_Os01g07120,LOC_Os01g13550,motif,merged
LOC_Os01g07120,LOC_Os12g25120,motif_CE,motif_CE
LOC_Os01g07120,LOC_Os06g05860,motif,merged
LOC_Os01g07120,LOC_Os09g01360,motif_CE,motif_CE
LOC_Os01g07120,LOC_Os12g20144,motif,merged
LOC_Os01g07120,LOC_Os02g53230,"motif, motif_CE",merged
LOC_Os01g07120,LOC_Os06g09380,motif_CE,motif_CE
LOC_Os01g07120,LOC_Os01g64990,motif,merged
LOC_Os01g07120,LOC_Os12g08270,motif,merged
LOC_Os01g07120,LOC_Os10g26660,motif_CE,motif_CE
LOC_Os01g07120,LOC_Os12g18630,motif_CE,motif_CE
LOC_Os01g07120,LOC_Os02g37830,motif,merged
LOC_Os01g07120,LOC_Os04g48600,motif,merged
LOC_Os01g07120,LOC_Os05g40650,motif,merged
LOC_Os01g07120,LOC_Os09g32570,motif,merged
LOC_Os01g07120,LOC_Os07g37410,motif,merged
LOC_Os01g07120,LOC_Os11g16420,"motif, motif_CE",merged
LOC_Os01g07120,LOC_Os04g40390,motif,merged
LOC_Os01g07120,LOC_Os07g02950,"motif, motif_CE",merged
LOC_Os01g07120,LOC_Os11g37180,motif,merged
LOC_Os01g07120,LOC_Os03g15350,motif,merged
LOC_Os01g07120,LOC_Os02g30730,"FunTFBS, motif",merged
LOC_Os01g07120,LOC_Os01g66850,motif,merged
LOC_Os01g07120,LOC_Os04g02650,"motif, motif_CE",merged
LOC_Os01g07120,LOC_Os05g38490,"motif, motif_CE",merged
LOC_Os01g07120,LOC_Os08g43040,"motif, motif_CE",merged
LOC_Os01g07120,LOC_Os10g22880,motif,merged
LOC_Os01g07120,LOC_Os08g03800,motif,merged
LOC_Os01g07120,LOC_Os05g12140,motif,merged
LOC_Os01g07120,LOC_Os03g17450,motif_CE,motif_CE
LOC_Os01g07120,LOC_Os02g28040,motif_CE,motif_CE
LOC_Os01g07120,LOC_Os04g44550,motif_CE,motif_CE
LOC_Os01g07120,LOC_Os12g44280,motif,merged
LOC_Os01g07120,LOC_Os04g10530,motif,merged
LOC_Os01g07120,LOC_Os12g14132,motif,merged
LOC_Os01g07120,LOC_Os09g31380,motif,merged
LOC_Os01g07120,LOC_Os03g12300,motif_CE,motif_CE
LOC_Os01g07120,LOC_Os06g07896,FunTFBS,FunTFBS
LOC_Os01g07120,LOC_Os03g10790,motif,merged
LOC_Os01g07120,LOC_Os03g58640,"FunTFBS, motif, motif_CE",merged
LOC_Os01g07120,LOC_Os09g38060,"FunTFBS, motif",merged
LOC_Os01g07120,LOC_Os07g30790,motif,merged
LOC_Os01g07120,LOC_Os10g07544,motif_CE,motif_CE
LOC_Os01g07120,LOC_Os05g03030,motif_CE,motif_CE
LOC_Os01g07120,LOC_Os04g40840,motif,merged
LOC_Os01g07120,LOC_Os03g02390,motif_CE,motif_CE
LOC_Os01g07120,LOC_Os06g05250,"motif, motif_CE",merged
LOC_Os01g07120,LOC_Os03g61090,"motif, motif_CE",merged
LOC_Os01g07120,LOC_Os08g33890,motif,merged
LOC_Os01g07120,LOC_Os09g24220,"motif, motif_CE",merged
LOC_Os01g07120,LOC_Os04g22640,motif,merged
LOC_Os01g07120,LOC_Os02g21925,motif_CE,motif_CE
LOC_Os01g07120,LOC_Os08g04620,motif,merged
LOC_Os01g07120,LOC_Os09g21050,motif,merged
LOC_Os01g07120,LOC_Os08g35948,motif,merged
LOC_Os01g07120,LOC_Os01g60660,"FunTFBS, motif, motif_CE",merged
LOC_Os01g07120,LOC_Os07g48850,motif,merged
LOC_Os01g07120,LOC_Os08g24360,motif,merged
LOC_Os01g07120,LOC_Os12g28659,motif,merged
LOC_Os01g07120,LOC_Os12g08030,motif,merged
LOC_Os01g07120,LOC_Os05g31000,motif,merged
LOC_Os01g07120,LOC_Os01g45730,"motif, motif_CE",merged
LOC_Os01g07120,LOC_Os02g32270,motif,merged
LOC_Os01g07120,LOC_Os05g05730,motif_CE,motif_CE
LOC_Os01g07120,LOC_Os11g05730,"FunTFBS, motif",merged
LOC_Os01g07120,LOC_Os05g46090,motif_CE,motif_CE
LOC_Os01g07120,LOC_Os05g06460,"motif, motif_CE",merged
LOC_Os01g07120,LOC_Os02g43830,"motif, motif_CE",merged
LOC_Os01g07120,LOC_Os09g22330,motif,merged
LOC_Os01g07120,LOC_Os03g25090,motif,merged
LOC_Os01g07120,LOC_Os06g07474,"FunTFBS, motif, motif_CE",merged
LOC_Os01g07120,LOC_Os11g42280,motif,merged
LOC_Os01g07120,LOC_Os07g39550,motif,merged
LOC_Os01g07120,LOC_Os02g23829,motif,merged
LOC_Os01g07120,LOC_Os07g16540,motif,merged
LOC_Os01g07120,LOC_Os09g26420,motif,merged
LOC_Os01g07120,LOC_Os02g51400,motif_CE,motif_CE
LOC_Os01g07120,LOC_Os11g47080,motif,merged
LOC_Os01g07120,LOC_Os03g21030,"motif, motif_CE",merged
LOC_Os01g07120,LOC_Os03g34040,FunTFBS,FunTFBS
LOC_Os01g07120,LOC_Os02g34870,motif,merged
LOC_Os01g07120,LOC_Os07g37820,motif_CE,motif_CE
LOC_Os01g07120,LOC_Os02g50760,"motif, motif_CE",merged
LOC_Os01g07120,LOC_Os04g56210,"motif, motif_CE",merged
LOC_Os01g07120,LOC_Os02g27769,"motif, motif_CE",merged
LOC_Os01g07120,LOC_Os02g43070,motif,merged
LOC_Os01g07120,LOC_Os02g39180,motif_CE,motif_CE
LOC_Os01g07120,LOC_Os05g34690,motif,merged
LOC_Os01g07120,LOC_Os07g32950,"FunTFBS, motif",merged
LOC_Os01g07120,LOC_Os11g44550,motif,merged
LOC_Os01g07120,LOC_Os04g15000,motif,merged
LOC_Os01g07120,LOC_Os05g16140,motif,merged
LOC_Os01g07120,LOC_Os01g42120,motif,merged
LOC_Os01g07120,LOC_Os08g43200,motif,merged
LOC_Os01g07120,LOC_Os08g09200,"motif, motif_CE",merged
LOC_Os01g07120,LOC_Os03g59560,motif_CE,motif_CE
LOC_Os01g07120,LOC_Os04g51900,motif_CE,motif_CE
LOC_Os01g07120,LOC_Os11g13940,"motif, motif_CE",merged
LOC_Os01g07120,LOC_Os01g07680,motif,merged
LOC_Os01g07120,LOC_Os11g09200,motif,merged
LOC_Os01g07120,LOC_Os07g30494,motif,merged
LOC_Os01g07120,LOC_Os12g41460,motif,merged
LOC_Os01g07120,LOC_Os02g49620,motif,merged
LOC_Os01g07120,LOC_Os02g56210,"motif, motif_CE",merged
LOC_Os01g07120,LOC_Os07g07130,motif,merged
LOC_Os01g07120,LOC_Os01g58170,motif,merged
LOC_Os01g07120,LOC_Os04g04310,"motif, motif_CE",merged
LOC_Os01g07120,LOC_Os02g03690,motif_CE,motif_CE
LOC_Os01g07120,LOC_Os07g42150,motif,merged
LOC_Os01g07120,LOC_Os11g43340,motif,merged
LOC_Os01g07120,LOC_Os05g44090,motif,merged
LOC_Os01g07120,LOC_Os01g74146,motif,merged
LOC_Os01g07120,LOC_Os04g54390,motif,merged
LOC_Os01g07120,LOC_Os01g06010,motif,merged
LOC_Os01g07120,LOC_Os04g46580,motif,merged
LOC_Os01g07120,LOC_Os03g02580,motif,merged
LOC_Os01g07120,LOC_Os11g36460,FunTFBS,FunTFBS
LOC_Os01g07120,LOC_Os06g49520,motif_CE,motif_CE
LOC_Os01g07120,LOC_Os03g41879,motif,merged
LOC_Os01g07120,LOC_Os03g57070,motif_CE,motif_CE
LOC_Os01g07120,LOC_Os05g16270,motif,merged
LOC_Os01g07120,LOC_Os07g46160,motif,merged
LOC_Os01g07120,LOC_Os06g33470,motif,merged
LOC_Os01g07120,LOC_Os04g22680,motif,merged
LOC_Os01g07120,LOC_Os11g43920,motif,merged
LOC_Os01g07120,LOC_Os12g11840,motif,merged
LOC_Os01g07120,LOC_Os02g36780,motif,merged
LOC_Os01g07120,LOC_Os08g02610,motif,merged
LOC_Os01g07120,LOC_Os02g20370,motif,merged
LOC_Os01g07120,LOC_Os04g46030,motif,merged
LOC_Os01g07120,LOC_Os09g10300,motif,merged
LOC_Os01g07120,LOC_Os07g47470,motif,merged
LOC_Os01g07120,LOC_Os11g38550,motif,merged
LOC_Os01g07120,LOC_Os06g03590,FunTFBS,FunTFBS
LOC_Os01g07120,LOC_Os02g13990,motif,merged
LOC_Os01g07120,LOC_Os02g20729,motif,merged
LOC_Os01g07120,LOC_Os09g18610,motif,merged
LOC_Os01g07120,LOC_Os08g03760,FunTFBS,FunTFBS
LOC_Os01g07120,LOC_Os09g01360,"motif, motif_CE",merged
LOC_Os01g07120,LOC_Os12g32544,motif,merged
LOC_Os01g07120,LOC_Os02g46120,motif_CE,motif_CE
LOC_Os01g07120,LOC_Os10g08160,motif,merged
LOC_Os01g07120,LOC_Os03g31544,motif,merged
LOC_Os01g07120,LOC_Os11g25360,FunTFBS,FunTFBS
LOC_Os01g07120,LOC_Os01g40570,motif,merged
LOC_Os01g07120,LOC_Os02g38010,motif,merged
LOC_Os01g07120,LOC_Os03g61970,FunTFBS,FunTFBS
LOC_Os01g07120,LOC_Os01g38710,motif,merged
LOC_Os01g07120,LOC_Os02g01940,motif,merged
LOC_Os01g07120,LOC_Os07g35360,motif,merged
LOC_Os01g07120,LOC_Os11g45940,motif,merged
LOC_Os01g07120,LOC_Os03g25260,"motif, motif_CE",merged
LOC_Os01g07120,LOC_Os01g42950,FunTFBS,FunTFBS
LOC_Os01g07120,LOC_Os01g58350,motif_CE,motif_CE
LOC_Os01g07120,LOC_Os05g19540,motif,merged
LOC_Os01g07120,LOC_Os09g10400,motif,merged
LOC_Os01g07120,LOC_Os03g17450,"motif, motif_CE",merged
LOC_Os01g07120,LOC_Os02g35910,"FunTFBS, motif",merged
LOC_Os01g07120,LOC_Os01g41250,motif,merged
LOC_Os01g07120,LOC_Os12g42140,"motif, motif_CE",merged
LOC_Os01g07120,LOC_Os01g32184,motif,merged
LOC_Os01g07120,LOC_Os03g36270,"motif, motif_CE",merged
LOC_Os01g07120,LOC_Os05g32980,motif,merged
LOC_Os01g07120,LOC_Os06g34190,motif,merged
LOC_Os01g07120,LOC_Os05g18480,motif,merged
LOC_Os01g07120,LOC_Os12g31120,motif,merged
LOC_Os01g07120,LOC_Os07g27100,motif,merged
LOC_Os01g07120,LOC_Os11g28490,motif,merged
LOC_Os01g07120,LOC_Os05g38520,motif,merged
LOC_Os01g07120,LOC_Os08g15450,motif_CE,motif_CE
LOC_Os01g07120,LOC_Os04g56610,motif,merged
LOC_Os01g07120,LOC_Os01g56680,"motif, motif_CE",merged
LOC_Os01g07120,LOC_Os04g57870,motif,merged
LOC_Os01g07120,LOC_Os03g47022,motif_CE,motif_CE
LOC_Os01g07120,LOC_Os10g21160,motif,merged
LOC_Os01g07120,LOC_Os04g23330,motif,merged
LOC_Os01g07120,LOC_Os07g09200,FunTFBS,FunTFBS
LOC_Os01g07120,LOC_Os11g36870,motif,merged
LOC_Os01g07120,LOC_Os06g14420,motif,merged
LOC_Os01g07120,LOC_Os10g21430,motif,merged
LOC_Os01g07120,LOC_Os09g33950,"motif, motif_CE",merged
LOC_Os01g07120,LOC_Os01g07340,"motif, motif_CE",merged
LOC_Os01g07120,LOC_Os12g24070,motif,merged
LOC_Os01g07120,LOC_Os07g31420,motif,merged
LOC_Os01g07120,LOC_Os06g42824,motif_CE,motif_CE
LOC_Os01g07120,LOC_Os10g02980,"FunTFBS, motif, motif_CE",merged
LOC_Os01g07120,LOC_Os06g14180,FunTFBS,FunTFBS
LOC_Os01g07120,LOC_Os02g55150,"FunTFBS, motif, motif_CE",merged
LOC_Os01g07120,LOC_Os11g32990,motif,merged
LOC_Os01g07120,LOC_Os03g18840,FunTFBS,FunTFBS
LOC_Os01g07120,LOC_Os03g21914,motif,merged
LOC_Os01g07120,LOC_Os01g67200,motif,merged
LOC_Os01g07120,LOC_Os06g25330,motif,merged
LOC_Os01g07120,LOC_Os01g51290,motif_CE,motif_CE
LOC_Os01g07120,LOC_Os05g26260,motif,merged
LOC_Os01g07120,LOC_Os02g51400,"motif, motif_CE",merged
LOC_Os01g07120,LOC_Os07g26370,motif,merged
LOC_Os01g07120,LOC_Os03g10870,motif,merged
LOC_Os01g07120,LOC_Os05g08420,motif_CE,motif_CE
LOC_Os01g07120,LOC_Os05g36050,motif_CE,motif_CE
LOC_Os01g07120,LOC_Os02g09750,motif_CE,motif_CE
LOC_Os01g07120,LOC_Os01g35149,motif,merged
LOC_Os01g07120,LOC_Os03g05020,motif_CE,motif_CE
LOC_Os01g07120,LOC_Os11g26030,motif,merged
LOC_Os01g07120,LOC_Os12g12570,motif,merged
LOC_Os01g07120,LOC_Os09g38300,motif_CE,motif_CE
LOC_Os01g07120,LOC_Os02g54410,FunTFBS,FunTFBS
LOC_Os01g07120,LOC_Os07g37920,motif_CE,motif_CE
LOC_Os01g07120,LOC_Os02g18920,motif,merged
LOC_Os01g07120,LOC_Os08g13000,motif,merged
LOC_Os01g07120,LOC_Os07g12660,"motif, motif_CE",merged
LOC_Os01g07120,LOC_Os06g46960,motif,merged
LOC_Os01g07120,LOC_Os08g29790,motif,merged
LOC_Os01g07120,LOC_Os09g39640,"motif, motif_CE",merged
LOC_Os01g07120,LOC_Os02g21050,"FunTFBS, motif",merged
LOC_Os01g07120,LOC_Os02g39180,"motif, motif_CE",merged
LOC_Os01g07120,LOC_Os02g48770,motif,merged
LOC_Os01g07120,LOC_Os01g18720,motif,merged
LOC_Os01g07120,LOC_Os01g06140,motif,merged
LOC_Os01g07120,LOC_Os11g41150,motif,merged
LOC_Os01g07120,LOC_Os07g15720,motif,merged
LOC_Os01g07120,LOC_Os10g38870,"motif, motif_CE",merged
LOC_Os01g07120,LOC_Os10g21870,motif,merged
LOC_Os01g07120,LOC_Os09g04490,motif_CE,motif_CE
LOC_Os01g07120,LOC_Os03g57790,motif,merged
LOC_Os01g07120,LOC_Os06g47110,motif_CE,motif_CE
LOC_Os01g07120,LOC_Os07g04180,motif_CE,motif_CE
LOC_Os01g07120,LOC_Os07g18830,motif,merged
LOC_Os01g07120,LOC_Os08g30180,motif,merged
LOC_Os01g07120,LOC_Os02g53130,motif_CE,motif_CE
LOC_Os01g07120,LOC_Os01g67430,motif,merged
LOC_Os01g07120,LOC_Os08g06830,motif,merged
LOC_Os01g07120,LOC_Os11g34290,motif,merged
LOC_Os01g07120,LOC_Os11g24012,motif,merged
LOC_Os01g07120,LOC_Os01g39220,motif,merged
LOC_Os01g07120,LOC_Os08g36820,"motif, motif_CE",merged
LOC_Os01g07120,LOC_Os05g48300,motif,merged
LOC_Os01g07120,LOC_Os05g17440,motif,merged
LOC_Os01g07120,LOC_Os03g24770,"motif, motif_CE",merged
LOC_Os01g07120,LOC_Os07g29880,motif,merged
LOC_Os01g07120,LOC_Os11g22050,motif,merged
LOC_Os01g07120,LOC_Os03g19140,motif,merged
LOC_Os01g07120,LOC_Os10g20200,motif,merged
LOC_Os01g07120,LOC_Os02g04160,motif,merged
LOC_Os01g07120,LOC_Os08g16840,motif_CE,motif_CE
LOC_Os01g07120,LOC_Os02g44570,motif,merged
LOC_Os01g07120,LOC_Os05g27640,motif,merged
LOC_Os01g07120,LOC_Os11g34120,motif,merged
LOC_Os01g07120,LOC_Os03g44180,motif,merged
LOC_Os01g07120,LOC_Os06g12780,FunTFBS,FunTFBS
LOC_Os01g07120,LOC_Os01g09770,motif,merged
LOC_Os01g07120,LOC_Os10g13870,FunTFBS,FunTFBS
LOC_Os01g07120,LOC_Os07g33770,motif,merged
LOC_Os01g07120,LOC_Os07g37340,motif_CE,motif_CE
LOC_Os01g07120,LOC_Os03g43950,motif,merged
LOC_Os01g07120,LOC_Os12g33415,motif,merged
LOC_Os01g07120,LOC_Os08g25830,motif_CE,motif_CE
LOC_Os01g07120,LOC_Os02g49080,FunTFBS,FunTFBS
LOC_Os01g07120,LOC_Os03g11660,motif_CE,motif_CE
LOC_Os01g07120,LOC_Os05g07130,motif_CE,motif_CE
LOC_Os01g07120,LOC_Os03g11990,motif_CE,motif_CE
LOC_Os01g07120,LOC_Os11g02600,"FunTFBS, motif",merged
LOC_Os01g07120,LOC_Os01g71360,motif,merged
LOC_Os01g07120,LOC_Os03g56300,"motif, motif_CE",merged
LOC_Os01g07120,LOC_Os04g34950,motif,merged
LOC_Os01g07120,LOC_Os02g29880,motif,merged
LOC_Os01g07120,LOC_Os08g24400,motif,merged
LOC_Os01g07120,LOC_Os06g37130,motif,merged
LOC_Os01g07120,LOC_Os06g02010,motif,merged
LOC_Os01g07120,LOC_Os05g51100,motif,merged
LOC_Os01g07120,LOC_Os06g09380,"motif, motif_CE",merged
LOC_Os01g07120,LOC_Os04g16160,motif,merged
LOC_Os01g07120,LOC_Os03g60960,motif,merged
LOC_Os01g07120,LOC_Os07g42500,motif,merged
LOC_Os01g07120,LOC_Os02g54720,FunTFBS,FunTFBS
LOC_Os01g07120,LOC_Os02g41490,motif,merged
LOC_Os01g07120,LOC_Os03g53440,motif,merged
LOC_Os01g07120,LOC_Os07g39290,motif_CE,motif_CE
LOC_Os01g07120,LOC_Os05g32330,motif_CE,motif_CE
LOC_Os01g07120,LOC_Os12g43940,motif,merged
LOC_Os01g07120,LOC_Os03g05160,motif_CE,motif_CE
LOC_Os01g07120,LOC_Os09g19880,"motif, motif_CE",merged
LOC_Os01g07120,LOC_Os02g17660,motif,merged
LOC_Os01g07120,LOC_Os02g21220,motif,merged
LOC_Os01g07120,LOC_Os12g27980,motif,merged
LOC_Os01g07120,LOC_Os08g35750,motif_CE,motif_CE
LOC_Os01g07120,LOC_Os11g08360,motif,merged
LOC_Os01g07120,LOC_Os03g40700,"motif, motif_CE",merged
LOC_Os01g07120,LOC_Os01g19000,motif,merged
LOC_Os01g07120,LOC_Os03g52430,"motif, motif_CE",merged
LOC_Os01g07120,LOC_Os12g15820,motif,merged
LOC_Os01g07120,LOC_Os07g17040,motif,merged
LOC_Os01g07120,LOC_Os05g23440,motif_CE,motif_CE
LOC_Os01g07120,LOC_Os09g23690,motif,merged
LOC_Os01g07120,LOC_Os06g36400,motif,merged
LOC_Os01g07120,LOC_Os03g58520,motif_CE,motif_CE
LOC_Os01g07120,LOC_Os11g25140,motif,merged
LOC_Os01g07120,LOC_Os01g14790,motif,merged
LOC_Os01g07120,LOC_Os12g30000,motif,merged
LOC_Os01g07120,LOC_Os03g11540,motif,merged
LOC_Os01g07120,LOC_Os06g38430,motif,merged
LOC_Os01g07120,LOC_Os04g01580,motif,merged
LOC_Os01g07120,LOC_Os10g24840,motif,merged
LOC_Os01g07120,LOC_Os02g46710,motif_CE,motif_CE
LOC_Os01g07120,LOC_Os03g49450,"motif, motif_CE",merged
LOC_Os01g07120,LOC_Os04g35580,motif,merged
LOC_Os01g07120,LOC_Os01g15300,"FunTFBS, motif",merged
LOC_Os01g07120,LOC_Os01g10300,motif,merged
LOC_Os01g07120,LOC_Os05g22650,motif,merged
LOC_Os01g07120,LOC_Os07g35710,motif,merged
LOC_Os01g07120,LOC_Os07g31810,motif,merged
LOC_Os01g07120,LOC_Os05g06670,motif_CE,motif_CE
LOC_Os01g07120,LOC_Os03g55000,motif,merged
LOC_Os01g07120,LOC_Os02g28500,motif,merged
LOC_Os01g07120,LOC_Os05g12460,FunTFBS,FunTFBS
LOC_Os01g07120,LOC_Os11g30140,motif,merged
LOC_Os01g07120,LOC_Os03g55490,"motif, motif_CE",merged
LOC_Os01g07120,LOC_Os03g50090,motif_CE,motif_CE
LOC_Os01g07120,LOC_Os01g58710,motif,merged
LOC_Os01g07120,LOC_Os01g16340,"motif, motif_CE",merged
LOC_Os01g07120,LOC_Os05g50820,motif,merged
LOC_Os01g07120,LOC_Os11g32520,motif,merged
LOC_Os01g07120,LOC_Os07g26640,motif,merged
LOC_Os01g07120,LOC_Os02g37510,motif,merged
LOC_Os01g07120,LOC_Os10g04780,motif,merged
LOC_Os01g07120,LOC_Os03g22330,FunTFBS,FunTFBS
LOC_Os01g07120,LOC_Os09g38300,"motif, motif_CE",merged
LOC_Os01g07120,LOC_Os05g39990,motif_CE,motif_CE
LOC_Os01g07120,LOC_Os08g10280,motif,merged
LOC_Os01g07120,LOC_Os04g51360,motif,merged
LOC_Os01g07120,LOC_Os11g35600,motif,merged
LOC_Os01g07120,LOC_Os10g42520,"FunTFBS, motif, motif_CE",merged
LOC_Os01g07120,LOC_Os06g03620,motif,merged
LOC_Os01g07120,LOC_Os09g38600,FunTFBS,FunTFBS
LOC_Os01g07120,LOC_Os07g08150,motif,merged
LOC_Os01g07120,LOC_Os01g59970,motif,merged
LOC_Os01g07120,LOC_Os01g23750,motif,merged
LOC_Os01g07120,LOC_Os02g56470,motif,merged
LOC_Os01g07120,LOC_Os03g30800,"motif, motif_CE",merged
LOC_Os01g07120,LOC_Os03g61390,motif,merged
LOC_Os01g07120,LOC_Os10g30460,motif,merged
LOC_Os01g07120,LOC_Os12g24240,"FunTFBS, motif, motif_CE",merged
LOC_Os01g07120,LOC_Os09g36530,"FunTFBS, motif",merged
LOC_Os01g07120,LOC_Os09g04490,"motif, motif_CE",merged
LOC_Os01g07120,LOC_Os10g36180,motif,merged
LOC_Os01g07120,LOC_Os06g47110,"motif, motif_CE",merged
LOC_Os01g07120,LOC_Os09g13130,motif,merged
LOC_Os01g07120,LOC_Os01g03989,motif,merged
LOC_Os01g07120,LOC_Os02g57630,motif,merged
LOC_Os01g07120,LOC_Os03g12520,motif,merged
LOC_Os01g07120,LOC_Os08g17655,motif,merged
LOC_Os01g07120,LOC_Os02g25950,motif,merged
LOC_Os01g07120,LOC_Os11g07490,motif,merged
LOC_Os01g07120,LOC_Os03g56740,motif,merged
LOC_Os01g07120,LOC_Os02g03050,motif,merged
LOC_Os01g07120,LOC_Os04g53340,"motif, motif_CE",merged
LOC_Os01g07120,LOC_Os05g02050,FunTFBS,FunTFBS
LOC_Os01g07120,LOC_Os10g24020,motif,merged
LOC_Os01g07120,LOC_Os11g34660,motif,merged
LOC_Os01g07120,LOC_Os11g07030,"motif, motif_CE",merged
LOC_Os01g07120,LOC_Os05g05470,motif,merged
LOC_Os01g07120,LOC_Os10g21020,motif,merged
LOC_Os01g07120,LOC_Os01g47600,motif,merged
LOC_Os01g07120,LOC_Os10g42840,motif,merged
LOC_Os01g07120,LOC_Os03g03470,motif_CE,motif_CE
LOC_Os01g07120,LOC_Os11g03710,motif,merged
LOC_Os01g07120,LOC_Os07g37340,"motif, motif_CE",merged
LOC_Os01g07120,LOC_Os02g41520,motif,merged
LOC_Os01g07120,LOC_Os11g16520,motif,merged
LOC_Os01g07120,LOC_Os06g10810,motif_CE,motif_CE
LOC_Os01g07120,LOC_Os03g11660,"motif, motif_CE",merged
LOC_Os01g07120,LOC_Os01g41600,motif_CE,motif_CE
LOC_Os01g07120,LOC_Os05g05330,motif,merged
LOC_Os01g07120,LOC_Os03g01550,motif,merged
LOC_Os01g07120,LOC_Os09g27410,motif,merged
LOC_Os01g07120,LOC_Os09g19850,motif,merged
LOC_Os01g07120,LOC_Os07g41630,motif,merged
LOC_Os01g07120,LOC_Os02g04850,motif,merged
LOC_Os01g07120,LOC_Os02g58630,motif_CE,motif_CE
LOC_Os01g07120,LOC_Os10g31360,motif,merged
LOC_Os01g07120,LOC_Os06g30860,motif,merged
LOC_Os01g07120,LOC_Os01g10940,motif,merged
LOC_Os01g07120,LOC_Os10g42540,motif_CE,motif_CE
LOC_Os01g07120,LOC_Os05g32330,"motif, motif_CE",merged
LOC_Os01g07120,LOC_Os12g37200,motif,merged
LOC_Os01g07120,LOC_Os03g05160,"motif, motif_CE",merged
LOC_Os01g07120,LOC_Os01g11590,motif_CE,motif_CE
LOC_Os01g07120,LOC_Os12g04160,"FunTFBS, motif",merged
LOC_Os01g07120,LOC_Os01g06360,motif,merged
LOC_Os01g07120,LOC_Os02g21280,motif,merged
LOC_Os01g07120,LOC_Os09g11310,motif,merged
LOC_Os01g07120,LOC_Os02g43310,FunTFBS,FunTFBS
LOC_Os01g07120,LOC_Os05g42140,motif,merged
LOC_Os01g07120,LOC_Os11g44880,motif,merged
LOC_Os01g07120,LOC_Os05g50240,motif,merged
LOC_Os01g07120,LOC_Os10g41070,"FunTFBS, motif",merged
LOC_Os01g07120,LOC_Os08g23260,motif,merged
LOC_Os01g07120,LOC_Os02g51360,motif,merged
LOC_Os01g07120,LOC_Os06g42640,motif,merged
LOC_Os01g07120,LOC_Os06g31010,motif,merged
LOC_Os01g07120,LOC_Os07g28800,"motif, motif_CE",merged
LOC_Os01g07120,LOC_Os11g06540,motif,merged
LOC_Os01g07120,LOC_Os08g18070,motif,merged
LOC_Os01g07120,LOC_Os05g09360,motif_CE,motif_CE
LOC_Os01g07120,LOC_Os07g24460,motif,merged
LOC_Os01g07120,LOC_Os07g43160,motif,merged
LOC_Os01g07120,LOC_Os08g15450,"motif, motif_CE",merged
LOC_Os01g07120,LOC_Os10g37700,motif,merged
LOC_Os01g07120,LOC_Os05g11414,motif_CE,motif_CE
LOC_Os01g07120,LOC_Os03g02400,motif_CE,motif_CE
LOC_Os01g07120,LOC_Os03g34230,motif,merged
LOC_Os01g07120,LOC_Os07g39750,motif,merged
LOC_Os01g07120,LOC_Os09g28250,motif,merged
LOC_Os01g07120,LOC_Os02g07260,motif,merged
LOC_Os01g07120,LOC_Os12g12740,motif,merged
LOC_Os01g07120,LOC_Os03g50090,"motif, motif_CE",merged
LOC_Os01g07120,LOC_Os03g52920,motif,merged
LOC_Os01g07120,LOC_Os07g08160,motif_CE,motif_CE
LOC_Os01g07120,LOC_Os06g39810,motif,merged
LOC_Os01g07120,LOC_Os12g32180,motif_CE,motif_CE
LOC_Os01g07120,LOC_Os03g55870,motif,merged
LOC_Os01g07120,LOC_Os08g03710,motif,merged
LOC_Os01g07120,LOC_Os11g05850,motif,merged
LOC_Os01g07120,LOC_Os05g33720,motif,merged
LOC_Os01g07120,LOC_Os01g51290,"motif, motif_CE",merged
LOC_Os01g07120,LOC_Os06g45040,motif_CE,motif_CE
LOC_Os01g07120,LOC_Os08g15460,motif,merged
LOC_Os01g07120,LOC_Os02g09750,"motif, motif_CE",merged
LOC_Os01g07120,LOC_Os05g05580,"motif, motif_CE",merged
LOC_Os01g07120,LOC_Os06g33160,motif,merged
LOC_Os01g07120,LOC_Os09g20560,"FunTFBS, motif, motif_CE",merged
LOC_Os01g07120,LOC_Os10g42090,motif_CE,motif_CE
LOC_Os01g07120,LOC_Os04g15780,FunTFBS,FunTFBS
LOC_Os01g07120,LOC_Os05g25480,motif,merged
LOC_Os01g07120,LOC_Os07g36460,motif_CE,motif_CE
LOC_Os01g07120,LOC_Os09g37580,motif,merged
LOC_Os01g07120,LOC_Os09g08060,motif,merged
LOC_Os01g07120,LOC_Os01g19450,motif,merged
LOC_Os01g07120,LOC_Os09g35970,"FunTFBS, motif, motif_CE",merged
LOC_Os01g07120,LOC_Os12g03220,motif,merged
LOC_Os01g07120,LOC_Os01g45290,motif,merged
LOC_Os01g07120,LOC_Os07g04180,"motif, motif_CE",merged
LOC_Os01g07120,LOC_Os08g32430,motif,merged
LOC_Os01g07120,LOC_Os03g38800,motif_CE,motif_CE
LOC_Os01g07120,LOC_Os03g25550,"motif, motif_CE",merged
LOC_Os01g07120,LOC_Os05g08010,motif,merged
LOC_Os01g07120,LOC_Os07g02460,motif_CE,motif_CE
LOC_Os01g07120,LOC_Os07g46690,motif,merged
LOC_Os01g07120,LOC_Os05g24880,motif,merged
LOC_Os01g07120,LOC_Os11g14400,motif,merged
LOC_Os01g07120,LOC_Os03g26784,motif,merged
LOC_Os01g07120,LOC_Os02g29110,motif,merged
LOC_Os01g07120,LOC_Os02g41770,motif,merged
LOC_Os01g07120,LOC_Os10g42500,FunTFBS,FunTFBS
LOC_Os01g07120,LOC_Os08g40750,motif,merged
LOC_Os01g07120,LOC_Os01g06050,motif,merged
LOC_Os01g07120,LOC_Os05g35520,motif,merged
LOC_Os01g07120,LOC_Os02g28860,"FunTFBS, motif",merged
LOC_Os01g07120,LOC_Os01g41600,"motif, motif_CE",merged
LOC_Os01g07120,LOC_Os08g30080,motif,merged
LOC_Os01g07120,LOC_Os10g32420,motif,merged
LOC_Os01g07120,LOC_Os12g43140,"motif, motif_CE",merged
LOC_Os01g07120,LOC_Os03g11990,"motif, motif_CE",merged
LOC_Os01g07120,LOC_Os08g41770,motif,merged
LOC_Os01g07120,LOC_Os04g25780,motif,merged
LOC_Os01g07120,LOC_Os01g57900,"motif, motif_CE",merged
LOC_Os01g07120,LOC_Os07g41050,motif_CE,motif_CE
LOC_Os01g07120,LOC_Os01g05585,"motif, motif_CE",merged
LOC_Os01g07120,LOC_Os02g09800,"motif, motif_CE",merged
LOC_Os01g07120,LOC_Os11g11180,"FunTFBS, motif",merged
LOC_Os01g07120,LOC_Os07g04800,motif,merged
LOC_Os01g07120,LOC_Os12g17120,motif,merged
LOC_Os01g07120,LOC_Os03g64420,motif,merged
LOC_Os01g07120,LOC_Os09g06540,FunTFBS,FunTFBS
LOC_Os01g07120,LOC_Os10g08240,motif,merged
LOC_Os01g07120,LOC_Os10g33660,motif,merged
LOC_Os01g07120,LOC_Os06g44150,motif_CE,motif_CE
LOC_Os01g07120,LOC_Os02g55040,motif,merged
LOC_Os01g07120,LOC_Os02g08120,motif_CE,motif_CE
LOC_Os01g07120,LOC_Os07g22260,motif,merged
LOC_Os01g07120,LOC_Os07g05110,motif_CE,motif_CE
LOC_Os01g07120,LOC_Os04g03360,motif,merged
LOC_Os01g07120,LOC_Os10g33520,motif,merged
LOC_Os01g07120,LOC_Os07g20880,motif,merged
LOC_Os01g07120,LOC_Os09g36030,motif,merged
LOC_Os01g07120,LOC_Os01g42370,motif_CE,motif_CE
LOC_Os01g07120,LOC_Os10g23204,motif,merged
LOC_Os01g07120,LOC_Os08g07450,motif,merged
LOC_Os01g07120,LOC_Os03g46750,motif,merged
LOC_Os01g07120,LOC_Os12g08990,motif,merged
LOC_Os01g07120,LOC_Os09g33540,FunTFBS,FunTFBS
LOC_Os01g07120,LOC_Os02g56820,motif,merged
LOC_Os01g07120,LOC_Os01g63330,motif,merged
LOC_Os01g07120,LOC_Os07g20420,motif,merged
LOC_Os01g07120,LOC_Os05g05370,"motif, motif_CE",merged
LOC_Os01g07120,LOC_Os01g09400,motif,merged
LOC_Os01g07120,LOC_Os04g43030,motif,merged
LOC_Os01g07120,LOC_Os11g26280,motif,merged
LOC_Os01g07120,LOC_Os07g27790,motif,merged
LOC_Os01g07120,LOC_Os08g35930,motif,merged
LOC_Os01g07120,LOC_Os08g35750,"motif, motif_CE",merged
LOC_Os01g07120,LOC_Os10g06690,motif,merged
LOC_Os01g07120,LOC_Os03g35870,motif,merged
LOC_Os01g07120,LOC_Os02g01710,motif,merged
LOC_Os01g07120,LOC_Os04g43400,motif_CE,motif_CE
LOC_Os01g07120,LOC_Os04g31870,motif_CE,motif_CE
LOC_Os01g07120,LOC_Os01g21660,motif,merged
LOC_Os01g07120,LOC_Os09g26240,motif,merged
LOC_Os01g07120,LOC_Os12g34802,motif,merged
LOC_Os01g07120,LOC_Os10g22980,motif,merged
LOC_Os01g07120,LOC_Os03g58520,"motif, motif_CE",merged
LOC_Os01g07120,LOC_Os04g24710,motif,merged
LOC_Os01g07120,LOC_Os08g16010,motif_CE,motif_CE
LOC_Os01g07120,LOC_Os12g42560,motif_CE,motif_CE
LOC_Os01g07120,LOC_Os03g14480,motif,merged
LOC_Os01g07120,LOC_Os06g41060,motif_CE,motif_CE
LOC_Os01g07120,LOC_Os03g25600,motif,merged
LOC_Os01g07120,LOC_Os04g33840,motif_CE,motif_CE
LOC_Os01g07120,LOC_Os11g35050,motif,merged
LOC_Os01g07120,LOC_Os02g46956,"FunTFBS, motif",merged
LOC_Os01g07120,LOC_Os12g42090,motif_CE,motif_CE
LOC_Os01g07120,LOC_Os06g30140,motif,merged
LOC_Os01g07120,LOC_Os04g33390,motif_CE,motif_CE
LOC_Os01g07120,LOC_Os07g31850,motif_CE,motif_CE
LOC_Os01g07120,LOC_Os01g41870,"FunTFBS, motif",merged
LOC_Os01g07120,LOC_Os02g22600,motif,merged
LOC_Os01g07120,LOC_Os01g21560,motif,merged
LOC_Os01g07120,LOC_Os02g22540,"FunTFBS, motif",merged
LOC_Os01g07120,LOC_Os06g26080,motif,merged
LOC_Os01g07120,LOC_Os08g22380,"motif, motif_CE",merged
LOC_Os01g07120,LOC_Os10g39060,motif_CE,motif_CE
LOC_Os01g07120,LOC_Os05g40230,motif,merged
LOC_Os01g07120,LOC_Os06g40360,"FunTFBS, motif",merged
LOC_Os01g07120,LOC_Os07g15190,"FunTFBS, motif",merged
LOC_Os01g07120,LOC_Os06g37440,"motif, motif_CE",merged
LOC_Os01g07120,LOC_Os12g01090,motif,merged
LOC_Os01g07120,LOC_Os01g20970,motif,merged
LOC_Os01g07120,LOC_Os12g32180,"motif, motif_CE",merged
LOC_Os01g07120,LOC_Os02g42640,motif,merged
LOC_Os01g07120,LOC_Os11g23970,motif,merged
LOC_Os01g07120,LOC_Os04g04050,motif,merged
LOC_Os01g07120,LOC_Os05g15120,motif,merged
LOC_Os01g07120,LOC_Os12g12350,motif,merged
LOC_Os01g07120,LOC_Os12g44160,motif_CE,motif_CE
LOC_Os01g07120,LOC_Os05g23180,motif,merged
LOC_Os01g07120,LOC_Os08g32540,motif,merged
LOC_Os01g07120,LOC_Os12g32300,motif,merged
LOC_Os01g07120,LOC_Os09g19500,motif,merged
LOC_Os01g07120,LOC_Os02g29390,motif,merged
LOC_Os01g07120,LOC_Os04g40900,motif_CE,motif_CE
LOC_Os01g07120,LOC_Os04g46894,"motif, motif_CE",merged
LOC_Os01g07120,LOC_Os12g26190,motif,merged
LOC_Os01g07120,LOC_Os04g14320,motif,merged
LOC_Os01g07120,LOC_Os10g11150,motif,merged
LOC_Os01g07120,LOC_Os04g49050,motif_CE,motif_CE
LOC_Os01g07120,LOC_Os07g36460,"motif, motif_CE",merged
LOC_Os01g07120,LOC_Os02g48800,motif,merged
LOC_Os01g07120,LOC_Os03g05820,"motif, motif_CE",merged
LOC_Os01g07120,LOC_Os03g57130,motif_CE,motif_CE
LOC_Os01g07120,LOC_Os01g72710,motif,merged
LOC_Os01g07120,LOC_Os04g08784,motif,merged
LOC_Os01g07120,LOC_Os05g34914,motif,merged
LOC_Os01g07120,LOC_Os01g65320,motif_CE,motif_CE
LOC_Os01g07120,LOC_Os04g13610,motif,merged
LOC_Os01g07120,LOC_Os05g38500,motif,merged
LOC_Os01g07120,LOC_Os01g10980,motif,merged
LOC_Os01g07120,LOC_Os04g48320,motif,merged
LOC_Os01g07120,LOC_Os05g39170,motif,merged
LOC_Os01g07120,LOC_Os03g20350,motif,merged
LOC_Os01g07120,LOC_Os11g01260,motif,merged
LOC_Os01g07120,LOC_Os08g23150,motif,merged
LOC_Os01g07120,LOC_Os06g45970,motif,merged
LOC_Os01g07120,LOC_Os08g36790,motif,merged
LOC_Os01g07120,LOC_Os09g19750,motif,merged
LOC_Os01g07120,LOC_Os08g02150,motif_CE,motif_CE
LOC_Os01g07120,LOC_Os12g30550,"FunTFBS, motif",merged
LOC_Os01g07120,LOC_Os08g10150,motif,merged
LOC_Os01g07120,LOC_Os07g38540,motif_CE,motif_CE
LOC_Os01g07120,LOC_Os02g03810,"FunTFBS, motif, motif_CE",merged
LOC_Os01g07120,LOC_Os01g21490,motif,merged
LOC_Os01g07120,LOC_Os04g52580,"motif, motif_CE",merged
LOC_Os01g07120,LOC_Os12g32280,motif_CE,motif_CE
LOC_Os01g07120,LOC_Os06g04660,FunTFBS,FunTFBS
LOC_Os01g07120,LOC_Os10g27180,motif_CE,motif_CE
LOC_Os01g07120,LOC_Os12g39830,"motif, motif_CE",merged
LOC_Os01g07120,LOC_Os06g11740,motif,merged
LOC_Os01g07120,LOC_Os07g16980,motif,merged
LOC_Os01g07120,LOC_Os01g32800,motif,merged
LOC_Os01g07120,LOC_Os02g01720,motif_CE,motif_CE
LOC_Os01g07120,LOC_Os10g28160,motif,merged
LOC_Os01g07120,LOC_Os04g02840,motif,merged
LOC_Os01g07120,LOC_Os09g09450,motif_CE,motif_CE
LOC_Os01g07120,LOC_Os10g25300,motif,merged
LOC_Os01g07120,LOC_Os06g51140,motif_CE,motif_CE
LOC_Os01g07120,LOC_Os02g14310,FunTFBS,FunTFBS
LOC_Os01g07120,LOC_Os07g36400,FunTFBS,FunTFBS
LOC_Os01g07120,LOC_Os03g15330,motif,merged
LOC_Os01g07120,LOC_Os09g36640,motif,merged
LOC_Os01g07120,LOC_Os11g48010,motif,merged
LOC_Os01g07120,LOC_Os07g39530,motif_CE,motif_CE
LOC_Os01g07120,LOC_Os04g06310,motif,merged
LOC_Os01g07120,LOC_Os04g49530,motif,merged
LOC_Os01g07120,LOC_Os08g24070,motif,merged
LOC_Os01g07120,LOC_Os04g53170,motif_CE,motif_CE
LOC_Os01g07120,LOC_Os08g03620,motif,merged
LOC_Os01g07120,LOC_Os02g47060,motif,merged
LOC_Os01g07120,LOC_Os10g42540,"motif, motif_CE",merged
LOC_Os01g07120,LOC_Os01g42370,"motif, motif_CE",merged
LOC_Os01g07120,LOC_Os03g25340,motif,merged
LOC_Os01g07120,LOC_Os06g40050,motif,merged
LOC_Os01g07120,LOC_Os05g42230,"motif, motif_CE",merged
LOC_Os01g07120,LOC_Os05g28330,motif_CE,motif_CE
LOC_Os01g07120,LOC_Os12g06830,motif,merged
LOC_Os01g07120,LOC_Os04g31270,FunTFBS,FunTFBS
LOC_Os01g07120,LOC_Os08g32690,motif,merged
LOC_Os01g07120,LOC_Os05g34910,motif,merged
LOC_Os01g07120,LOC_Os09g37830,motif,merged
LOC_Os01g07120,LOC_Os05g48540,motif,merged
LOC_Os01g07120,LOC_Os02g05620,motif,merged
LOC_Os01g07120,LOC_Os03g45050,motif,merged
LOC_Os01g07120,LOC_Os03g13770,motif_CE,motif_CE
LOC_Os01g07120,LOC_Os05g11870,motif_CE,motif_CE
LOC_Os01g07120,LOC_Os03g15300,motif,merged
LOC_Os01g07120,LOC_Os09g12615,motif,merged
LOC_Os01g07120,LOC_Os08g13480,motif,merged
LOC_Os01g07120,LOC_Os01g60510,motif,merged
LOC_Os01g07120,LOC_Os04g31870,"motif, motif_CE",merged
LOC_Os01g07120,LOC_Os09g36300,motif,merged
LOC_Os01g07120,LOC_Os08g45070,motif,merged
LOC_Os01g07120,LOC_Os04g42880,motif_CE,motif_CE
LOC_Os01g07120,LOC_Os06g39100,motif,merged
LOC_Os01g07120,LOC_Os12g16550,motif,merged
LOC_Os01g07120,LOC_Os04g54410,motif_CE,motif_CE
LOC_Os01g07120,LOC_Os11g39240,motif,merged
LOC_Os01g07120,LOC_Os12g37890,"motif, motif_CE",merged
LOC_Os01g07120,LOC_Os07g31560,motif,merged
LOC_Os01g07120,LOC_Os02g25080,motif_CE,motif_CE
LOC_Os01g07120,LOC_Os06g01440,motif,merged
LOC_Os01g07120,LOC_Os06g41060,"motif, motif_CE",merged
LOC_Os01g07120,LOC_Os09g12570,motif,merged
LOC_Os01g07120,LOC_Os03g39700,"FunTFBS, motif",merged
LOC_Os01g07120,LOC_Os07g14370,motif,merged
LOC_Os01g07120,LOC_Os09g16870,motif,merged
LOC_Os01g07120,LOC_Os04g39160,"FunTFBS, motif, motif_CE",merged
LOC_Os01g07120,LOC_Os11g13710,"motif, motif_CE",merged
LOC_Os01g07120,LOC_Os03g02400,"motif, motif_CE",merged
LOC_Os01g07120,LOC_Os01g47710,"motif, motif_CE",merged
LOC_Os01g07120,LOC_Os08g11290,motif,merged
LOC_Os01g07120,LOC_Os12g42650,motif,merged
LOC_Os01g07120,LOC_Os12g14070,motif,merged
LOC_Os01g07120,LOC_Os07g06960,motif,merged
LOC_Os01g07120,LOC_Os09g33876,motif,merged
LOC_Os01g07120,LOC_Os06g22520,"FunTFBS, motif",merged
LOC_Os01g07120,LOC_Os11g35100,motif,merged
LOC_Os01g07120,LOC_Os03g14258,motif,merged
LOC_Os01g07120,LOC_Os03g13170,motif,merged
LOC_Os01g07120,LOC_Os11g10810,motif,merged
LOC_Os01g07120,LOC_Os08g05950,FunTFBS,FunTFBS
LOC_Os01g07120,LOC_Os07g38940,motif,merged
LOC_Os01g07120,LOC_Os01g07490,motif_CE,motif_CE
LOC_Os01g07120,LOC_Os12g35040,motif,merged
LOC_Os01g07120,LOC_Os09g39850,motif,merged
LOC_Os01g07120,LOC_Os03g56260,motif,merged
LOC_Os01g07120,LOC_Os07g01380,motif,merged
LOC_Os01g07120,LOC_Os10g03630,motif,merged
LOC_Os01g07120,LOC_Os10g31790,motif_CE,motif_CE
LOC_Os01g07120,LOC_Os12g42284,motif,merged
LOC_Os01g07120,LOC_Os05g44690,motif,merged
LOC_Os01g07120,LOC_Os08g35880,motif,merged
LOC_Os01g07120,LOC_Os03g36500,motif,merged
LOC_Os01g07120,LOC_Os12g42820,motif,merged
LOC_Os01g07120,LOC_Os04g45000,motif,merged
LOC_Os01g07120,LOC_Os04g59400,FunTFBS,FunTFBS
LOC_Os01g07120,LOC_Os07g31450,motif,merged
LOC_Os01g07120,LOC_Os05g10230,motif,merged
LOC_Os01g07120,LOC_Os07g41730,motif,merged
LOC_Os01g07120,LOC_Os02g58670,motif,merged
LOC_Os01g07120,LOC_Os03g13480,"motif, motif_CE",merged
LOC_Os01g07120,LOC_Os03g04169,motif_CE,motif_CE
LOC_Os01g07120,LOC_Os08g36760,motif_CE,motif_CE
LOC_Os01g07120,LOC_Os04g49050,"motif, motif_CE",merged
LOC_Os01g07120,LOC_Os08g05260,motif,merged
LOC_Os01g07120,LOC_Os10g42090,"motif, motif_CE",merged
LOC_Os01g07120,LOC_Os01g43510,"motif, motif_CE",merged
LOC_Os01g07120,LOC_Os05g37320,motif,merged
LOC_Os01g07120,LOC_Os08g43210,motif,merged
LOC_Os01g07120,LOC_Os03g01540,motif,merged
LOC_Os01g07120,LOC_Os02g07770,motif_CE,motif_CE
LOC_Os01g07120,LOC_Os06g36930,motif_CE,motif_CE
LOC_Os01g07120,LOC_Os06g36080,motif,merged
LOC_Os01g07120,LOC_Os07g40560,motif,merged
LOC_Os01g07120,LOC_Os06g06420,FunTFBS,FunTFBS
LOC_Os01g07120,LOC_Os02g01720,FunTFBS,FunTFBS
LOC_Os01g07120,LOC_Os11g12430,motif,merged
LOC_Os01g07120,LOC_Os03g36080,motif,merged
LOC_Os01g07120,LOC_Os04g57810,motif,merged
LOC_Os01g07120,LOC_Os07g30010,motif_CE,motif_CE
LOC_Os01g07120,LOC_Os08g07510,motif,merged
LOC_Os01g07120,LOC_Os09g32976,motif_CE,motif_CE
LOC_Os01g07120,LOC_Os06g50780,FunTFBS,FunTFBS
LOC_Os01g07120,LOC_Os01g45410,motif,merged
LOC_Os01g07120,LOC_Os01g56630,motif_CE,motif_CE
LOC_Os01g07120,LOC_Os01g12480,motif,merged
LOC_Os01g07120,LOC_Os06g20470,motif,merged
LOC_Os01g07120,LOC_Os01g36950,"motif, motif_CE",merged
LOC_Os01g07120,LOC_Os07g14590,motif,merged
LOC_Os01g07120,LOC_Os02g43220,motif_CE,motif_CE
LOC_Os01g07120,LOC_Os02g26420,motif,merged
LOC_Os01g07120,LOC_Os10g26180,motif,merged
LOC_Os01g07120,LOC_Os01g27000,motif,merged
LOC_Os01g07120,LOC_Os09g09450,"motif, motif_CE",merged
LOC_Os01g07120,LOC_Os01g39700,motif,merged
LOC_Os01g07120,LOC_Os06g30850,motif,merged
LOC_Os01g07120,LOC_Os02g18490,FunTFBS,FunTFBS
LOC_Os01g07120,LOC_Os09g12640,motif,merged
LOC_Os01g07120,LOC_Os10g32880,motif_CE,motif_CE
LOC_Os01g07120,LOC_Os02g47610,motif,merged
LOC_Os01g07120,LOC_Os03g31310,motif,merged
LOC_Os01g07120,LOC_Os01g07870,"motif, motif_CE",merged
LOC_Os01g07120,LOC_Os08g44150,motif,merged
LOC_Os01g07120,LOC_Os07g41050,"motif, motif_CE",merged
LOC_Os01g07120,LOC_Os06g05920,motif,merged
LOC_Os01g07120,LOC_Os01g61310,motif,merged
LOC_Os01g07120,LOC_Os01g55974,motif_CE,motif_CE
LOC_Os01g07120,LOC_Os09g39590,"FunTFBS, motif, motif_CE",merged
LOC_Os01g07120,LOC_Os04g43570,motif,merged
LOC_Os01g07120,LOC_Os07g01610,motif,merged
LOC_Os01g07120,LOC_Os02g09810,"FunTFBS, motif",merged
LOC_Os01g07120,LOC_Os01g12800,motif_CE,motif_CE
LOC_Os01g07120,LOC_Os09g36619,"FunTFBS, motif",merged
LOC_Os01g07120,LOC_Os09g20910,motif,merged
LOC_Os01g07120,LOC_Os12g08900,motif,merged
LOC_Os01g07120,LOC_Os10g08850,motif_CE,motif_CE
LOC_Os01g07120,LOC_Os07g45470,motif,merged
LOC_Os01g07120,LOC_Os12g23460,motif,merged
LOC_Os01g07120,LOC_Os11g10560,motif,merged
LOC_Os01g07120,LOC_Os03g14280,motif_CE,motif_CE
LOC_Os01g07120,LOC_Os02g35250,motif,merged
LOC_Os01g07120,LOC_Os05g03820,motif,merged
LOC_Os01g07120,LOC_Os08g17680,motif_CE,motif_CE
LOC_Os01g07120,LOC_Os12g15560,"FunTFBS, motif",merged
LOC_Os01g07120,LOC_Os10g10140,"FunTFBS, motif",merged
LOC_Os01g07120,LOC_Os01g43560,motif,merged
LOC_Os01g07120,LOC_Os01g37310,motif,merged
LOC_Os01g07120,LOC_Os09g29370,"FunTFBS, motif, motif_CE",merged
LOC_Os01g07120,LOC_Os08g39490,motif,merged
LOC_Os01g07120,LOC_Os01g14540,motif,merged
LOC_Os01g07120,LOC_Os06g13090,motif_CE,motif_CE
LOC_Os01g07120,LOC_Os10g06560,FunTFBS,FunTFBS
LOC_Os01g07120,LOC_Os07g16330,FunTFBS,FunTFBS
LOC_Os01g07120,LOC_Os04g42880,"motif, motif_CE",merged
LOC_Os01g07120,LOC_Os07g45920,motif,merged
LOC_Os01g07120,LOC_Os06g35440,motif,merged
LOC_Os01g07120,LOC_Os07g42880,motif,merged
LOC_Os01g07120,LOC_Os09g31498,motif,merged
LOC_Os01g07120,LOC_Os05g03310,motif,merged
LOC_Os01g07120,LOC_Os04g54410,"motif, motif_CE",merged
LOC_Os01g07120,LOC_Os08g16670,motif,merged
LOC_Os01g07120,LOC_Os02g25080,"motif, motif_CE",merged
LOC_Os01g07120,LOC_Os09g08150,motif_CE,motif_CE
LOC_Os01g07120,LOC_Os01g59060,"motif, motif_CE",merged
LOC_Os01g07120,LOC_Os10g31300,motif,merged
LOC_Os01g07120,LOC_Os02g01030,motif,merged
LOC_Os01g07120,LOC_Os01g45200,motif_CE,motif_CE
LOC_Os01g07120,LOC_Os03g58540,motif,merged
LOC_Os01g07120,LOC_Os03g24960,motif,merged
LOC_Os01g07120,LOC_Os12g14140,motif,merged
LOC_Os01g07120,LOC_Os12g01574,FunTFBS,FunTFBS
LOC_Os01g07120,LOC_Os08g44420,motif_CE,motif_CE
LOC_Os01g07120,LOC_Os03g40540,motif_CE,motif_CE
LOC_Os01g07120,LOC_Os09g26780,"FunTFBS, motif",merged
LOC_Os01g07120,LOC_Os05g43050,motif,merged
LOC_Os01g07120,LOC_Os06g50040,motif,merged
LOC_Os01g07120,LOC_Os11g24310,motif,merged
LOC_Os01g07120,LOC_Os04g30150,motif,merged
LOC_Os01g07120,LOC_Os05g39360,motif_CE,motif_CE
LOC_Os01g07120,LOC_Os05g36000,motif,merged
LOC_Os01g07120,LOC_Os08g02080,motif_CE,motif_CE
LOC_Os01g07120,LOC_Os10g24450,motif,merged
LOC_Os01g07120,LOC_Os05g15030,motif,merged
LOC_Os01g07120,LOC_Os07g20580,motif,merged
LOC_Os01g07120,LOC_Os07g31850,"motif, motif_CE",merged
LOC_Os01g07120,LOC_Os09g30140,motif,merged
LOC_Os01g07120,LOC_Os08g23780,motif_CE,motif_CE
LOC_Os01g07120,LOC_Os04g57140,"FunTFBS, motif, motif_CE",merged
LOC_Os01g07120,LOC_Os02g18150,motif,merged
LOC_Os01g07120,LOC_Os04g24200,motif,merged
LOC_Os01g07120,LOC_Os03g32749,motif,merged
LOC_Os01g07120,LOC_Os08g07790,motif,merged
LOC_Os01g07120,LOC_Os07g38200,motif,merged
LOC_Os01g07120,LOC_Os03g16600,FunTFBS,FunTFBS
LOC_Os01g07120,LOC_Os08g33700,motif,merged
LOC_Os01g07120,LOC_Os11g16540,motif,merged
LOC_Os01g07120,LOC_Os06g24770,motif,merged
LOC_Os01g07120,LOC_Os02g22700,"FunTFBS, motif",merged
LOC_Os01g07120,LOC_Os08g11330,motif,merged
LOC_Os01g07120,LOC_Os11g43300,motif,merged
LOC_Os01g07120,LOC_Os07g48300,motif,merged
LOC_Os01g07120,LOC_Os03g41300,motif,merged
LOC_Os01g07120,LOC_Os03g01420,motif,merged
LOC_Os01g07120,LOC_Os02g56620,motif,merged
LOC_Os01g07120,LOC_Os02g46370,motif,merged
LOC_Os01g07120,LOC_Os12g44160,"motif, motif_CE",merged
LOC_Os01g07120,LOC_Os03g01222,FunTFBS,FunTFBS
LOC_Os01g07120,LOC_Os11g34950,motif,merged
LOC_Os01g07120,LOC_Os07g08810,motif,merged
LOC_Os01g07120,LOC_Os11g47850,motif,merged
LOC_Os01g07120,LOC_Os11g31570,motif_CE,motif_CE
LOC_Os01g07120,LOC_Os10g01460,motif,merged
LOC_Os01g07120,LOC_Os02g18580,motif,merged
LOC_Os01g07120,LOC_Os02g50830,FunTFBS,FunTFBS
LOC_Os01g07120,LOC_Os05g28940,motif,merged
LOC_Os01g07120,LOC_Os06g47040,motif,merged
LOC_Os01g07120,LOC_Os08g01274,motif,merged
LOC_Os01g07120,LOC_Os01g14000,FunTFBS,FunTFBS
LOC_Os01g07120,LOC_Os04g39650,motif_CE,motif_CE
LOC_Os01g07120,LOC_Os02g31020,motif,merged
LOC_Os01g07120,LOC_Os09g25590,"motif, motif_CE",merged
LOC_Os01g07120,LOC_Os11g09060,motif,merged
LOC_Os01g07120,LOC_Os01g65320,"motif, motif_CE",merged
LOC_Os01g07120,LOC_Os04g08170,motif,merged
LOC_Os01g07120,LOC_Os03g13614,motif,merged
LOC_Os01g07120,LOC_Os02g34700,motif,merged
LOC_Os01g07120,LOC_Os04g30880,motif,merged
LOC_Os01g07120,LOC_Os04g55860,"motif, motif_CE",merged
LOC_Os01g07120,LOC_Os05g45060,motif_CE,motif_CE
LOC_Os01g07120,LOC_Os05g06380,motif_CE,motif_CE
LOC_Os01g07120,LOC_Os07g30010,"motif, motif_CE",merged
LOC_Os01g07120,LOC_Os09g27860,motif,merged
LOC_Os01g07120,LOC_Os03g18820,motif,merged
LOC_Os01g07120,LOC_Os10g11130,motif,merged
LOC_Os01g07120,LOC_Os08g36750,motif,merged
LOC_Os01g07120,LOC_Os01g56630,"motif, motif_CE",merged
LOC_Os01g07120,LOC_Os12g39170,motif,merged
LOC_Os01g07120,LOC_Os01g16230,motif_CE,motif_CE
LOC_Os01g07120,LOC_Os05g31630,motif,merged
LOC_Os01g07120,LOC_Os12g16760,motif,merged
LOC_Os01g07120,LOC_Os08g29740,motif,merged
LOC_Os01g07120,LOC_Os11g36430,motif_CE,motif_CE
LOC_Os01g07120,LOC_Os03g01140,motif,merged
LOC_Os01g07120,LOC_Os06g41270,motif,merged
LOC_Os01g07120,LOC_Os04g35650,motif_CE,motif_CE
LOC_Os01g07120,LOC_Os05g04840,motif,merged
LOC_Os01g07120,LOC_Os11g08880,motif_CE,motif_CE
LOC_Os01g07120,LOC_Os07g40750,motif_CE,motif_CE
LOC_Os01g07120,LOC_Os03g30220,motif,merged
LOC_Os01g07120,LOC_Os11g38330,motif,merged
LOC_Os01g07120,LOC_Os12g40540,motif,merged
LOC_Os01g07120,LOC_Os06g51140,"motif, motif_CE",merged
LOC_Os01g07120,LOC_Os10g09550,motif,merged
LOC_Os01g07120,LOC_Os08g27220,motif,merged
LOC_Os01g07120,LOC_Os11g38130,motif,merged
LOC_Os01g07120,LOC_Os01g02980,FunTFBS,FunTFBS
LOC_Os01g07120,LOC_Os10g37960,motif,merged
LOC_Os01g07120,LOC_Os11g25980,motif,merged
LOC_Os01g07120,LOC_Os09g15810,motif_CE,motif_CE
LOC_Os01g07120,LOC_Os03g63554,motif_CE,motif_CE
LOC_Os01g07120,LOC_Os01g36480,motif,merged
LOC_Os01g07120,LOC_Os11g20140,motif,merged
LOC_Os01g07120,LOC_Os06g45640,motif,merged
LOC_Os01g07120,LOC_Os03g52700,motif,merged
LOC_Os01g07120,LOC_Os04g53170,"motif, motif_CE",merged
LOC_Os01g07120,LOC_Os02g57100,motif,merged
LOC_Os01g07120,LOC_Os06g23100,motif,merged
LOC_Os01g07120,LOC_Os02g47440,motif,merged
LOC_Os01g07120,LOC_Os03g19020,motif_CE,motif_CE
LOC_Os01g07120,LOC_Os12g41370,motif,merged
LOC_Os01g07120,LOC_Os11g46150,motif_CE,motif_CE
LOC_Os01g07120,LOC_Os04g01830,motif,merged
LOC_Os01g07120,LOC_Os08g05900,motif,merged
LOC_Os01g07120,LOC_Os05g02690,motif,merged
LOC_Os01g07120,LOC_Os10g39800,motif,merged
LOC_Os01g07120,LOC_Os11g32930,motif,merged
LOC_Os01g07120,LOC_Os07g12380,motif,merged
LOC_Os01g07120,LOC_Os06g02220,motif,merged
LOC_Os01g07120,LOC_Os02g37230,motif,merged
LOC_Os01g07120,LOC_Os11g29580,motif,merged
LOC_Os01g07120,LOC_Os01g19780,motif,merged
LOC_Os01g07120,LOC_Os03g07340,motif_CE,motif_CE
LOC_Os01g07120,ChrUn.fgenesh.gene.68,motif_CE,motif_CE
LOC_Os01g07120,LOC_Os06g39680,motif,merged
LOC_Os01g07120,LOC_Os01g01580,FunTFBS,FunTFBS
LOC_Os01g07120,LOC_Os04g33620,"motif, motif_CE",merged
LOC_Os01g07120,LOC_Os01g43400,motif,merged
LOC_Os01g07120,LOC_Os02g44670,motif_CE,motif_CE
LOC_Os01g07120,LOC_Os01g21590,motif_CE,motif_CE
LOC_Os01g07120,LOC_Os11g09140,FunTFBS,FunTFBS
LOC_Os01g07120,LOC_Os10g32540,"FunTFBS, motif, motif_CE",merged
LOC_Os01g07120,LOC_Os05g10625,motif,merged
LOC_Os01g07120,LOC_Os01g61320,motif_CE,motif_CE
LOC_Os01g07120,LOC_Os03g05806,motif,merged
LOC_Os01g07120,LOC_Os09g35670,"motif, motif_CE",merged
LOC_Os01g07120,LOC_Os03g30650,motif,merged
LOC_Os01g07120,LOC_Os01g24690,motif,merged
LOC_Os01g07120,LOC_Os03g59710,"motif, motif_CE",merged
LOC_Os01g07120,LOC_Os05g16210,motif,merged
LOC_Os01g07120,LOC_Os07g15550,motif,merged
LOC_Os01g07120,LOC_Os09g37920,motif,merged
LOC_Os01g07120,LOC_Os01g07490,"motif, motif_CE",merged
LOC_Os01g07120,LOC_Os04g30200,motif,merged
LOC_Os01g07120,LOC_Os01g05000,motif,merged
LOC_Os01g07120,LOC_Os07g28360,FunTFBS,FunTFBS
LOC_Os01g07120,LOC_Os02g04270,"motif, motif_CE",merged
LOC_Os01g07120,LOC_Os06g20840,motif,merged
LOC_Os01g07120,LOC_Os09g39594,motif_CE,motif_CE
LOC_Os01g07120,LOC_Os06g45950,motif,merged
LOC_Os01g07120,LOC_Os10g36580,motif,merged
LOC_Os01g07120,LOC_Os03g03949,motif_CE,motif_CE
LOC_Os01g07120,LOC_Os02g01230,"motif, motif_CE",merged
LOC_Os01g07120,LOC_Os12g23190,FunTFBS,FunTFBS
LOC_Os01g07120,LOC_Os07g28170,"motif, motif_CE",merged
LOC_Os01g07120,LOC_Os06g45440,motif,merged
LOC_Os01g07120,LOC_Os05g04720,"FunTFBS, motif",merged
LOC_Os01g07120,LOC_Os05g16315,motif,merged
LOC_Os01g07120,LOC_Os07g24280,motif,merged
LOC_Os01g07120,LOC_Os11g37070,motif_CE,motif_CE
LOC_Os01g07120,LOC_Os03g12560,motif_CE,motif_CE
LOC_Os01g07120,LOC_Os05g47510,motif_CE,motif_CE
LOC_Os01g07120,LOC_Os04g51960,motif_CE,motif_CE
LOC_Os01g07120,LOC_Os01g14830,motif,merged
LOC_Os01g07120,LOC_Os09g30412,motif,merged
LOC_Os01g07120,LOC_Os04g42280,motif_CE,motif_CE
LOC_Os01g07120,LOC_Os08g22310,motif,merged
LOC_Os01g07120,LOC_Os04g32150,"FunTFBS, motif",merged
LOC_Os01g07120,LOC_Os04g25320,motif,merged
LOC_Os01g07120,LOC_Os11g14530,motif,merged
LOC_Os01g07120,LOC_Os10g26730,FunTFBS,FunTFBS
LOC_Os01g07120,LOC_Os04g37740,motif,merged
LOC_Os01g07120,LOC_Os06g44190,motif,merged
LOC_Os01g07120,LOC_Os07g33520,motif,merged
LOC_Os01g07120,LOC_Os09g20820,"motif, motif_CE",merged
LOC_Os01g07120,LOC_Os01g33820,motif,merged
LOC_Os01g07120,LOC_Os11g36430,FunTFBS,FunTFBS
LOC_Os01g07120,LOC_Os02g24750,motif,merged
LOC_Os01g07120,LOC_Os01g66400,"FunTFBS, motif",merged
LOC_Os01g07120,LOC_Os02g12794,motif,merged
LOC_Os01g07120,LOC_Os05g06380,"motif, motif_CE",merged
LOC_Os01g07120,LOC_Os06g36930,"motif, motif_CE",merged
LOC_Os01g07120,LOC_Os02g16220,motif,merged
LOC_Os01g07120,LOC_Os09g01530,motif,merged
LOC_Os01g07120,LOC_Os11g47800,motif,merged
LOC_Os01g07120,LOC_Os11g40080,"motif, motif_CE",merged
LOC_Os01g07120,LOC_Os04g22760,motif,merged
LOC_Os01g07120,LOC_Os03g44890,motif_CE,motif_CE
LOC_Os01g07120,LOC_Os08g21940,motif,merged
LOC_Os01g07120,LOC_Os03g56620,"FunTFBS, motif, motif_CE",merged
LOC_Os01g07120,LOC_Os12g22620,motif,merged
LOC_Os01g07120,LOC_Os03g41612,motif_CE,motif_CE
LOC_Os01g07120,LOC_Os06g33480,motif,merged
LOC_Os01g07120,LOC_Os05g06650,motif,merged
LOC_Os01g07120,LOC_Os03g02060,motif,merged
LOC_Os01g07120,LOC_Os04g17130,"motif, motif_CE",merged
LOC_Os01g07120,LOC_Os05g26850,motif,merged
LOC_Os01g07120,LOC_Os10g39000,motif,merged
LOC_Os01g07120,LOC_Os02g17520,motif,merged
LOC_Os01g07120,LOC_Os01g18400,motif,merged
LOC_Os01g07120,LOC_Os08g16170,motif,merged
LOC_Os01g07120,LOC_Os03g33800,motif,merged
LOC_Os01g07120,LOC_Os01g54820,motif,merged
LOC_Os01g07120,LOC_Os06g06780,motif,merged
LOC_Os01g07120,LOC_Os01g55974,"motif, motif_CE",merged
LOC_Os01g07120,LOC_Os05g41110,motif_CE,motif_CE
LOC_Os01g07120,LOC_Os08g28300,"FunTFBS, motif",merged
LOC_Os01g07120,LOC_Os12g17890,motif,merged
LOC_Os01g07120,LOC_Os03g56370,motif,merged
LOC_Os01g07120,LOC_Os09g36200,motif,merged
LOC_Os01g07120,LOC_Os12g08220,motif_CE,motif_CE
LOC_Os01g07120,LOC_Os02g13090,motif,merged
LOC_Os01g07120,LOC_Os04g50990,"FunTFBS, motif, motif_CE",merged
LOC_Os01g07120,LOC_Os08g19230,motif,merged
LOC_Os01g07120,LOC_Os09g24890,motif,merged
LOC_Os01g07120,LOC_Os08g44560,motif,merged
LOC_Os01g07120,LOC_Os04g07330,motif,merged
LOC_Os01g07120,LOC_Os08g17680,"motif, motif_CE",merged
LOC_Os01g07120,LOC_Os09g07920,motif,merged
LOC_Os01g07120,LOC_Os12g02000,motif,merged
LOC_Os01g07120,LOC_Os04g37690,motif_CE,motif_CE
LOC_Os01g07120,LOC_Os08g13110,motif,merged
LOC_Os01g07120,LOC_Os03g49520,motif_CE,motif_CE
LOC_Os01g07120,LOC_Os06g07160,motif_CE,motif_CE
LOC_Os01g07120,LOC_Os12g01950,motif_CE,motif_CE
LOC_Os01g07120,LOC_Os11g39750,motif,merged
LOC_Os01g07120,LOC_Os06g37290,motif,merged
LOC_Os01g07120,LOC_Os04g54560,motif,merged
LOC_Os01g07120,LOC_Os12g32284,motif_CE,motif_CE
LOC_Os01g07120,LOC_Os11g43170,motif,merged
LOC_Os01g07120,LOC_Os11g19540,"FunTFBS, motif",merged
LOC_Os01g07120,LOC_Os10g08580,motif_CE,motif_CE
LOC_Os01g07120,LOC_Os09g14614,motif,merged
LOC_Os01g07120,LOC_Os04g54840,motif,merged
LOC_Os01g07120,LOC_Os10g41810,motif_CE,motif_CE
LOC_Os01g07120,LOC_Os06g07474,motif_CE,motif_CE
LOC_Os01g07120,LOC_Os05g49230,"motif, motif_CE",merged
LOC_Os01g07120,LOC_Os01g13180,FunTFBS,FunTFBS
LOC_Os01g07120,LOC_Os05g19980,motif,merged
LOC_Os01g07120,LOC_Os01g45200,"motif, motif_CE",merged
LOC_Os01g07120,LOC_Os01g24070,motif,merged
LOC_Os01g07120,LOC_Os12g43610,motif,merged
LOC_Os01g07120,LOC_Os11g10790,motif,merged
LOC_Os01g07120,LOC_Os12g42210,motif_CE,motif_CE
LOC_Os01g07120,LOC_Os12g31380,motif_CE,motif_CE
LOC_Os01g07120,LOC_Os02g03560,motif,merged
LOC_Os01g07120,LOC_Os10g15360,motif,merged
LOC_Os01g07120,LOC_Os07g03760,motif,merged
LOC_Os01g07120,LOC_Os11g39660,motif,merged
LOC_Os01g07120,LOC_Os08g41980,motif,merged
LOC_Os01g07120,LOC_Os04g49020,motif,merged
LOC_Os01g07120,LOC_Os07g25660,motif,merged
LOC_Os01g07120,LOC_Os09g37680,motif,merged
LOC_Os01g07120,LOC_Os03g13720,motif,merged
LOC_Os01g07120,LOC_Os03g15200,motif_CE,motif_CE
LOC_Os01g07120,LOC_Os05g22330,motif,merged
LOC_Os01g07120,LOC_Os09g02080,motif,merged
LOC_Os01g07120,LOC_Os04g14770,motif,merged
LOC_Os01g07120,LOC_Os05g33230,motif_CE,motif_CE
LOC_Os01g07120,LOC_Os06g02160,motif_CE,motif_CE
LOC_Os01g07120,LOC_Os09g35700,motif,merged
LOC_Os01g07120,LOC_Os01g18584,motif,merged
LOC_Os01g07120,LOC_Os12g05960,motif,merged
LOC_Os01g07120,LOC_Os05g38690,motif,merged
LOC_Os01g07120,LOC_Os03g03949,"motif, motif_CE",merged
LOC_Os01g07120,LOC_Os03g63690,motif,merged
LOC_Os01g07120,LOC_Os06g18980,motif_CE,motif_CE
LOC_Os01g07120,LOC_Os12g04840,motif_CE,motif_CE
LOC_Os01g07120,LOC_Os11g20020,motif_CE,motif_CE
LOC_Os01g07120,LOC_Os03g29360,motif,merged
LOC_Os01g07120,LOC_Os12g36930,motif,merged
LOC_Os01g07120,LOC_Os02g49570,motif_CE,motif_CE
LOC_Os01g07120,LOC_Os02g29800,motif,merged
LOC_Os01g07120,LOC_Os12g22730,motif,merged
LOC_Os01g07120,LOC_Os04g51960,"motif, motif_CE",merged
LOC_Os01g07120,LOC_Os03g58430,"FunTFBS, motif, motif_CE",merged
LOC_Os01g07120,LOC_Os11g31570,"motif, motif_CE",merged
LOC_Os01g07120,LOC_Os07g26974,motif,merged
LOC_Os01g07120,LOC_Os03g37620,motif,merged
LOC_Os01g07120,LOC_Os02g49630,"motif, motif_CE",merged
LOC_Os01g07120,LOC_Os10g19110,motif,merged
LOC_Os01g07120,LOC_Os10g38550,motif,merged
LOC_Os01g07120,LOC_Os12g38880,"FunTFBS, motif",merged
LOC_Os01g07120,LOC_Os05g23590,motif,merged
LOC_Os01g07120,LOC_Os02g51740,"motif, motif_CE",merged
LOC_Os01g07120,LOC_Os03g56241,motif_CE,motif_CE
LOC_Os01g07120,LOC_Os05g03240,motif,merged
LOC_Os01g07120,LOC_Os09g35900,motif_CE,motif_CE
LOC_Os01g07120,LOC_Os08g04720,motif,merged
LOC_Os01g07120,LOC_Os06g47120,motif_CE,motif_CE
LOC_Os01g07120,LOC_Os01g68810,FunTFBS,FunTFBS
LOC_Os01g07120,LOC_Os02g19310,motif,merged
LOC_Os01g07120,LOC_Os10g17000,motif,merged
LOC_Os01g07120,LOC_Os04g56350,FunTFBS,FunTFBS
LOC_Os01g07120,LOC_Os02g32860,motif,merged
LOC_Os01g07120,LOC_Os02g51200,motif,merged
LOC_Os01g07120,LOC_Os08g40555,motif,merged
LOC_Os01g07120,LOC_Os09g25850,motif,merged
LOC_Os01g07120,LOC_Os10g17640,motif,merged
LOC_Os01g07120,LOC_Os10g30890,motif,merged
LOC_Os01g07120,LOC_Os04g43690,"motif, motif_CE",merged
LOC_Os01g07120,LOC_Os02g35950,FunTFBS,FunTFBS
LOC_Os01g07120,LOC_Os08g34790,motif,merged
LOC_Os01g07120,LOC_Os04g49860,motif,merged
LOC_Os01g07120,LOC_Os11g12590,FunTFBS,FunTFBS
LOC_Os01g07120,LOC_Os06g14530,"motif, motif_CE",merged
LOC_Os01g07120,LOC_Os01g12090,motif,merged
LOC_Os01g07120,LOC_Os08g04920,motif,merged
LOC_Os01g07120,LOC_Os08g27070,"motif, motif_CE",merged
LOC_Os01g07120,LOC_Os09g23370,"motif, motif_CE",merged
LOC_Os01g07120,LOC_Os12g15600,motif,merged
LOC_Os01g07120,LOC_Os05g09350,motif,merged
LOC_Os01g07120,LOC_Os07g04260,motif,merged
LOC_Os01g07120,LOC_Os10g39640,motif,merged
LOC_Os01g07120,LOC_Os02g56960,motif_CE,motif_CE
LOC_Os01g07120,LOC_Os02g34950,FunTFBS,FunTFBS
LOC_Os01g07120,LOC_Os05g50120,motif,merged
LOC_Os01g07120,LOC_Os05g12550,motif,merged
LOC_Os01g07120,LOC_Os03g41612,"motif, motif_CE",merged
LOC_Os01g07120,LOC_Os03g33290,motif,merged
LOC_Os01g07120,LOC_Os01g16230,"motif, motif_CE",merged
LOC_Os01g07120,LOC_Os01g42110,motif,merged
LOC_Os01g07120,LOC_Os04g23180,motif_CE,motif_CE
LOC_Os01g07120,LOC_Os06g07110,motif,merged
LOC_Os01g07120,LOC_Os12g01910,motif,merged
LOC_Os01g07120,LOC_Os10g28009,motif,merged
LOC_Os01g07120,LOC_Os06g31740,motif,merged
LOC_Os01g07120,LOC_Os08g05090,motif,merged
LOC_Os01g07120,LOC_Os07g45770,motif,merged
LOC_Os01g07120,LOC_Os06g13580,motif,merged
LOC_Os01g07120,LOC_Os11g30180,motif,merged
LOC_Os01g07120,LOC_Os02g38480,motif_CE,motif_CE
LOC_Os01g07120,LOC_Os07g23810,motif,merged
LOC_Os01g07120,LOC_Os04g35650,"motif, motif_CE",merged
LOC_Os01g07120,LOC_Os11g08880,"motif, motif_CE",merged
LOC_Os01g07120,LOC_Os04g41810,motif,merged
LOC_Os01g07120,LOC_Os12g17350,motif,merged
LOC_Os01g07120,LOC_Os01g08880,motif,merged
LOC_Os01g07120,LOC_Os10g42210,motif,merged
LOC_Os01g07120,LOC_Os05g33870,motif,merged
LOC_Os01g07120,LOC_Os04g40320,motif_CE,motif_CE
LOC_Os01g07120,LOC_Os12g02880,"motif, motif_CE",merged
LOC_Os01g07120,LOC_Os05g41110,"motif, motif_CE",merged
LOC_Os01g07120,LOC_Os02g55180,motif,merged
LOC_Os01g07120,LOC_Os09g15810,"motif, motif_CE",merged
LOC_Os01g07120,LOC_Os01g07170,motif,merged
LOC_Os01g07120,LOC_Os01g09760,FunTFBS,FunTFBS
LOC_Os01g07120,LOC_Os03g11850,motif,merged
LOC_Os01g07120,LOC_Os03g57740,motif,merged
LOC_Os01g07120,LOC_Os04g37630,motif,merged
LOC_Os01g07120,LOC_Os07g49420,"FunTFBS, motif",merged
LOC_Os01g07120,LOC_Os11g37190,FunTFBS,FunTFBS
LOC_Os01g07120,LOC_Os01g01420,motif,merged
LOC_Os01g07120,LOC_Os12g04010,motif,merged
LOC_Os01g07120,LOC_Os07g28410,motif,merged
LOC_Os01g07120,LOC_Os10g39980,motif_CE,motif_CE
LOC_Os01g07120,LOC_Os07g30280,motif,merged
LOC_Os01g07120,LOC_Os11g32440,motif,merged
LOC_Os01g07120,LOC_Os03g51010,motif,merged
LOC_Os01g07120,LOC_Os02g44132,motif,merged
LOC_Os01g07120,LOC_Os10g27400,motif,merged
LOC_Os01g07120,LOC_Os04g44540,"motif, motif_CE",merged
LOC_Os01g07120,LOC_Os06g25760,motif,merged
LOC_Os01g07120,LOC_Os10g26280,motif,merged
LOC_Os01g07120,LOC_Os02g56190,motif_CE,motif_CE
LOC_Os01g07120,LOC_Os03g01960,"motif, motif_CE",merged
LOC_Os01g07120,LOC_Os11g43620,motif_CE,motif_CE
LOC_Os01g07120,LOC_Os01g54380,motif_CE,motif_CE
LOC_Os01g07120,LOC_Os10g32500,motif,merged
LOC_Os01g07120,LOC_Os03g49520,"motif, motif_CE",merged
LOC_Os01g07120,LOC_Os06g22530,FunTFBS,FunTFBS
LOC_Os01g07120,LOC_Os04g57780,motif,merged
LOC_Os01g07120,LOC_Os06g31210,FunTFBS,FunTFBS
LOC_Os01g07120,LOC_Os01g63870,motif_CE,motif_CE
LOC_Os01g07120,LOC_Os02g51840,"FunTFBS, motif, motif_CE",merged
LOC_Os01g07120,LOC_Os07g39950,motif,merged
LOC_Os01g07120,LOC_Os04g22570,motif,merged
LOC_Os01g07120,LOC_Os02g09280,motif,merged
LOC_Os01g07120,LOC_Os02g15610,"FunTFBS, motif",merged
LOC_Os01g07120,LOC_Os03g07340,"motif, motif_CE",merged
LOC_Os01g07120,ChrUn.fgenesh.gene.68,"motif, motif_CE",merged
LOC_Os01g07120,LOC_Os04g20930,"motif, motif_CE",merged
LOC_Os01g07120,LOC_Os12g42210,"motif, motif_CE",merged
LOC_Os01g07120,LOC_Os11g19930,motif,merged
LOC_Os01g07120,LOC_Os04g27860,motif,merged
LOC_Os01g07120,LOC_Os08g15830,motif,merged
LOC_Os01g07120,LOC_Os02g04900,motif,merged
LOC_Os01g07120,LOC_Os11g13680,"motif, motif_CE",merged
LOC_Os01g07120,LOC_Os12g39130,"motif, motif_CE",merged
LOC_Os01g07120,LOC_Os10g29130,motif,merged
LOC_Os01g07120,LOC_Os03g15200,"motif, motif_CE",merged
LOC_Os01g07120,LOC_Os06g10460,motif,merged
LOC_Os01g07120,LOC_Os02g28100,"FunTFBS, motif",merged
LOC_Os01g07120,LOC_Os03g51040,FunTFBS,FunTFBS
LOC_Os01g07120,LOC_Os03g04150,motif,merged
LOC_Os01g07120,LOC_Os05g33230,"motif, motif_CE",merged
LOC_Os01g07120,LOC_Os03g20270,motif,merged
LOC_Os01g07120,LOC_Os02g16420,motif,merged
LOC_Os01g07120,ChrSy.fgenesh.gene.28,"motif, motif_CE",merged
LOC_Os01g07120,LOC_Os04g44060,motif_CE,motif_CE
LOC_Os01g07120,LOC_Os02g10060,motif,merged
LOC_Os01g07120,LOC_Os02g44930,motif,merged
LOC_Os01g07120,LOC_Os06g02670,motif,merged
LOC_Os01g07120,LOC_Os08g20937,motif,merged
LOC_Os01g07120,LOC_Os11g20020,"motif, motif_CE",merged
LOC_Os01g07120,LOC_Os11g04840,motif,merged
LOC_Os01g07120,LOC_Os01g43250,motif,merged
LOC_Os01g07120,LOC_Os11g32870,FunTFBS,FunTFBS
LOC_Os01g07120,LOC_Os03g29740,motif_CE,motif_CE
LOC_Os01g07120,LOC_Os04g54090,motif,merged
LOC_Os01g07120,LOC_Os10g07270,FunTFBS,FunTFBS
LOC_Os01g07120,LOC_Os02g26940,motif,merged
LOC_Os01g07120,LOC_Os04g03880,motif,merged
LOC_Os01g07120,LOC_Os11g46180,FunTFBS,FunTFBS
LOC_Os01g07120,LOC_Os07g49070,motif,merged
LOC_Os01g07120,LOC_Os07g31750,motif,merged
LOC_Os01g07120,LOC_Os05g27770,motif,merged
LOC_Os01g07120,LOC_Os03g51495,motif,merged
LOC_Os01g07120,LOC_Os04g56590,motif,merged
LOC_Os01g07120,LOC_Os06g18720,motif,merged
LOC_Os01g07120,LOC_Os09g32020,motif,merged
LOC_Os01g07120,LOC_Os07g38570,motif,merged
LOC_Os01g07120,LOC_Os03g25080,motif,merged
LOC_Os01g07120,LOC_Os03g19390,motif,merged
LOC_Os01g07120,LOC_Os07g38480,motif,merged
LOC_Os01g07120,LOC_Os04g42280,"motif, motif_CE",merged
LOC_Os01g07120,LOC_Os04g34100,FunTFBS,FunTFBS
LOC_Os01g07120,LOC_Os10g14160,"FunTFBS, motif",merged
LOC_Os01g07120,LOC_Os11g39609,motif,merged
LOC_Os01g07120,LOC_Os05g46380,motif,merged
LOC_Os01g07120,LOC_Os04g20360,FunTFBS,FunTFBS
LOC_Os01g07120,LOC_Os07g12700,motif,merged
LOC_Os01g07120,LOC_Os01g41510,motif,merged
LOC_Os01g07120,LOC_Os02g06990,motif,merged
LOC_Os01g07120,LOC_Os02g10050,motif,merged
LOC_Os01g07120,LOC_Os12g37230,motif,merged
LOC_Os01g07120,LOC_Os02g56960,"motif, motif_CE",merged
LOC_Os01g07120,LOC_Os10g15230,motif,merged
LOC_Os01g07120,LOC_Os06g09950,"FunTFBS, motif",merged
LOC_Os01g07120,LOC_Os12g27994,motif_CE,motif_CE
LOC_Os01g07120,LOC_Os06g32830,motif,merged
LOC_Os01g07120,LOC_Os11g22760,motif_CE,motif_CE
LOC_Os01g07120,LOC_Os02g05420,motif,merged
LOC_Os01g07120,LOC_Os04g01240,motif,merged
LOC_Os01g07120,LOC_Os06g44800,motif,merged
LOC_Os01g07120,LOC_Os01g27890,motif,merged
LOC_Os01g07120,LOC_Os02g35110,motif_CE,motif_CE
LOC_Os01g07120,LOC_Os07g25620,motif,merged
LOC_Os01g07120,LOC_Os07g04660,motif_CE,motif_CE
LOC_Os01g07120,LOC_Os05g13490,motif,merged
LOC_Os01g07120,LOC_Os03g19570,motif_CE,motif_CE
LOC_Os01g07120,LOC_Os11g47443,motif,merged
LOC_Os01g07120,LOC_Os04g46110,motif,merged
LOC_Os01g07120,LOC_Os05g33010,FunTFBS,FunTFBS
LOC_Os01g07120,LOC_Os01g63900,motif,merged
LOC_Os01g07120,LOC_Os02g34220,motif,merged
LOC_Os01g07120,LOC_Os04g40320,"motif, motif_CE",merged
LOC_Os01g07120,LOC_Os07g33330,"motif, motif_CE",merged
LOC_Os01g07120,LOC_Os06g44210,FunTFBS,FunTFBS
LOC_Os01g07120,LOC_Os07g26450,motif,merged
LOC_Os01g07120,LOC_Os02g29700,motif,merged
LOC_Os01g07120,LOC_Os03g25850,FunTFBS,FunTFBS
LOC_Os01g07120,LOC_Os05g36080,motif,merged
LOC_Os01g07120,LOC_Os07g37020,motif,merged
LOC_Os01g07120,LOC_Os10g39084,motif,merged
LOC_Os01g07120,LOC_Os07g14630,"FunTFBS, motif, motif_CE",merged
LOC_Os01g07120,LOC_Os06g40570,motif_CE,motif_CE
LOC_Os01g07120,LOC_Os03g62100,motif_CE,motif_CE
LOC_Os01g07120,LOC_Os05g06390,"motif, motif_CE",merged
LOC_Os01g07120,LOC_Os11g43620,"motif, motif_CE",merged
LOC_Os01g07120,LOC_Os06g17500,motif,merged
LOC_Os01g07120,LOC_Os09g32740,motif,merged
LOC_Os01g07120,LOC_Os04g02680,motif,merged
LOC_Os01g07120,LOC_Os01g64030,motif,merged
LOC_Os01g07120,LOC_Os07g29430,motif,merged
LOC_Os01g07120,LOC_Os06g07160,"motif, motif_CE",merged
LOC_Os01g07120,LOC_Os07g30330,motif,merged
LOC_Os01g07120,LOC_Os04g17880,motif,merged
LOC_Os01g07120,LOC_Os09g35770,motif,merged
LOC_Os01g07120,LOC_Os06g33510,motif_CE,motif_CE
LOC_Os01g07120,LOC_Os03g64390,motif_CE,motif_CE
LOC_Os01g07120,LOC_Os09g31458,motif_CE,motif_CE
LOC_Os01g07120,LOC_Os07g45260,motif,merged
LOC_Os01g07120,LOC_Os08g02340,FunTFBS,FunTFBS
LOC_Os01g07120,LOC_Os08g33590,motif_CE,motif_CE
LOC_Os01g07120,LOC_Os06g45330,motif,merged
LOC_Os01g07120,LOC_Os06g41990,"motif, motif_CE",merged
LOC_Os01g07120,LOC_Os11g39200,motif,merged
LOC_Os01g07120,LOC_Os10g41810,"motif, motif_CE",merged
LOC_Os01g07120,LOC_Os03g64110,motif,merged
LOC_Os01g07120,LOC_Os11g28950,motif,merged
LOC_Os01g07120,LOC_Os03g59310,motif_CE,motif_CE
LOC_Os01g07120,LOC_Os05g05280,motif,merged
LOC_Os01g07120,LOC_Os12g05180,motif_CE,motif_CE
LOC_Os01g07120,LOC_Os01g48780,motif,merged
LOC_Os01g07120,LOC_Os07g41680,motif,merged
LOC_Os01g07120,LOC_Os07g43020,motif,merged
LOC_Os01g07120,LOC_Os06g21380,motif,merged
LOC_Os01g07120,LOC_Os03g61270,motif,merged
LOC_Os01g07120,LOC_Os07g26720,motif,merged
LOC_Os01g07120,LOC_Os07g49300,motif,merged
LOC_Os01g07120,LOC_Os05g11380,motif,merged
LOC_Os01g07120,LOC_Os06g17870,motif,merged
LOC_Os01g07120,LOC_Os11g05590,motif,merged
LOC_Os01g07120,LOC_Os08g06070,motif_CE,motif_CE
LOC_Os01g07120,LOC_Os12g05890,"motif, motif_CE",merged
LOC_Os01g07120,LOC_Os08g28790,motif,merged
LOC_Os01g07120,LOC_Os03g42920,motif,merged
LOC_Os01g07120,LOC_Os08g18044,motif,merged
LOC_Os01g07120,LOC_Os04g26090,"FunTFBS, motif",merged
LOC_Os01g07120,LOC_Os02g43810,motif_CE,motif_CE
LOC_Os01g07120,LOC_Os01g68260,motif,merged
LOC_Os01g07120,LOC_Os01g07020,motif,merged
LOC_Os01g07120,LOC_Os04g19790,motif,merged
LOC_Os01g07120,LOC_Os01g65350,motif,merged
LOC_Os01g07120,LOC_Os02g49570,"motif, motif_CE",merged
LOC_Os01g07120,LOC_Os09g12500,"motif, motif_CE",merged
LOC_Os01g07120,LOC_Os11g06520,motif,merged
LOC_Os01g07120,LOC_Os07g19030,motif,merged
LOC_Os01g07120,LOC_Os06g24550,motif,merged
LOC_Os01g07120,LOC_Os12g42070,motif,merged
LOC_Os01g07120,LOC_Os02g25600,motif,merged
LOC_Os01g07120,LOC_Os12g19920,motif,merged
LOC_Os01g07120,ChrUn.fgenesh.gene.54,motif,merged
LOC_Os01g07120,LOC_Os02g56990,FunTFBS,FunTFBS
LOC_Os01g07120,LOC_Os04g39730,motif,merged
LOC_Os01g07120,LOC_Os03g59040,motif,merged
LOC_Os01g07120,LOC_Os02g54200,"FunTFBS, motif",merged
LOC_Os01g07120,LOC_Os09g35900,"motif, motif_CE",merged
LOC_Os01g07120,LOC_Os07g39320,"motif, motif_CE",merged
LOC_Os01g07120,LOC_Os11g05556,"motif, motif_CE",merged
LOC_Os01g07120,LOC_Os06g03970,motif,merged
LOC_Os01g07120,LOC_Os08g01660,motif_CE,motif_CE
LOC_Os01g07120,LOC_Os08g20720,FunTFBS,FunTFBS
LOC_Os01g07120,LOC_Os10g02509,motif_CE,motif_CE
LOC_Os01g07120,LOC_Os07g13660,motif,merged
LOC_Os01g07120,LOC_Os10g03270,motif,merged
LOC_Os01g07120,LOC_Os06g14750,motif_CE,motif_CE
LOC_Os01g07120,LOC_Os05g22370,FunTFBS,FunTFBS
LOC_Os01g07120,LOC_Os06g49420,motif,merged
LOC_Os01g07120,LOC_Os07g31800,motif,merged
LOC_Os01g07120,LOC_Os12g01180,motif,merged
LOC_Os01g07120,LOC_Os12g28080,motif,merged
LOC_Os01g07120,LOC_Os11g25030,motif_CE,motif_CE
LOC_Os01g07120,LOC_Os01g53500,motif_CE,motif_CE
LOC_Os01g07120,LOC_Os02g09510,motif,merged
LOC_Os01g07120,LOC_Os03g58350,motif,merged
LOC_Os01g07120,LOC_Os01g39340,motif,merged
LOC_Os01g07120,LOC_Os01g56235,motif,merged
LOC_Os01g07120,LOC_Os01g64720,motif,merged
LOC_Os01g07120,LOC_Os03g56974,motif,merged
LOC_Os01g07120,LOC_Os06g09830,motif_CE,motif_CE
LOC_Os01g07120,LOC_Os06g28470,motif,merged
LOC_Os01g07120,LOC_Os09g12620,motif_CE,motif_CE
LOC_Os01g07120,LOC_Os11g01240,motif,merged
LOC_Os01g07120,LOC_Os02g58510,FunTFBS,FunTFBS
LOC_Os01g07120,LOC_Os05g04830,"FunTFBS, motif",merged
LOC_Os01g07120,LOC_Os01g59360,motif,merged
LOC_Os01g07120,LOC_Os12g27994,"motif, motif_CE",merged
LOC_Os01g07120,LOC_Os03g16110,motif_CE,motif_CE
LOC_Os01g07120,LOC_Os03g10224,motif_CE,motif_CE
LOC_Os01g07120,LOC_Os10g28060,"motif, motif_CE",merged
LOC_Os01g07120,LOC_Os03g12380,motif,merged
LOC_Os01g07120,LOC_Os12g37850,motif,merged
LOC_Os01g07120,LOC_Os06g40990,"FunTFBS, motif",merged
LOC_Os01g07120,LOC_Os07g03070,motif,merged
LOC_Os01g07120,LOC_Os08g43320,motif,merged
LOC_Os01g07120,LOC_Os06g35980,motif,merged
LOC_Os01g07120,LOC_Os06g17880,motif_CE,motif_CE
LOC_Os01g07120,LOC_Os07g05160,"FunTFBS, motif",merged
LOC_Os01g07120,LOC_Os12g40850,motif,merged
LOC_Os01g07120,LOC_Os02g51780,motif,merged
LOC_Os01g07120,LOC_Os02g34730,motif_CE,motif_CE
LOC_Os01g07120,LOC_Os10g05000,motif_CE,motif_CE
LOC_Os01g07120,LOC_Os07g04660,"motif, motif_CE",merged
LOC_Os01g07120,LOC_Os04g48580,motif,merged
LOC_Os01g07120,LOC_Os09g02840,motif,merged
LOC_Os01g07120,LOC_Os05g30530,motif,merged
LOC_Os01g07120,LOC_Os11g07510,motif,merged
LOC_Os01g07120,LOC_Os02g54820,motif,merged
LOC_Os01g07120,LOC_Os11g27630,motif_CE,motif_CE
LOC_Os01g07120,LOC_Os01g25560,FunTFBS,FunTFBS
LOC_Os01g07120,LOC_Os01g71220,FunTFBS,FunTFBS
LOC_Os01g07120,LOC_Os10g24850,motif,merged
LOC_Os01g07120,LOC_Os10g08400,motif,merged
LOC_Os01g07120,LOC_Os03g10060,motif_CE,motif_CE
LOC_Os01g07120,LOC_Os06g46180,motif,merged
LOC_Os01g07120,LOC_Os01g61690,motif_CE,motif_CE
LOC_Os01g07120,LOC_Os01g14970,motif,merged
LOC_Os01g07120,LOC_Os11g16770,motif_CE,motif_CE
LOC_Os01g07120,LOC_Os03g60630,motif,merged
LOC_Os01g07120,LOC_Os06g06270,motif_CE,motif_CE
LOC_Os01g07120,LOC_Os01g34230,motif,merged
LOC_Os01g07120,LOC_Os03g46690,motif,merged
LOC_Os01g07120,LOC_Os03g26280,motif,merged
LOC_Os01g07120,LOC_Os07g27850,motif_CE,motif_CE
LOC_Os01g07120,LOC_Os03g05250,motif,merged
LOC_Os01g07120,LOC_Os02g13980,motif,merged
LOC_Os01g07120,LOC_Os01g72980,FunTFBS,FunTFBS
LOC_Os01g07120,LOC_Os04g22130,motif,merged
LOC_Os01g07120,LOC_Os03g10960,"FunTFBS, motif",merged
LOC_Os01g07120,LOC_Os05g28810,motif,merged
LOC_Os01g07120,LOC_Os07g36890,FunTFBS,FunTFBS
LOC_Os01g07120,LOC_Os03g37330,motif,merged
LOC_Os01g07120,LOC_Os01g72205,motif_CE,motif_CE
LOC_Os01g07120,LOC_Os04g38850,"motif, motif_CE",merged
LOC_Os01g07120,LOC_Os01g04860,motif_CE,motif_CE
LOC_Os01g07120,LOC_Os01g63870,"motif, motif_CE",merged
LOC_Os01g07120,LOC_Os06g08730,motif_CE,motif_CE
LOC_Os01g07120,LOC_Os08g39600,motif,merged
LOC_Os01g07120,LOC_Os09g19700,motif,merged
LOC_Os01g07120,LOC_Os03g10780,motif_CE,motif_CE
LOC_Os01g07120,LOC_Os11g09830,motif,merged
LOC_Os01g07120,LOC_Os01g54100,motif_CE,motif_CE
LOC_Os01g07120,LOC_Os05g28270,motif,merged
LOC_Os01g07120,LOC_Os12g07050,motif,merged
LOC_Os01g07120,LOC_Os08g06810,"FunTFBS, motif",merged
LOC_Os01g07120,LOC_Os06g12460,motif,merged
LOC_Os01g07120,LOC_Os06g16560,motif,merged
LOC_Os01g07120,LOC_Os03g18420,motif,merged
LOC_Os01g07120,LOC_Os09g32274,motif,merged
LOC_Os01g07120,LOC_Os12g05180,"motif, motif_CE",merged
LOC_Os01g07120,LOC_Os08g32800,motif,merged
LOC_Os01g07120,LOC_Os06g48750,motif_CE,motif_CE
LOC_Os01g07120,LOC_Os03g01900,motif,merged
LOC_Os01g07120,LOC_Os10g32348,"FunTFBS, motif, motif_CE",merged
LOC_Os01g07120,LOC_Os04g02850,motif,merged
LOC_Os01g07120,LOC_Os06g46870,motif_CE,motif_CE
LOC_Os01g07120,LOC_Os03g26800,FunTFBS,FunTFBS
LOC_Os01g07120,LOC_Os01g28910,motif,merged
LOC_Os01g07120,LOC_Os08g08230,motif,merged
LOC_Os01g07120,LOC_Os10g34470,motif_CE,motif_CE
LOC_Os01g07120,LOC_Os03g44450,motif,merged
LOC_Os01g07120,LOC_Os07g02390,FunTFBS,FunTFBS
LOC_Os01g07120,LOC_Os07g02530,motif,merged
LOC_Os01g07120,LOC_Os06g44390,motif,merged
LOC_Os01g07120,LOC_Os01g13330,motif,merged
LOC_Os01g07120,LOC_Os01g29820,motif,merged
LOC_Os01g07120,LOC_Os03g40780,"FunTFBS, motif",merged
LOC_Os01g07120,LOC_Os04g44060,"motif, motif_CE",merged
LOC_Os01g07120,LOC_Os04g27380,motif,merged
LOC_Os01g07120,LOC_Os12g40380,motif,merged
LOC_Os01g07120,LOC_Os08g41600,motif,merged
LOC_Os01g07120,LOC_Os10g27320,motif,merged
LOC_Os01g07120,LOC_Os11g35490,motif,merged
LOC_Os01g07120,LOC_Os10g42060,"FunTFBS, motif",merged
LOC_Os01g07120,LOC_Os02g12330,motif,merged
LOC_Os01g07120,LOC_Os10g40210,motif,merged
LOC_Os01g07120,LOC_Os09g25570,motif,merged
LOC_Os01g07120,LOC_Os12g30580,motif,merged
LOC_Os01g07120,LOC_Os01g04970,motif,merged
LOC_Os01g07120,LOC_Os04g19050,motif,merged
LOC_Os01g07120,LOC_Os10g28280,"FunTFBS, motif",merged
LOC_Os01g07120,LOC_Os05g31670,motif,merged
LOC_Os01g07120,LOC_Os03g19610,motif_CE,motif_CE
LOC_Os01g07120,LOC_Os04g46610,motif_CE,motif_CE
LOC_Os01g07120,LOC_Os09g08470,motif,merged
LOC_Os01g07120,LOC_Os08g02904,FunTFBS,FunTFBS
LOC_Os01g07120,LOC_Os09g04550,motif,merged
LOC_Os01g07120,LOC_Os09g31482,motif_CE,motif_CE
LOC_Os01g07120,LOC_Os08g21710,motif,merged
LOC_Os01g07120,LOC_Os06g14750,"motif, motif_CE",merged
LOC_Os01g07120,LOC_Os05g32730,motif_CE,motif_CE
LOC_Os01g07120,LOC_Os02g42710,motif,merged
LOC_Os01g07120,LOC_Os11g25030,"motif, motif_CE",merged
LOC_Os01g07120,LOC_Os02g48790,"motif, motif_CE",merged
LOC_Os01g07120,LOC_Os09g32120,motif,merged
LOC_Os01g07120,LOC_Os09g24660,motif,merged
LOC_Os01g07120,LOC_Os03g17920,motif_CE,motif_CE
LOC_Os01g07120,LOC_Os01g40600,motif,merged
LOC_Os01g07120,LOC_Os01g41020,motif,merged
LOC_Os01g07120,LOC_Os04g44640,motif,merged
LOC_Os01g07120,LOC_Os06g47290,motif_CE,motif_CE
LOC_Os01g07120,LOC_Os01g32439,motif,merged
LOC_Os01g07120,LOC_Os12g37730,"motif, motif_CE",merged
LOC_Os01g07120,LOC_Os01g43860,motif,merged
LOC_Os01g07120,LOC_Os06g09830,"motif, motif_CE",merged
LOC_Os01g07120,LOC_Os12g30340,motif,merged
LOC_Os01g07120,LOC_Os12g35180,motif,merged
LOC_Os01g07120,LOC_Os11g31610,motif,merged
LOC_Os01g07120,LOC_Os07g14940,motif,merged
LOC_Os01g07120,LOC_Os01g62090,motif,merged
LOC_Os01g07120,LOC_Os06g51130,motif,merged
LOC_Os01g07120,LOC_Os11g40140,"motif, motif_CE",merged
LOC_Os01g07120,LOC_Os08g13990,motif,merged
LOC_Os01g07120,LOC_Os02g35110,"motif, motif_CE",merged
LOC_Os01g07120,LOC_Os08g17900,motif,merged
LOC_Os01g07120,LOC_Os05g10890,motif,merged
LOC_Os01g07120,LOC_Os12g23760,motif,merged
LOC_Os01g07120,LOC_Os02g31190,"FunTFBS, motif",merged
LOC_Os01g07120,LOC_Os11g27630,"motif, motif_CE",merged
LOC_Os01g07120,LOC_Os11g14220,motif,merged
LOC_Os01g07120,LOC_Os08g34240,motif,merged
LOC_Os01g07120,LOC_Os03g19570,"motif, motif_CE",merged
LOC_Os01g07120,LOC_Os03g31640,motif,merged
LOC_Os01g07120,LOC_Os04g40420,motif,merged
LOC_Os01g07120,LOC_Os03g10060,"motif, motif_CE",merged
LOC_Os01g07120,LOC_Os12g31440,motif,merged
LOC_Os01g07120,LOC_Os07g38150,motif_CE,motif_CE
LOC_Os01g07120,LOC_Os03g36300,motif_CE,motif_CE
LOC_Os01g07120,LOC_Os06g11308,motif,merged
LOC_Os01g07120,LOC_Os02g02770,motif,merged
LOC_Os01g07120,LOC_Os10g28950,"FunTFBS, motif",merged
LOC_Os01g07120,LOC_Os04g42540,motif,merged
LOC_Os01g07120,LOC_Os01g23330,motif,merged
LOC_Os01g07120,LOC_Os02g13770,"motif, motif_CE",merged
LOC_Os01g07120,LOC_Os04g29510,motif,merged
LOC_Os01g07120,LOC_Os02g35480,motif,merged
LOC_Os01g07120,LOC_Os06g40570,"motif, motif_CE",merged
LOC_Os01g07120,LOC_Os12g38140,motif,merged
LOC_Os01g07120,LOC_Os12g38850,motif,merged
LOC_Os01g07120,LOC_Os04g08749,motif,merged
LOC_Os01g07120,LOC_Os05g22830,motif,merged
LOC_Os01g07120,LOC_Os03g59650,motif_CE,motif_CE
LOC_Os01g07120,LOC_Os04g41360,motif,merged
LOC_Os01g07120,LOC_Os02g51350,motif,merged
LOC_Os01g07120,LOC_Os03g53280,motif_CE,motif_CE
LOC_Os01g07120,LOC_Os02g28030,"FunTFBS, motif",merged
LOC_Os01g07120,LOC_Os01g04860,"motif, motif_CE",merged
LOC_Os01g07120,LOC_Os05g24890,motif,merged
LOC_Os01g07120,LOC_Os01g14440,"motif, motif_CE",merged
LOC_Os01g07120,LOC_Os06g08730,"motif, motif_CE",merged
LOC_Os01g07120,LOC_Os01g21585,motif_CE,motif_CE
LOC_Os01g07120,LOC_Os08g06770,motif,merged
LOC_Os01g07120,LOC_Os11g40249,motif,merged
LOC_Os01g07120,LOC_Os04g17190,motif,merged
LOC_Os01g07120,LOC_Os03g10780,"motif, motif_CE",merged
LOC_Os01g07120,LOC_Os01g40940,motif_CE,motif_CE
LOC_Os01g07120,LOC_Os04g52164,"FunTFBS, motif, motif_CE",merged
LOC_Os01g07120,LOC_Os07g32129,motif,merged
LOC_Os01g07120,LOC_Os01g34440,motif,merged
LOC_Os01g07120,LOC_Os12g12620,motif,merged
LOC_Os01g07120,LOC_Os01g14850,motif_CE,motif_CE
LOC_Os01g07120,LOC_Os12g24140,motif,merged
LOC_Os01g07120,LOC_Os05g03620,"motif, motif_CE",merged
LOC_Os01g07120,LOC_Os10g18090,motif,merged
LOC_Os01g07120,LOC_Os07g39490,motif,merged
LOC_Os01g07120,LOC_Os04g27330,motif,merged
LOC_Os01g07120,LOC_Os11g28320,motif,merged
LOC_Os01g07120,LOC_Os08g15204,motif,merged
LOC_Os01g07120,LOC_Os05g49810,motif,merged
LOC_Os01g07120,LOC_Os06g47550,motif,merged
LOC_Os01g07120,LOC_Os02g05050,motif_CE,motif_CE
LOC_Os01g07120,LOC_Os07g13430,motif,merged
LOC_Os01g07120,LOC_Os03g06720,motif,merged
LOC_Os01g07120,LOC_Os06g39560,motif,merged
LOC_Os01g07120,LOC_Os01g52390,"FunTFBS, motif, motif_CE",merged
LOC_Os01g07120,LOC_Os07g34680,motif,merged
LOC_Os01g07120,LOC_Os03g11150,motif,merged
LOC_Os01g07120,LOC_Os10g37230,motif,merged
LOC_Os01g07120,LOC_Os12g07830,"motif, motif_CE",merged
LOC_Os01g07120,LOC_Os08g31520,motif,merged
LOC_Os01g07120,LOC_Os12g40790,"motif, motif_CE",merged
LOC_Os01g07120,LOC_Os10g34470,"motif, motif_CE",merged
LOC_Os01g07120,LOC_Os06g48280,motif_CE,motif_CE
LOC_Os01g07120,LOC_Os05g44770,motif,merged
LOC_Os01g07120,LOC_Os03g33010,motif,merged
LOC_Os01g07120,LOC_Os06g44940,"FunTFBS, motif",merged
LOC_Os01g07120,LOC_Os07g46450,"FunTFBS, motif",merged
LOC_Os01g07120,ChrUn.fgenesh.gene.94,"motif, motif_CE",merged
LOC_Os01g07120,LOC_Os02g51430,motif,merged
LOC_Os01g07120,LOC_Os05g17710,motif,merged
LOC_Os01g07120,LOC_Os03g48390,motif_CE,motif_CE
LOC_Os01g07120,LOC_Os01g55890,motif_CE,motif_CE
LOC_Os01g07120,LOC_Os01g73230,motif_CE,motif_CE
LOC_Os01g07120,LOC_Os07g05310,motif,merged
LOC_Os01g07120,LOC_Os03g61800,motif,merged
LOC_Os01g07120,LOC_Os04g13210,motif_CE,motif_CE
LOC_Os01g07120,LOC_Os01g11340,motif,merged
LOC_Os01g07120,LOC_Os04g57370,"motif, motif_CE",merged
LOC_Os01g07120,LOC_Os07g26540,motif,merged
LOC_Os01g07120,LOC_Os02g17990,"motif, motif_CE",merged
LOC_Os01g07120,LOC_Os04g46610,"motif, motif_CE",merged
LOC_Os01g07120,LOC_Os10g41360,motif_CE,motif_CE
LOC_Os01g07120,LOC_Os08g39670,motif,merged
LOC_Os01g07120,LOC_Os11g27530,"motif, motif_CE",merged
LOC_Os01g07120,LOC_Os08g27330,motif_CE,motif_CE
LOC_Os01g07120,LOC_Os11g14000,motif,merged
LOC_Os01g07120,LOC_Os04g22560,motif,merged
LOC_Os01g07120,LOC_Os09g31482,"motif, motif_CE",merged
LOC_Os01g07120,LOC_Os02g20150,motif,merged
LOC_Os01g07120,LOC_Os06g08280,motif,merged
LOC_Os01g07120,LOC_Os03g20220,motif,merged
LOC_Os01g07120,LOC_Os04g25080,FunTFBS,FunTFBS
LOC_Os01g07120,LOC_Os05g34130,motif,merged
LOC_Os01g07120,LOC_Os08g28180,motif,merged
LOC_Os01g07120,LOC_Os10g02509,"motif, motif_CE",merged
LOC_Os01g07120,LOC_Os01g55740,motif_CE,motif_CE
LOC_Os01g07120,LOC_Os07g26740,motif_CE,motif_CE
LOC_Os01g07120,LOC_Os06g47290,"motif, motif_CE",merged
LOC_Os01g07120,LOC_Os01g12840,"motif, motif_CE",merged
LOC_Os01g07120,LOC_Os01g03160,"FunTFBS, motif",merged
LOC_Os01g07120,LOC_Os04g56320,motif_CE,motif_CE
LOC_Os01g07120,LOC_Os03g52910,motif,merged
LOC_Os01g07120,LOC_Os08g37320,motif_CE,motif_CE
LOC_Os01g07120,LOC_Os09g29680,motif,merged
LOC_Os01g07120,LOC_Os03g10224,"motif, motif_CE",merged
LOC_Os01g07120,LOC_Os06g39410,motif,merged
LOC_Os01g07120,LOC_Os06g43890,motif,merged
LOC_Os01g07120,LOC_Os10g33200,motif,merged
LOC_Os01g07120,LOC_Os05g37530,motif,merged
LOC_Os01g07120,LOC_Os06g07590,motif,merged
LOC_Os01g07120,LOC_Os04g08828,motif,merged
LOC_Os01g07120,LOC_Os05g11840,motif,merged
LOC_Os01g07120,LOC_Os02g03720,motif,merged
LOC_Os01g07120,LOC_Os06g20460,motif,merged
LOC_Os01g07120,LOC_Os02g06880,"motif, motif_CE",merged
LOC_Os01g07120,LOC_Os10g35780,motif,merged
LOC_Os01g07120,LOC_Os06g13110,motif,merged
LOC_Os01g07120,LOC_Os06g06170,motif,merged
LOC_Os01g07120,LOC_Os03g43750,motif,merged
LOC_Os01g07120,LOC_Os06g39380,motif_CE,motif_CE
LOC_Os01g07120,LOC_Os05g38250,motif,merged
LOC_Os01g07120,LOC_Os08g01870,motif,merged
LOC_Os01g07120,LOC_Os08g14170,motif,merged
LOC_Os01g07120,LOC_Os07g36220,motif,merged
LOC_Os01g07120,LOC_Os11g31880,motif,merged
LOC_Os01g07120,LOC_Os07g27850,"motif, motif_CE",merged
LOC_Os01g07120,LOC_Os04g11956,"motif, motif_CE",merged
LOC_Os01g07120,LOC_Os08g15080,"motif, motif_CE",merged
LOC_Os01g07120,LOC_Os08g14390,motif,merged
LOC_Os01g07120,LOC_Os12g01260,motif_CE,motif_CE
LOC_Os01g07120,LOC_Os08g13840,motif,merged
LOC_Os01g07120,LOC_Os03g48330,motif,merged
LOC_Os01g07120,LOC_Os09g37910,motif,merged
LOC_Os01g07120,LOC_Os06g44250,motif,merged
LOC_Os01g07120,LOC_Os03g49960,motif,merged
LOC_Os01g07120,LOC_Os02g54740,motif,merged
LOC_Os01g07120,LOC_Os06g47834,"FunTFBS, motif, motif_CE",merged
LOC_Os01g07120,LOC_Os09g18540,motif,merged
LOC_Os01g07120,LOC_Os04g33180,motif,merged
LOC_Os01g07120,LOC_Os03g57040,motif,merged
LOC_Os01g07120,LOC_Os10g20720,FunTFBS,FunTFBS
LOC_Os01g07120,LOC_Os01g54100,"motif, motif_CE",merged
LOC_Os01g07120,LOC_Os05g27950,motif,merged
LOC_Os01g07120,LOC_Os12g16040,motif,merged
LOC_Os01g07120,LOC_Os12g28850,motif,merged
LOC_Os01g07120,LOC_Os03g16660,FunTFBS,FunTFBS
LOC_Os01g07120,LOC_Os01g46932,motif,merged
LOC_Os01g07120,LOC_Os01g34410,motif,merged
LOC_Os01g07120,LOC_Os05g03350,motif,merged
LOC_Os01g07120,LOC_Os11g04267,motif,merged
LOC_Os01g07120,LOC_Os04g52790,FunTFBS,FunTFBS
LOC_Os01g07120,LOC_Os10g39990,motif,merged
LOC_Os01g07120,LOC_Os01g35270,motif,merged
LOC_Os01g07120,LOC_Os04g01970,motif,merged
LOC_Os01g07120,LOC_Os03g33140,motif,merged
LOC_Os01g07120,LOC_Os08g08170,motif,merged
LOC_Os01g07120,LOC_Os02g19720,motif,merged
LOC_Os01g07120,LOC_Os06g06310,motif,merged
LOC_Os01g07120,LOC_Os06g37300,motif,merged
LOC_Os01g07120,LOC_Os06g48280,"motif, motif_CE",merged
LOC_Os01g07120,LOC_Os02g47290,motif,merged
LOC_Os01g07120,LOC_Os12g11560,motif,merged
LOC_Os01g07120,LOC_Os11g31150,motif,merged
LOC_Os01g07120,LOC_Os03g52280,motif_CE,motif_CE
LOC_Os01g07120,LOC_Os01g34200,motif,merged
LOC_Os01g07120,LOC_Os02g07240,motif_CE,motif_CE
LOC_Os01g07120,LOC_Os04g07280,motif,merged
LOC_Os01g07120,LOC_Os06g50679,motif,merged
LOC_Os01g07120,LOC_Os10g20630,"motif, motif_CE",merged
LOC_Os01g07120,LOC_Os05g14120,FunTFBS,FunTFBS
LOC_Os01g07120,LOC_Os07g39970,motif,merged
LOC_Os01g07120,LOC_Os10g29640,FunTFBS,FunTFBS
LOC_Os01g07120,LOC_Os11g05050,motif_CE,motif_CE
LOC_Os01g07120,LOC_Os06g01960,motif_CE,motif_CE
LOC_Os01g07120,LOC_Os07g16180,motif,merged
LOC_Os01g07120,LOC_Os09g16420,motif,merged
LOC_Os01g07120,LOC_Os03g48390,"motif, motif_CE",merged
LOC_Os01g07120,LOC_Os04g02670,"motif, motif_CE",merged
LOC_Os01g07120,LOC_Os01g55890,"motif, motif_CE",merged
LOC_Os01g07120,LOC_Os01g73230,"motif, motif_CE",merged
LOC_Os01g07120,LOC_Os03g20150,motif,merged
LOC_Os01g07120,LOC_Os12g34980,motif,merged
LOC_Os01g07120,LOC_Os10g28914,motif,merged
LOC_Os01g07120,LOC_Os06g45250,motif_CE,motif_CE
LOC_Os01g07120,LOC_Os01g62945,motif,merged
LOC_Os01g07120,LOC_Os11g10050,motif,merged
LOC_Os01g07120,LOC_Os02g58580,motif_CE,motif_CE
LOC_Os01g07120,LOC_Os09g01690,motif,merged
LOC_Os01g07120,LOC_Os04g12850,motif,merged
LOC_Os01g07120,LOC_Os01g19190,motif,merged
LOC_Os01g07120,LOC_Os01g20030,motif,merged
LOC_Os01g07120,LOC_Os05g50930,"motif, motif_CE",merged
LOC_Os01g07120,LOC_Os03g19610,"motif, motif_CE",merged
LOC_Os01g07120,LOC_Os11g05230,motif,merged
LOC_Os01g07120,LOC_Os01g32710,motif_CE,motif_CE
LOC_Os01g07120,LOC_Os09g18460,motif,merged
LOC_Os01g07120,LOC_Os12g04520,"motif, motif_CE",merged
LOC_Os01g07120,LOC_Os07g44390,motif,merged
LOC_Os01g07120,LOC_Os10g36340,motif_CE,motif_CE
LOC_Os01g07120,LOC_Os03g24180,motif_CE,motif_CE
LOC_Os01g07120,LOC_Os05g20960,FunTFBS,FunTFBS
LOC_Os01g07120,LOC_Os09g19570,motif,merged
LOC_Os01g07120,LOC_Os03g56590,motif_CE,motif_CE
LOC_Os01g07120,LOC_Os07g37700,FunTFBS,FunTFBS
LOC_Os01g07120,LOC_Os01g53140,motif,merged
LOC_Os01g07120,LOC_Os03g62870,motif,merged
LOC_Os01g07120,LOC_Os03g12540,motif,merged
LOC_Os01g07120,LOC_Os03g26080,"motif, motif_CE",merged
LOC_Os01g07120,LOC_Os03g26460,motif,merged
LOC_Os01g07120,LOC_Os12g07530,motif,merged
LOC_Os01g07120,LOC_Os01g57650,motif_CE,motif_CE
LOC_Os01g07120,LOC_Os08g37320,"motif, motif_CE",merged
LOC_Os01g07120,LOC_Os06g33570,motif,merged
LOC_Os01g07120,LOC_Os08g44290,motif,merged
LOC_Os01g07120,LOC_Os11g42270,motif,merged
LOC_Os01g07120,LOC_Os10g29830,motif,merged
LOC_Os01g07120,LOC_Os06g40130,motif,merged
LOC_Os01g07120,LOC_Os01g20890,motif,merged
LOC_Os01g07120,LOC_Os03g16730,FunTFBS,FunTFBS
LOC_Os01g07120,LOC_Os02g56010,motif,merged
LOC_Os01g07120,LOC_Os04g52240,"FunTFBS, motif",merged
LOC_Os01g07120,LOC_Os04g02600,motif,merged
LOC_Os01g07120,LOC_Os11g41540,motif_CE,motif_CE
LOC_Os01g07120,LOC_Os04g28980,motif,merged
LOC_Os01g07120,LOC_Os02g25440,"FunTFBS, motif",merged
LOC_Os01g07120,LOC_Os12g17730,motif,merged
LOC_Os01g07120,LOC_Os02g29490,motif,merged
LOC_Os01g07120,LOC_Os04g39890,motif,merged
LOC_Os01g07120,LOC_Os05g48180,motif,merged
LOC_Os01g07120,LOC_Os04g10360,"motif, motif_CE",merged
LOC_Os01g07120,LOC_Os03g07840,FunTFBS,FunTFBS
LOC_Os01g07120,LOC_Os05g23030,motif,merged
LOC_Os01g07120,LOC_Os02g03890,motif,merged
LOC_Os01g07120,LOC_Os07g38150,"motif, motif_CE",merged
LOC_Os01g07120,LOC_Os01g05860,motif_CE,motif_CE
LOC_Os01g07120,LOC_Os05g37590,motif,merged
LOC_Os01g07120,LOC_Os07g01260,motif_CE,motif_CE
LOC_Os01g07120,LOC_Os11g07500,FunTFBS,FunTFBS
LOC_Os01g07120,LOC_Os05g43960,motif,merged
LOC_Os01g07120,LOC_Os06g46700,motif,merged
LOC_Os01g07120,LOC_Os09g20800,motif,merged
LOC_Os01g07120,LOC_Os04g32600,"motif, motif_CE",merged
LOC_Os01g07120,LOC_Os09g20660,"FunTFBS, motif",merged
LOC_Os01g07120,LOC_Os08g05430,motif,merged
LOC_Os01g07120,LOC_Os05g06290,FunTFBS,FunTFBS
LOC_Os01g07120,LOC_Os01g69120,"motif, motif_CE",merged
LOC_Os01g07120,LOC_Os12g17840,motif_CE,motif_CE
LOC_Os01g07120,LOC_Os03g63860,motif,merged
LOC_Os01g07120,LOC_Os12g01260,"motif, motif_CE",merged
LOC_Os01g07120,LOC_Os07g35310,motif,merged
LOC_Os01g07120,LOC_Os01g38510,"motif, motif_CE",merged
LOC_Os01g07120,LOC_Os07g08790,motif,merged
LOC_Os01g07120,LOC_Os08g07880,motif,merged
LOC_Os01g07120,LOC_Os04g24520,FunTFBS,FunTFBS
LOC_Os01g07120,LOC_Os03g46350,motif,merged
LOC_Os01g07120,LOC_Os01g68350,motif,merged
LOC_Os01g07120,LOC_Os02g13650,motif,merged
LOC_Os01g07120,LOC_Os11g01869,motif,merged
LOC_Os01g07120,LOC_Os07g17490,FunTFBS,FunTFBS
LOC_Os01g07120,LOC_Os06g28680,motif,merged
LOC_Os01g07120,LOC_Os05g28060,motif,merged
LOC_Os01g07120,LOC_Os05g38860,"motif, motif_CE",merged
LOC_Os01g07120,LOC_Os11g03080,FunTFBS,FunTFBS
LOC_Os01g07120,LOC_Os06g01140,motif,merged
LOC_Os01g07120,LOC_Os07g38850,"motif, motif_CE",merged
LOC_Os01g07120,LOC_Os11g11270,motif,merged
LOC_Os01g07120,LOC_Os01g40940,"motif, motif_CE",merged
LOC_Os01g07120,LOC_Os06g27600,motif,merged
LOC_Os01g07120,LOC_Os11g36300,motif,merged
LOC_Os01g07120,LOC_Os02g27290,motif,merged
LOC_Os01g07120,LOC_Os01g14850,"motif, motif_CE",merged
LOC_Os01g07120,LOC_Os06g12340,motif,merged
LOC_Os01g07120,LOC_Os01g45659,motif,merged
LOC_Os01g07120,LOC_Os02g07160,motif,merged
LOC_Os01g07120,LOC_Os02g54210,motif,merged
LOC_Os01g07120,LOC_Os09g07290,motif,merged
LOC_Os01g07120,LOC_Os03g59550,motif_CE,motif_CE
LOC_Os01g07120,LOC_Os01g49720,motif,merged
LOC_Os01g07120,LOC_Os04g38980,"FunTFBS, motif, motif_CE",merged
LOC_Os01g07120,LOC_Os01g21144,motif,merged
LOC_Os01g07120,LOC_Os04g22410,motif,merged
LOC_Os01g07120,LOC_Os09g32850,motif,merged
LOC_Os01g07120,LOC_Os01g64130,motif,merged
LOC_Os01g07120,LOC_Os09g32169,FunTFBS,FunTFBS
LOC_Os01g07120,LOC_Os10g01710,motif,merged
LOC_Os01g07120,LOC_Os12g01010,motif,merged
LOC_Os01g07120,LOC_Os07g10000,motif,merged
LOC_Os01g07120,LOC_Os02g44690,FunTFBS,FunTFBS
LOC_Os01g07120,LOC_Os01g59070,"motif, motif_CE",merged
LOC_Os01g07120,LOC_Os06g35900,FunTFBS,FunTFBS
LOC_Os01g07120,LOC_Os09g32040,motif,merged
LOC_Os01g07120,LOC_Os11g37900,motif,merged
LOC_Os01g07120,LOC_Os11g40480,motif,merged
LOC_Os01g07120,LOC_Os12g19230,"FunTFBS, motif",merged
LOC_Os01g07120,LOC_Os06g22150,"motif, motif_CE",merged
LOC_Os01g07120,LOC_Os05g50840,"motif, motif_CE",merged
LOC_Os01g07120,LOC_Os07g46480,motif,merged
LOC_Os01g07120,LOC_Os07g28610,motif,merged
LOC_Os01g07120,LOC_Os08g09900,motif_CE,motif_CE
LOC_Os01g07120,LOC_Os07g27540,motif,merged
LOC_Os01g07120,LOC_Os05g33020,motif_CE,motif_CE
LOC_Os01g07120,LOC_Os09g16330,motif,merged
LOC_Os01g07120,LOC_Os06g19570,motif,merged
LOC_Os01g07120,LOC_Os07g47194,motif,merged
LOC_Os01g07120,LOC_Os05g06630,motif,merged
LOC_Os01g07120,LOC_Os08g03390,motif_CE,motif_CE
LOC_Os01g07120,LOC_Os04g18510,motif,merged
LOC_Os01g07120,LOC_Os06g09810,motif,merged
LOC_Os01g07120,LOC_Os02g58580,"motif, motif_CE",merged
LOC_Os01g07120,LOC_Os01g70820,motif,merged
LOC_Os01g07120,LOC_Os10g42800,motif,merged
LOC_Os01g07120,LOC_Os03g02410,motif_CE,motif_CE
LOC_Os01g07120,LOC_Os01g36984,motif,merged
LOC_Os01g07120,LOC_Os02g39490,motif,merged
LOC_Os01g07120,LOC_Os07g38900,motif_CE,motif_CE
LOC_Os01g07120,LOC_Os08g40200,motif,merged
LOC_Os01g07120,LOC_Os02g12620,motif,merged
LOC_Os01g07120,LOC_Os09g08430,"motif, motif_CE",merged
LOC_Os01g07120,LOC_Os03g63410,motif_CE,motif_CE
LOC_Os01g07120,LOC_Os05g45070,motif,merged
LOC_Os01g07120,LOC_Os01g71300,motif,merged
LOC_Os01g07120,LOC_Os01g39720,motif,merged
LOC_Os01g07120,LOC_Os03g55660,motif,merged
LOC_Os01g07120,LOC_Os10g36340,"motif, motif_CE",merged
LOC_Os01g07120,LOC_Os09g01210,motif,merged
LOC_Os01g07120,LOC_Os08g25220,motif,merged
LOC_Os01g07120,LOC_Os04g38274,motif,merged
LOC_Os01g07120,LOC_Os01g71200,"FunTFBS, motif",merged
LOC_Os01g07120,LOC_Os07g25140,motif,merged
LOC_Os01g07120,LOC_Os11g07540,motif,merged
LOC_Os01g07120,LOC_Os01g57650,"motif, motif_CE",merged
LOC_Os01g07120,LOC_Os12g23160,motif,merged
LOC_Os01g07120,LOC_Os04g29010,"FunTFBS, motif",merged
LOC_Os01g07120,LOC_Os02g10240,FunTFBS,FunTFBS
LOC_Os01g07120,LOC_Os09g09650,motif,merged
LOC_Os01g07120,LOC_Os03g31706,motif,merged
LOC_Os01g07120,LOC_Os01g22209,motif,merged
LOC_Os01g07120,LOC_Os03g18390,motif,merged
LOC_Os01g07120,LOC_Os03g18980,motif_CE,motif_CE
LOC_Os01g07120,LOC_Os08g29390,motif_CE,motif_CE
LOC_Os01g07120,LOC_Os11g04050,motif_CE,motif_CE
LOC_Os01g07120,LOC_Os05g05690,motif_CE,motif_CE
LOC_Os01g07120,LOC_Os05g41820,motif,merged
LOC_Os01g07120,LOC_Os05g21140,motif,merged
LOC_Os01g07120,LOC_Os03g07910,motif_CE,motif_CE
LOC_Os01g07120,LOC_Os03g52594,motif,merged
LOC_Os01g07120,LOC_Os06g19030,FunTFBS,FunTFBS
LOC_Os01g07120,LOC_Os01g36530,motif,merged
LOC_Os01g07120,LOC_Os09g39930,motif,merged
LOC_Os01g07120,LOC_Os11g23060,motif,merged
LOC_Os01g07120,LOC_Os05g06250,"FunTFBS, motif",merged
LOC_Os01g07120,LOC_Os06g39380,"motif, motif_CE",merged
LOC_Os01g07120,LOC_Os05g50550,motif_CE,motif_CE
LOC_Os01g07120,LOC_Os12g17840,"motif, motif_CE",merged
LOC_Os01g07120,LOC_Os01g37842,motif,merged
LOC_Os01g07120,LOC_Os03g58810,"FunTFBS, motif",merged
LOC_Os01g07120,LOC_Os06g33250,motif,merged
LOC_Os01g07120,LOC_Os08g44960,motif_CE,motif_CE
LOC_Os01g07120,LOC_Os03g07270,FunTFBS,FunTFBS
LOC_Os01g07120,LOC_Os07g19340,motif,merged
LOC_Os01g07120,LOC_Os10g22990,motif,merged
LOC_Os01g07120,LOC_Os11g46090,motif,merged
LOC_Os01g07120,LOC_Os05g05500,motif_CE,motif_CE
LOC_Os01g07120,LOC_Os09g20710,motif,merged
LOC_Os01g07120,LOC_Os05g23890,"motif, motif_CE",merged
LOC_Os01g07120,LOC_Os01g38590,motif,merged
LOC_Os01g07120,LOC_Os07g44740,motif,merged
LOC_Os01g07120,LOC_Os04g26010,motif,merged
LOC_Os01g07120,LOC_Os11g15360,motif,merged
LOC_Os01g07120,LOC_Os03g10260,motif_CE,motif_CE
LOC_Os01g07120,LOC_Os02g55370,motif,merged
LOC_Os01g07120,LOC_Os07g16660,motif,merged
LOC_Os01g07120,LOC_Os12g05470,motif,merged
LOC_Os01g07120,LOC_Os07g01970,motif,merged
LOC_Os01g07120,LOC_Os07g30460,motif,merged
LOC_Os01g07120,LOC_Os06g11430,motif_CE,motif_CE
LOC_Os01g07120,LOC_Os06g41800,motif,merged
LOC_Os01g07120,LOC_Os07g37940,motif,merged
LOC_Os01g07120,LOC_Os09g37230,motif,merged
LOC_Os01g07120,LOC_Os10g30070,motif_CE,motif_CE
LOC_Os01g07120,LOC_Os10g35140,motif_CE,motif_CE
LOC_Os01g07120,LOC_Os02g08018,motif,merged
LOC_Os01g07120,LOC_Os05g50500,motif_CE,motif_CE
LOC_Os01g07120,LOC_Os09g25460,"motif, motif_CE",merged
LOC_Os01g07120,LOC_Os06g44760,FunTFBS,FunTFBS
LOC_Os01g07120,LOC_Os03g63160,motif,merged
LOC_Os01g07120,LOC_Os04g07670,motif,merged
LOC_Os01g07120,LOC_Os03g25130,motif_CE,motif_CE
LOC_Os01g07120,LOC_Os01g51770,motif,merged
LOC_Os01g07120,LOC_Os04g52340,"FunTFBS, motif",merged
LOC_Os01g07120,LOC_Os09g35010,motif,merged
LOC_Os01g07120,LOC_Os12g38000,motif,merged
LOC_Os01g07120,LOC_Os01g33142,motif,merged
LOC_Os01g07120,LOC_Os08g07490,motif,merged
LOC_Os01g07120,LOC_Os11g36420,motif,merged
LOC_Os01g07120,LOC_Os03g01910,motif_CE,motif_CE
LOC_Os01g07120,LOC_Os09g12600,motif_CE,motif_CE
LOC_Os01g07120,LOC_Os02g06980,motif,merged
LOC_Os01g07120,LOC_Os12g39640,motif,merged
LOC_Os01g07120,LOC_Os01g66810,motif,merged
LOC_Os01g07120,LOC_Os03g03270,motif_CE,motif_CE
LOC_Os01g07120,LOC_Os12g17550,"motif, motif_CE",merged
LOC_Os01g07120,LOC_Os01g12460,motif_CE,motif_CE
LOC_Os01g07120,LOC_Os12g30320,motif,merged
LOC_Os01g07120,LOC_Os10g07290,motif,merged
LOC_Os01g07120,LOC_Os10g15390,FunTFBS,FunTFBS
LOC_Os01g07120,LOC_Os03g16440,motif_CE,motif_CE
LOC_Os01g07120,LOC_Os05g50420,motif,merged
LOC_Os01g07120,LOC_Os03g26070,motif_CE,motif_CE
LOC_Os01g07120,LOC_Os04g35170,motif,merged
LOC_Os01g07120,LOC_Os11g05050,"motif, motif_CE",merged
LOC_Os01g07120,LOC_Os02g28280,motif,merged
LOC_Os01g07120,LOC_Os06g13230,motif,merged
LOC_Os01g07120,LOC_Os10g30170,motif,merged
LOC_Os01g07120,LOC_Os09g01160,motif,merged
LOC_Os01g07120,LOC_Os04g45910,FunTFBS,FunTFBS
LOC_Os01g07120,LOC_Os06g17290,motif,merged
LOC_Os01g07120,LOC_Os12g13370,motif,merged
LOC_Os01g07120,LOC_Os11g37680,motif,merged
LOC_Os01g07120,LOC_Os10g18980,motif,merged
LOC_Os01g07120,LOC_Os01g44190,motif,merged
LOC_Os01g07120,LOC_Os05g17230,motif,merged
LOC_Os01g07120,LOC_Os03g57100,motif,merged
LOC_Os01g07120,LOC_Os03g57980,motif,merged
LOC_Os01g07120,LOC_Os06g45250,"motif, motif_CE",merged
LOC_Os01g07120,LOC_Os03g52310,motif,merged
LOC_Os01g07120,LOC_Os04g33890,motif,merged
LOC_Os01g07120,LOC_Os06g06410,FunTFBS,FunTFBS
LOC_Os01g07120,LOC_Os05g49290,motif,merged
LOC_Os01g07120,LOC_Os05g11120,motif,merged
LOC_Os01g07120,LOC_Os11g38710,motif,merged
LOC_Os01g07120,LOC_Os12g01110,motif,merged
LOC_Os01g07120,LOC_Os05g10940,motif,merged
LOC_Os01g07120,LOC_Os02g34270,motif_CE,motif_CE
LOC_Os01g07120,LOC_Os06g12020,motif,merged
LOC_Os01g07120,LOC_Os10g07280,motif,merged
LOC_Os01g07120,LOC_Os11g10100,motif,merged
LOC_Os01g07120,LOC_Os03g27230,motif_CE,motif_CE
LOC_Os01g07120,LOC_Os04g14820,motif,merged
LOC_Os01g07120,LOC_Os02g56600,FunTFBS,FunTFBS
LOC_Os01g07120,LOC_Os07g33420,motif,merged
LOC_Os01g07120,LOC_Os05g16460,motif,merged
LOC_Os01g07120,LOC_Os11g01210,motif_CE,motif_CE
LOC_Os01g07120,LOC_Os01g02180,motif,merged
LOC_Os01g07120,LOC_Os08g08310,motif,merged
LOC_Os01g07120,LOC_Os01g57630,motif_CE,motif_CE
LOC_Os01g07120,LOC_Os03g46230,motif,merged
LOC_Os01g07120,LOC_Os03g18190,motif,merged
LOC_Os01g07120,LOC_Os08g22284,motif,merged
LOC_Os01g07120,LOC_Os03g55090,"motif, motif_CE",merged
LOC_Os01g07120,LOC_Os05g17650,motif,merged
LOC_Os01g07120,LOC_Os09g27220,motif,merged
LOC_Os01g07120,LOC_Os10g03540,motif,merged
LOC_Os01g07120,LOC_Os01g10600,motif,merged
LOC_Os01g07120,LOC_Os08g44520,motif_CE,motif_CE
LOC_Os01g07120,LOC_Os12g35820,motif,merged
LOC_Os01g07120,LOC_Os08g21280,motif,merged
LOC_Os01g07120,LOC_Os03g18980,"motif, motif_CE",merged
LOC_Os01g07120,LOC_Os05g23760,motif,merged
LOC_Os01g07120,LOC_Os04g33050,motif,merged
LOC_Os01g07120,LOC_Os11g40350,motif,merged
LOC_Os01g07120,LOC_Os12g04700,motif,merged
LOC_Os01g07120,LOC_Os08g15500,motif,merged
LOC_Os01g07120,LOC_Os02g16590,motif,merged
LOC_Os01g07120,LOC_Os11g11030,motif,merged
LOC_Os01g07120,LOC_Os05g33680,motif,merged
LOC_Os01g07120,LOC_Os03g39655,motif,merged
LOC_Os01g07120,LOC_Os11g43220,motif,merged
LOC_Os01g07120,LOC_Os07g11340,motif,merged
LOC_Os01g07120,LOC_Os07g48790,motif_CE,motif_CE
LOC_Os01g07120,LOC_Os09g31350,motif,merged
LOC_Os01g07120,LOC_Os05g06070,motif,merged
LOC_Os01g07120,LOC_Os07g09610,motif,merged
LOC_Os01g07120,LOC_Os02g12420,motif,merged
LOC_Os01g07120,LOC_Os01g25189,motif,merged
LOC_Os01g07120,LOC_Os05g47890,"FunTFBS, motif, motif_CE",merged
LOC_Os01g07120,LOC_Os01g06380,motif,merged
LOC_Os01g07120,LOC_Os05g24090,motif,merged
LOC_Os01g07120,LOC_Os12g15250,motif,merged
LOC_Os01g07120,LOC_Os12g07240,FunTFBS,FunTFBS
LOC_Os01g07120,LOC_Os02g13860,"motif, motif_CE",merged
LOC_Os01g07120,LOC_Os08g26860,"FunTFBS, motif",merged
LOC_Os01g07120,LOC_Os04g34030,motif_CE,motif_CE
LOC_Os01g07120,LOC_Os08g15430,motif,merged
LOC_Os01g07120,LOC_Os05g08530,motif,merged
LOC_Os01g07120,LOC_Os11g32090,motif,merged
LOC_Os01g07120,LOC_Os04g32460,motif,merged
LOC_Os01g07120,LOC_Os02g57670,FunTFBS,FunTFBS
LOC_Os01g07120,LOC_Os04g04720,motif,merged
LOC_Os01g07120,LOC_Os01g47100,"motif, motif_CE",merged
LOC_Os01g07120,LOC_Os05g30140,motif,merged
LOC_Os01g07120,LOC_Os12g26680,"FunTFBS, motif",merged
LOC_Os01g07120,LOC_Os05g33760,motif,merged
LOC_Os01g07120,LOC_Os06g22180,motif,merged
LOC_Os01g07120,LOC_Os12g35270,motif,merged
LOC_Os01g07120,LOC_Os03g10260,"motif, motif_CE",merged
LOC_Os01g07120,LOC_Os02g29600,motif,merged
LOC_Os01g07120,LOC_Os03g53760,motif,merged
LOC_Os01g07120,LOC_Os03g48490,motif_CE,motif_CE
LOC_Os01g07120,LOC_Os05g02190,motif,merged
LOC_Os01g07120,LOC_Os01g10090,motif,merged
LOC_Os01g07120,LOC_Os11g02490,motif,merged
LOC_Os01g07120,LOC_Os08g21554,motif,merged
LOC_Os01g07120,LOC_Os12g31880,motif,merged
LOC_Os01g07120,LOC_Os10g35140,"motif, motif_CE",merged
LOC_Os01g07120,LOC_Os05g24490,motif,merged
LOC_Os01g07120,LOC_Os06g15600,"motif, motif_CE",merged
LOC_Os01g07120,LOC_Os02g18000,motif,merged
LOC_Os01g07120,LOC_Os06g08170,motif,merged
LOC_Os01g07120,LOC_Os02g57330,FunTFBS,FunTFBS
LOC_Os01g07120,LOC_Os03g19850,motif,merged
LOC_Os01g07120,LOC_Os03g08450,"motif, motif_CE",merged
LOC_Os01g07120,LOC_Os06g22210,motif,merged
LOC_Os01g07120,LOC_Os03g02280,motif,merged
LOC_Os01g07120,LOC_Os05g22960,motif,merged
LOC_Os01g07120,LOC_Os01g25630,motif,merged
LOC_Os01g07120,LOC_Os07g30820,motif,merged
LOC_Os01g07120,LOC_Os03g24170,"FunTFBS, motif, motif_CE",merged
LOC_Os01g07120,LOC_Os07g33090,motif,merged
LOC_Os01g07120,LOC_Os08g22410,motif,merged
LOC_Os01g07120,LOC_Os01g41960,motif,merged
LOC_Os01g07120,LOC_Os01g49110,motif,merged
LOC_Os01g07120,LOC_Os03g58430,motif_CE,motif_CE
LOC_Os01g07120,LOC_Os04g21700,motif,merged
LOC_Os01g07120,LOC_Os08g18060,motif,merged
LOC_Os01g07120,LOC_Os08g18030,motif,merged
LOC_Os01g07120,LOC_Os04g44110,motif_CE,motif_CE
LOC_Os01g07120,LOC_Os07g43080,motif,merged
LOC_Os01g07120,LOC_Os05g23600,motif,merged
LOC_Os01g07120,LOC_Os03g10970,motif,merged
LOC_Os01g07120,LOC_Os04g07120,motif,merged
LOC_Os01g07120,LOC_Os03g19770,motif,merged
LOC_Os01g07120,LOC_Os03g26070,"motif, motif_CE",merged
LOC_Os01g07120,LOC_Os06g48730,motif,merged
LOC_Os01g07120,LOC_Os07g43500,motif,merged
LOC_Os01g07120,LOC_Os09g01580,motif,merged
LOC_Os01g07120,LOC_Os05g33020,"motif, motif_CE",merged
LOC_Os01g07120,LOC_Os03g60400,"motif, motif_CE",merged
LOC_Os01g07120,LOC_Os08g42710,motif,merged
LOC_Os01g07120,LOC_Os03g42970,motif,merged
LOC_Os01g07120,LOC_Os07g09670,"FunTFBS, motif",merged
LOC_Os01g07120,LOC_Os06g38500,motif,merged
LOC_Os01g07120,LOC_Os11g24210,motif,merged
LOC_Os01g07120,LOC_Os02g19850,motif_CE,motif_CE
LOC_Os01g07120,LOC_Os02g12950,"FunTFBS, motif",merged
LOC_Os01g07120,LOC_Os08g35740,motif_CE,motif_CE
LOC_Os01g07120,LOC_Os06g05070,motif,merged
LOC_Os01g07120,LOC_Os08g41810,motif,merged
LOC_Os01g07120,LOC_Os06g10840,motif,merged
LOC_Os01g07120,LOC_Os02g10780,motif,merged
LOC_Os01g07120,LOC_Os03g20710,motif,merged
LOC_Os01g07120,LOC_Os02g20110,motif,merged
LOC_Os01g07120,LOC_Os03g31090,motif,merged
LOC_Os01g07120,LOC_Os11g23850,motif,merged
LOC_Os01g07120,ChrSy.fgenesh.gene.50,motif,merged
LOC_Os01g07120,LOC_Os05g48100,motif,merged
LOC_Os01g07120,LOC_Os01g64690,"motif, motif_CE",merged
LOC_Os01g07120,LOC_Os10g22130,motif,merged
LOC_Os01g07120,LOC_Os10g25800,motif,merged
LOC_Os01g07120,LOC_Os02g35060,motif_CE,motif_CE
LOC_Os01g07120,LOC_Os07g47790,"FunTFBS, motif, motif_CE",merged
LOC_Os01g07120,LOC_Os01g39150,FunTFBS,FunTFBS
LOC_Os01g07120,LOC_Os03g17600,motif,merged
LOC_Os01g07120,LOC_Os02g46300,motif,merged
LOC_Os01g07120,LOC_Os11g01210,"motif, motif_CE",merged
LOC_Os01g07120,LOC_Os04g42030,motif_CE,motif_CE
LOC_Os01g07120,LOC_Os12g38540,motif,merged
LOC_Os01g07120,LOC_Os11g10880,motif,merged
LOC_Os01g07120,LOC_Os06g07210,motif,merged
LOC_Os01g07120,LOC_Os09g34150,motif_CE,motif_CE
LOC_Os01g07120,LOC_Os01g16550,motif,merged
LOC_Os01g07120,LOC_Os09g26190,FunTFBS,FunTFBS
LOC_Os01g07120,LOC_Os08g35180,motif_CE,motif_CE
LOC_Os01g07120,LOC_Os03g54030,motif_CE,motif_CE
LOC_Os01g07120,LOC_Os03g16420,motif,merged
LOC_Os01g07120,LOC_Os01g37970,motif,merged
LOC_Os01g07120,LOC_Os08g44520,"motif, motif_CE",merged
LOC_Os01g07120,LOC_Os03g60920,motif_CE,motif_CE
LOC_Os01g07120,LOC_Os02g26780,FunTFBS,FunTFBS
LOC_Os01g07120,LOC_Os06g06970,motif,merged
LOC_Os01g07120,LOC_Os07g16120,FunTFBS,FunTFBS
LOC_Os01g07120,LOC_Os01g19760,motif,merged
LOC_Os01g07120,LOC_Os08g29390,"motif, motif_CE",merged
LOC_Os01g07120,LOC_Os05g30790,"motif, motif_CE",merged
LOC_Os01g07120,LOC_Os04g11230,motif,merged
LOC_Os01g07120,LOC_Os03g55760,FunTFBS,FunTFBS
LOC_Os01g07120,LOC_Os11g42670,motif,merged
LOC_Os01g07120,LOC_Os05g19370,motif_CE,motif_CE
LOC_Os01g07120,LOC_Os06g04190,"motif, motif_CE",merged
LOC_Os01g07120,LOC_Os03g51380,motif,merged
LOC_Os01g07120,LOC_Os03g57920,motif,merged
LOC_Os01g07120,LOC_Os07g25840,motif,merged
LOC_Os01g07120,LOC_Os05g35500,motif,merged
LOC_Os01g07120,LOC_Os02g45110,motif,merged
LOC_Os01g07120,LOC_Os08g11270,motif,merged
LOC_Os01g07120,LOC_Os05g09130,motif,merged
LOC_Os01g07120,LOC_Os04g29610,motif,merged
LOC_Os01g07120,LOC_Os06g46580,motif,merged
LOC_Os01g07120,LOC_Os05g38490,motif_CE,motif_CE
LOC_Os01g07120,LOC_Os09g30130,motif,merged
LOC_Os01g07120,LOC_Os04g34030,"motif, motif_CE",merged
LOC_Os01g07120,LOC_Os01g72049,motif,merged
LOC_Os01g07120,LOC_Os05g45520,motif,merged
LOC_Os01g07120,LOC_Os08g33750,motif_CE,motif_CE
LOC_Os01g07120,LOC_Os02g33560,motif,merged
LOC_Os01g07120,LOC_Os05g15740,motif,merged
LOC_Os01g07120,LOC_Os04g32080,motif,merged
LOC_Os01g07120,LOC_Os02g13940,motif,merged
LOC_Os01g07120,LOC_Os05g24060,motif,merged
LOC_Os01g07120,LOC_Os10g09910,motif,merged
LOC_Os01g07120,LOC_Os03g33177,motif,merged
LOC_Os01g07120,LOC_Os07g10710,motif,merged
LOC_Os01g07120,LOC_Os06g42780,motif,merged
LOC_Os01g07120,LOC_Os03g49730,motif,merged
LOC_Os01g07120,LOC_Os12g13480,motif,merged
LOC_Os01g07120,LOC_Os12g07740,motif,merged
LOC_Os01g07120,LOC_Os01g73040,motif,merged
LOC_Os01g07120,LOC_Os01g61260,motif,merged
LOC_Os01g07120,LOC_Os05g40640,motif,merged
LOC_Os01g07120,LOC_Os07g39480,"motif, motif_CE",merged
LOC_Os01g07120,LOC_Os03g25590,motif,merged
LOC_Os01g07120,LOC_Os02g32615,FunTFBS,FunTFBS
LOC_Os01g07120,LOC_Os01g59780,motif,merged
LOC_Os01g07120,LOC_Os05g33320,motif_CE,motif_CE
LOC_Os01g07120,LOC_Os01g42280,motif,merged
LOC_Os01g07120,LOC_Os08g30240,"FunTFBS, motif, motif_CE",merged
LOC_Os01g07120,LOC_Os03g49510,motif,merged
LOC_Os01g07120,LOC_Os09g24954,motif,merged
LOC_Os01g07120,LOC_Os11g31200,FunTFBS,FunTFBS
LOC_Os01g07120,LOC_Os01g18730,FunTFBS,FunTFBS
LOC_Os01g07120,LOC_Os04g39050,motif_CE,motif_CE
LOC_Os01g07120,LOC_Os09g21840,motif,merged
LOC_Os01g07120,LOC_Os09g11780,motif,merged
LOC_Os01g07120,LOC_Os03g60240,motif_CE,motif_CE
LOC_Os01g07120,LOC_Os05g48870,motif,merged
LOC_Os01g07120,LOC_Os01g38280,motif,merged
LOC_Os01g07120,LOC_Os12g05210,motif,merged
LOC_Os01g07120,LOC_Os06g06060,motif,merged
LOC_Os01g07120,LOC_Os07g40404,motif,merged
LOC_Os01g07120,LOC_Os02g12410,motif,merged
LOC_Os01g07120,LOC_Os01g65340,"FunTFBS, motif",merged
LOC_Os01g07120,LOC_Os08g44480,"FunTFBS, motif",merged
LOC_Os01g07120,LOC_Os04g56210,motif_CE,motif_CE
LOC_Os01g07120,LOC_Os12g29480,FunTFBS,FunTFBS
LOC_Os01g07120,LOC_Os07g12220,motif,merged
LOC_Os01g07120,LOC_Os01g24790,motif,merged
LOC_Os01g07120,LOC_Os12g42840,motif,merged
LOC_Os01g07120,LOC_Os08g15420,motif,merged
LOC_Os01g07120,LOC_Os11g09630,motif,merged
LOC_Os01g07120,LOC_Os06g20530,motif,merged
LOC_Os01g07120,LOC_Os07g18600,motif,merged
LOC_Os01g07120,LOC_Os04g04310,motif_CE,motif_CE
LOC_Os01g07120,LOC_Os02g57170,motif_CE,motif_CE
LOC_Os01g07120,LOC_Os08g35740,"motif, motif_CE",merged
LOC_Os01g07120,LOC_Os12g33180,motif,merged
LOC_Os01g07120,LOC_Os05g34600,motif,merged
LOC_Os01g07120,LOC_Os10g14070,"FunTFBS, motif, motif_CE",merged
LOC_Os01g07120,LOC_Os03g47252,FunTFBS,FunTFBS
LOC_Os01g07120,LOC_Os01g55960,motif_CE,motif_CE
LOC_Os01g07120,LOC_Os07g03270,motif,merged
LOC_Os01g07120,LOC_Os10g13380,motif,merged
LOC_Os01g07120,LOC_Os04g01570,motif,merged
LOC_Os01g07120,LOC_Os08g06530,motif_CE,motif_CE
LOC_Os01g07120,LOC_Os05g31050,motif,merged
LOC_Os01g07120,LOC_Os03g51930,motif,merged
LOC_Os01g07120,LOC_Os11g41240,motif,merged
LOC_Os01g07120,LOC_Os03g15910,motif_CE,motif_CE
LOC_Os01g07120,LOC_Os05g16250,motif_CE,motif_CE
LOC_Os01g07120,LOC_Os02g56980,motif_CE,motif_CE
LOC_Os01g07120,LOC_Os02g34270,"motif, motif_CE",merged
LOC_Os01g07120,LOC_Os09g27060,motif,merged
LOC_Os01g07120,LOC_Os02g57470,motif_CE,motif_CE
LOC_Os01g07120,LOC_Os05g30810,motif,merged
LOC_Os01g07120,LOC_Os06g48850,motif,merged
LOC_Os01g07120,LOC_Os02g04030,motif,merged
LOC_Os01g07120,LOC_Os05g49140,motif,merged
LOC_Os01g07120,LOC_Os04g02690,motif_CE,motif_CE
LOC_Os01g07120,LOC_Os04g42030,"motif, motif_CE",merged
LOC_Os01g07120,LOC_Os03g27230,"motif, motif_CE",merged
LOC_Os01g07120,LOC_Os09g34150,"motif, motif_CE",merged
LOC_Os01g07120,LOC_Os08g17320,motif,merged
LOC_Os01g07120,LOC_Os01g08550,motif,merged
LOC_Os01g07120,LOC_Os04g49960,motif,merged
LOC_Os01g07120,LOC_Os05g40290,motif,merged
LOC_Os01g07120,LOC_Os02g57180,"motif, motif_CE",merged
LOC_Os01g07120,LOC_Os12g11520,motif,merged
LOC_Os01g07120,LOC_Os05g01994,motif_CE,motif_CE
LOC_Os01g07120,LOC_Os12g37640,motif_CE,motif_CE
LOC_Os01g07120,LOC_Os04g20590,FunTFBS,FunTFBS
LOC_Os01g07120,LOC_Os07g15640,motif,merged
LOC_Os01g07120,LOC_Os03g08410,motif_CE,motif_CE
LOC_Os01g07120,LOC_Os05g35980,motif,merged
LOC_Os01g07120,LOC_Os08g03590,motif,merged
LOC_Os01g07120,LOC_Os07g14630,motif_CE,motif_CE
LOC_Os01g07120,LOC_Os07g29180,motif,merged
LOC_Os01g07120,LOC_Os04g55610,motif_CE,motif_CE
LOC_Os01g07120,LOC_Os03g19960,motif,merged
LOC_Os01g07120,ChrSy.fgenesh.gene.66,motif,merged
LOC_Os01g07120,LOC_Os05g19370,"motif, motif_CE",merged
LOC_Os01g07120,LOC_Os05g25610,motif,merged
LOC_Os01g07120,LOC_Os06g42910,motif,merged
LOC_Os01g07120,LOC_Os02g56360,motif,merged
LOC_Os01g07120,LOC_Os05g39250,motif,merged
LOC_Os01g07120,LOC_Os05g04850,motif_CE,motif_CE
LOC_Os01g07120,LOC_Os09g28550,FunTFBS,FunTFBS
LOC_Os01g07120,LOC_Os03g41280,motif,merged
LOC_Os01g07120,LOC_Os12g38860,"FunTFBS, motif",merged
LOC_Os01g07120,LOC_Os06g11330,motif,merged
LOC_Os01g07120,LOC_Os03g31010,motif,merged
LOC_Os01g07120,LOC_Os06g12520,motif,merged
LOC_Os01g07120,LOC_Os01g12890,FunTFBS,FunTFBS
LOC_Os01g07120,LOC_Os06g35160,motif,merged
LOC_Os01g07120,LOC_Os03g19640,motif_CE,motif_CE
LOC_Os01g07120,LOC_Os11g03430,motif,merged
LOC_Os01g07120,LOC_Os11g31250,motif,merged
LOC_Os01g07120,LOC_Os09g27470,motif,merged
LOC_Os01g07120,LOC_Os10g10175,FunTFBS,FunTFBS
LOC_Os01g07120,LOC_Os04g22380,motif_CE,motif_CE
LOC_Os01g07120,LOC_Os05g02680,motif,merged
LOC_Os01g07120,LOC_Os10g10110,motif,merged
LOC_Os01g07120,LOC_Os03g06900,motif_CE,motif_CE
LOC_Os01g07120,LOC_Os03g06870,"FunTFBS, motif",merged
LOC_Os01g07120,LOC_Os01g53190,"motif, motif_CE",merged
LOC_Os01g07120,LOC_Os07g39400,motif,merged
LOC_Os01g07120,LOC_Os09g39700,"FunTFBS, motif",merged
LOC_Os01g07120,LOC_Os11g35660,motif,merged
LOC_Os01g07120,LOC_Os08g40000,motif,merged
LOC_Os01g07120,LOC_Os10g40720,motif,merged
LOC_Os01g07120,LOC_Os04g53160,motif_CE,motif_CE
LOC_Os01g07120,LOC_Os04g09450,motif,merged
LOC_Os01g07120,LOC_Os06g14580,motif,merged
LOC_Os01g07120,LOC_Os06g06980,motif,merged
LOC_Os01g07120,LOC_Os01g01060,motif,merged
LOC_Os01g07120,LOC_Os05g02060,motif,merged
LOC_Os01g07120,LOC_Os05g05050,motif,merged
LOC_Os01g07120,LOC_Os09g03670,motif,merged
LOC_Os01g07120,LOC_Os03g54880,"motif, motif_CE",merged
LOC_Os01g07120,LOC_Os02g01950,motif,merged
LOC_Os01g07120,LOC_Os04g55720,motif,merged
LOC_Os01g07120,LOC_Os06g48534,motif,merged
LOC_Os01g07120,LOC_Os01g37600,motif,merged
LOC_Os01g07120,LOC_Os03g22370,motif,merged
LOC_Os01g07120,LOC_Os07g36410,motif,merged
LOC_Os01g07120,LOC_Os12g01640,motif,merged
LOC_Os01g07120,LOC_Os07g25700,motif,merged
LOC_Os01g07120,LOC_Os04g24090,motif,merged
LOC_Os01g07120,LOC_Os11g09979,motif,merged
LOC_Os01g07120,LOC_Os03g56990,motif,merged
LOC_Os01g07120,LOC_Os02g29970,motif,merged
LOC_Os01g07120,LOC_Os04g18790,FunTFBS,FunTFBS
LOC_Os01g07120,LOC_Os08g05810,FunTFBS,FunTFBS
LOC_Os01g07120,LOC_Os02g56740,"motif, motif_CE",merged
LOC_Os01g07120,LOC_Os06g49570,motif,merged
LOC_Os01g07120,LOC_Os04g33300,motif_CE,motif_CE
LOC_Os01g07120,LOC_Os05g05490,motif,merged
LOC_Os01g07120,LOC_Os04g11440,motif,merged
LOC_Os01g07120,LOC_Os01g40720,motif,merged
LOC_Os01g07120,LOC_Os12g22790,motif,merged
LOC_Os01g07120,LOC_Os07g46760,motif,merged
LOC_Os01g07120,LOC_Os08g37560,motif,merged
LOC_Os01g07120,LOC_Os02g55120,"FunTFBS, motif, motif_CE",merged
LOC_Os01g07120,LOC_Os02g25040,motif,merged
LOC_Os01g07120,LOC_Os03g36710,motif,merged
LOC_Os01g07120,LOC_Os02g42470,motif_CE,motif_CE
LOC_Os01g07120,LOC_Os11g26650,motif,merged
LOC_Os01g07120,LOC_Os08g29780,motif,merged
LOC_Os01g07120,LOC_Os01g28244,motif,merged
LOC_Os01g07120,LOC_Os10g05520,motif,merged
LOC_Os01g07120,LOC_Os07g32890,"FunTFBS, motif, motif_CE",merged
LOC_Os01g07120,LOC_Os05g29974,motif,merged
LOC_Os01g07120,LOC_Os01g72870,motif,merged
LOC_Os01g07120,LOC_Os10g02610,motif,merged
LOC_Os01g07120,LOC_Os10g33500,motif,merged
LOC_Os01g07120,LOC_Os11g29370,motif,merged
LOC_Os01g07120,LOC_Os06g43250,FunTFBS,FunTFBS
LOC_Os01g07120,LOC_Os07g25480,motif,merged
LOC_Os01g07120,LOC_Os05g04110,motif,merged
LOC_Os01g07120,LOC_Os06g09650,motif,merged
LOC_Os01g07120,LOC_Os07g26060,motif,merged
LOC_Os01g07120,LOC_Os03g24770,motif_CE,motif_CE
LOC_Os01g07120,LOC_Os10g40600,motif,merged
LOC_Os01g07120,LOC_Os12g05380,motif_CE,motif_CE
LOC_Os01g07120,LOC_Os02g52200,motif,merged
LOC_Os01g07120,LOC_Os03g50860,"FunTFBS, motif",merged
LOC_Os01g07120,LOC_Os07g33954,motif_CE,motif_CE
LOC_Os01g07120,LOC_Os05g41700,motif,merged
LOC_Os01g07120,LOC_Os09g39390,motif,merged
LOC_Os01g07120,LOC_Os05g02070,FunTFBS,FunTFBS
LOC_Os01g07120,LOC_Os08g27660,motif,merged
LOC_Os01g07120,LOC_Os06g06900,"FunTFBS, motif",merged
LOC_Os01g07120,LOC_Os01g69990,motif,merged
LOC_Os01g07120,LOC_Os06g45070,motif,merged
LOC_Os01g07120,LOC_Os03g08410,"motif, motif_CE",merged
LOC_Os01g07120,LOC_Os03g56300,motif_CE,motif_CE
LOC_Os01g07120,LOC_Os08g01280,motif,merged
LOC_Os01g07120,LOC_Os02g46340,motif,merged
LOC_Os01g07120,LOC_Os02g03620,"motif, motif_CE",merged
LOC_Os01g07120,LOC_Os09g04590,motif,merged
LOC_Os01g07120,LOC_Os04g55610,"motif, motif_CE",merged
LOC_Os01g07120,LOC_Os06g25130,motif,merged
LOC_Os01g07120,LOC_Os01g73760,motif,merged
LOC_Os01g07120,LOC_Os07g24390,motif,merged
LOC_Os01g07120,LOC_Os12g43410,motif,merged
LOC_Os01g07120,LOC_Os04g06429,motif,merged
LOC_Os01g07120,LOC_Os07g36400,"FunTFBS, motif",merged
LOC_Os01g07120,LOC_Os11g47260,"FunTFBS, motif, motif_CE",merged
LOC_Os01g07120,LOC_Os04g27840,motif,merged
LOC_Os01g07120,LOC_Os07g01580,motif,merged
LOC_Os01g07120,LOC_Os11g20280,motif,merged
LOC_Os01g07120,LOC_Os07g49150,FunTFBS,FunTFBS
LOC_Os01g07120,LOC_Os02g51130,motif,merged
LOC_Os01g07120,LOC_Os06g09000,motif,merged
LOC_Os01g07120,LOC_Os03g19640,"motif, motif_CE",merged
LOC_Os01g07120,LOC_Os03g27110,motif_CE,motif_CE
LOC_Os01g07120,LOC_Os03g45670,motif,merged
LOC_Os01g07120,LOC_Os01g36870,motif,merged
LOC_Os01g07120,LOC_Os03g07170,"FunTFBS, motif",merged
LOC_Os01g07120,LOC_Os04g22380,"motif, motif_CE",merged
LOC_Os01g07120,LOC_Os07g05320,motif,merged
LOC_Os01g07120,LOC_Os08g34160,motif,merged
LOC_Os01g07120,LOC_Os03g52430,motif_CE,motif_CE
LOC_Os01g07120,LOC_Os02g26520,motif,merged
LOC_Os01g07120,LOC_Os03g06900,"motif, motif_CE",merged
LOC_Os01g07120,LOC_Os09g20470,motif,merged
LOC_Os01g07120,LOC_Os06g43550,motif,merged
LOC_Os01g07120,LOC_Os11g03460,motif,merged
LOC_Os01g07120,LOC_Os06g05424,motif,merged
LOC_Os01g07120,LOC_Os11g40960,motif,merged
LOC_Os01g07120,LOC_Os12g15870,motif,merged
LOC_Os01g07120,LOC_Os10g37010,motif,merged
LOC_Os01g07120,ChrUn.fgenesh.gene.92,motif,merged
LOC_Os01g07120,LOC_Os09g15530,motif,merged
LOC_Os01g07120,LOC_Os02g29210,motif,merged
LOC_Os01g07120,LOC_Os10g10350,motif_CE,motif_CE
LOC_Os01g07120,LOC_Os12g10810,motif,merged
LOC_Os01g07120,LOC_Os02g07060,motif_CE,motif_CE
LOC_Os01g07120,LOC_Os03g61890,FunTFBS,FunTFBS
LOC_Os01g07120,LOC_Os01g60430,motif,merged
LOC_Os01g07120,LOC_Os04g47140,FunTFBS,FunTFBS
LOC_Os01g07120,LOC_Os05g27790,motif,merged
LOC_Os01g07120,LOC_Os05g10590,motif,merged
LOC_Os01g07120,LOC_Os12g14320,motif,merged
LOC_Os01g07120,LOC_Os10g29810,motif,merged
LOC_Os01g07120,LOC_Os01g45460,motif,merged
LOC_Os01g07120,LOC_Os08g40620,motif,merged
LOC_Os01g07120,LOC_Os03g49450,motif_CE,motif_CE
LOC_Os01g07120,LOC_Os06g24680,motif,merged
LOC_Os01g07120,LOC_Os05g23398,FunTFBS,FunTFBS
LOC_Os01g07120,LOC_Os04g44240,motif,merged
LOC_Os01g07120,LOC_Os10g40324,motif,merged
LOC_Os01g07120,LOC_Os06g11930,motif,merged
LOC_Os01g07120,LOC_Os06g07860,"FunTFBS, motif, motif_CE",merged
LOC_Os01g07120,LOC_Os05g06330,motif,merged
LOC_Os01g07120,LOC_Os01g54714,motif,merged
LOC_Os01g07120,LOC_Os01g43440,FunTFBS,FunTFBS
LOC_Os01g07120,LOC_Os02g50940,motif,merged
LOC_Os01g07120,LOC_Os11g19660,FunTFBS,FunTFBS
LOC_Os01g07120,LOC_Os02g39880,motif,merged
LOC_Os01g07120,LOC_Os12g31550,motif,merged
LOC_Os01g07120,LOC_Os01g11780,motif_CE,motif_CE
LOC_Os01g07120,LOC_Os05g02460,motif,merged
LOC_Os01g07120,LOC_Os06g40010,motif,merged
LOC_Os01g07120,LOC_Os08g42020,motif_CE,motif_CE
LOC_Os01g07120,LOC_Os04g07720,motif,merged
LOC_Os01g07120,LOC_Os11g26850,motif_CE,motif_CE
LOC_Os01g07120,LOC_Os02g26294,motif,merged
LOC_Os01g07120,LOC_Os08g42390,FunTFBS,FunTFBS
LOC_Os01g07120,LOC_Os01g61180,motif,merged
LOC_Os01g07120,LOC_Os07g40510,FunTFBS,FunTFBS
LOC_Os01g07120,LOC_Os04g31230,motif,merged
LOC_Os01g07120,LOC_Os11g01010,FunTFBS,FunTFBS
LOC_Os01g07120,LOC_Os03g30800,motif_CE,motif_CE
LOC_Os01g07120,LOC_Os03g20470,motif,merged
LOC_Os01g07120,LOC_Os10g21170,motif,merged
LOC_Os01g07120,LOC_Os06g47690,"motif, motif_CE",merged
LOC_Os01g07120,LOC_Os06g11750,motif,merged
LOC_Os01g07120,LOC_Os08g29150,"motif, motif_CE",merged
LOC_Os01g07120,LOC_Os03g18810,motif,merged
LOC_Os01g07120,LOC_Os12g35070,motif,merged
LOC_Os01g07120,LOC_Os04g44270,"FunTFBS, motif",merged
LOC_Os01g07120,LOC_Os09g33820,motif,merged
LOC_Os01g07120,LOC_Os01g21700,motif,merged
LOC_Os01g07120,LOC_Os07g06980,motif,merged
LOC_Os01g07120,LOC_Os07g05890,motif,merged
LOC_Os01g07120,LOC_Os02g33490,motif,merged
LOC_Os01g07120,LOC_Os12g04860,FunTFBS,FunTFBS
LOC_Os01g07120,LOC_Os09g15670,motif,merged
LOC_Os01g07120,LOC_Os04g25790,motif,merged
LOC_Os01g07120,LOC_Os07g48420,motif_CE,motif_CE
LOC_Os01g07120,LOC_Os01g54390,FunTFBS,FunTFBS
LOC_Os01g07120,LOC_Os12g40950,motif,merged
LOC_Os01g07120,LOC_Os03g43330,motif,merged
LOC_Os01g07120,LOC_Os03g29600,motif,merged
LOC_Os01g07120,LOC_Os10g15050,motif,merged
LOC_Os01g07120,LOC_Os03g39730,motif,merged
LOC_Os01g07120,LOC_Os07g12910,motif,merged
LOC_Os01g07120,LOC_Os04g08210,motif,merged
LOC_Os01g07120,LOC_Os03g15910,"motif, motif_CE",merged
LOC_Os01g07120,LOC_Os03g19800,motif,merged
LOC_Os01g07120,LOC_Os10g31700,motif,merged
LOC_Os01g07120,LOC_Os09g39950,motif,merged
LOC_Os01g07120,LOC_Os02g20860,motif,merged
LOC_Os01g07120,LOC_Os10g31970,motif,merged
LOC_Os01g07120,LOC_Os03g55880,motif_CE,motif_CE
LOC_Os01g07120,LOC_Os07g11000,motif,merged
LOC_Os01g07120,LOC_Os03g28310,motif,merged
LOC_Os01g07120,LOC_Os12g37640,"motif, motif_CE",merged
LOC_Os01g07120,LOC_Os01g44110,motif,merged
LOC_Os01g07120,LOC_Os06g01230,motif,merged
LOC_Os01g07120,LOC_Os01g14320,motif_CE,motif_CE
LOC_Os01g07120,LOC_Os06g16000,motif,merged
LOC_Os01g07120,LOC_Os03g59700,motif_CE,motif_CE
LOC_Os01g07120,LOC_Os03g08710,motif,merged
LOC_Os01g07120,LOC_Os07g32530,motif_CE,motif_CE
LOC_Os01g07120,LOC_Os02g35600,motif_CE,motif_CE
LOC_Os01g07120,LOC_Os11g07290,"motif, motif_CE",merged
LOC_Os01g07120,LOC_Os03g46810,motif,merged
LOC_Os01g07120,LOC_Os04g23250,motif,merged
LOC_Os01g07120,LOC_Os05g03339,motif,merged
LOC_Os01g07120,LOC_Os05g18350,motif,merged
LOC_Os01g07120,LOC_Os10g41180,motif,merged
LOC_Os01g07120,LOC_Os04g49920,FunTFBS,FunTFBS
LOC_Os01g07120,LOC_Os12g18630,"motif, motif_CE",merged
LOC_Os01g07120,LOC_Os03g07660,motif,merged
LOC_Os01g07120,LOC_Os01g24590,"motif, motif_CE",merged
LOC_Os01g07120,LOC_Os07g29420,motif,merged
LOC_Os01g07120,LOC_Os06g07640,motif,merged
LOC_Os01g07120,LOC_Os06g13700,"motif, motif_CE",merged
LOC_Os01g07120,LOC_Os11g14500,FunTFBS,FunTFBS
LOC_Os01g07120,LOC_Os01g46710,"motif, motif_CE",merged
LOC_Os01g07120,LOC_Os12g35550,motif,merged
LOC_Os01g07120,LOC_Os06g03110,motif,merged
LOC_Os01g07120,LOC_Os04g24010,motif,merged
LOC_Os01g07120,LOC_Os12g32370,motif,merged
LOC_Os01g07120,LOC_Os12g02890,motif,merged
LOC_Os01g07120,LOC_Os05g04370,motif,merged
LOC_Os01g07120,LOC_Os10g21470,motif,merged
LOC_Os01g07120,LOC_Os09g32270,motif,merged
LOC_Os01g07120,LOC_Os11g37990,"motif, motif_CE",merged
LOC_Os01g07120,LOC_Os03g45980,motif,merged
LOC_Os01g07120,LOC_Os01g54620,motif,merged
LOC_Os01g07120,LOC_Os02g19950,motif,merged
LOC_Os01g07120,LOC_Os05g26800,motif,merged
LOC_Os01g07120,LOC_Os04g41130,motif,merged
LOC_Os01g07120,LOC_Os01g31560,motif,merged
LOC_Os01g07120,LOC_Os02g07060,"motif, motif_CE",merged
LOC_Os01g07120,LOC_Os10g36710,motif,merged
LOC_Os01g07120,LOC_Os01g15880,motif,merged
LOC_Os01g07120,LOC_Os05g14820,motif,merged
LOC_Os01g07120,LOC_Os02g29900,motif,merged
LOC_Os01g07120,LOC_Os09g03330,motif,merged
LOC_Os01g07120,LOC_Os05g03030,"motif, motif_CE",merged
LOC_Os01g07120,LOC_Os05g50050,motif,merged
LOC_Os01g07120,LOC_Os07g35090,motif,merged
LOC_Os01g07120,LOC_Os05g23430,motif_CE,motif_CE
LOC_Os01g07120,LOC_Os06g17800,motif,merged
LOC_Os01g07120,LOC_Os10g41200,motif,merged
LOC_Os01g07120,LOC_Os10g09590,motif,merged
LOC_Os01g07120,LOC_Os12g18770,motif_CE,motif_CE
LOC_Os01g07120,LOC_Os10g11640,motif,merged
LOC_Os01g07120,LOC_Os01g56420,motif_CE,motif_CE
LOC_Os01g07120,LOC_Os06g01680,motif,merged
LOC_Os01g07120,LOC_Os05g40740,motif_CE,motif_CE
LOC_Os01g07120,LOC_Os10g32860,motif_CE,motif_CE
LOC_Os01g07120,LOC_Os07g36640,motif,merged
LOC_Os01g07120,LOC_Os05g46090,"motif, motif_CE",merged
LOC_Os01g07120,LOC_Os11g34130,motif,merged
LOC_Os01g07120,LOC_Os07g10830,motif,merged
LOC_Os01g07120,LOC_Os02g13910,FunTFBS,FunTFBS
LOC_Os01g07120,LOC_Os06g50330,motif,merged
LOC_Os01g07120,LOC_Os08g25390,"motif, motif_CE",merged
LOC_Os01g07120,LOC_Os07g41560,motif,merged
LOC_Os01g07120,LOC_Os04g59360,"FunTFBS, motif",merged
LOC_Os01g07120,LOC_Os08g19310,"FunTFBS, motif, motif_CE",merged
LOC_Os01g07120,LOC_Os12g01430,motif,merged
LOC_Os01g07120,LOC_Os12g28910,motif,merged
LOC_Os01g07120,LOC_Os08g41430,motif,merged
LOC_Os01g07120,LOC_Os02g26260,motif_CE,motif_CE
LOC_Os01g07120,LOC_Os08g42020,"motif, motif_CE",merged
LOC_Os01g07120,LOC_Os06g31760,motif,merged
LOC_Os01g07120,LOC_Os03g54930,motif_CE,motif_CE
LOC_Os01g07120,LOC_Os10g27330,motif,merged
LOC_Os01g07120,LOC_Os11g26850,"motif, motif_CE",merged
LOC_Os01g07120,LOC_Os07g05910,motif,merged
LOC_Os01g07120,LOC_Os09g11200,motif,merged
LOC_Os01g07120,LOC_Os05g05580,motif_CE,motif_CE
LOC_Os01g07120,LOC_Os05g49320,motif_CE,motif_CE
LOC_Os01g07120,LOC_Os02g43620,motif,merged
LOC_Os01g07120,LOC_Os03g12630,motif,merged
LOC_Os01g07120,LOC_Os06g03860,motif,merged
LOC_Os01g07120,LOC_Os11g26950,motif,merged
LOC_Os01g07120,LOC_Os02g55170,motif_CE,motif_CE
LOC_Os01g07120,LOC_Os07g26710,motif,merged
LOC_Os01g07120,LOC_Os02g13910,motif_CE,motif_CE
LOC_Os01g07120,LOC_Os03g20700,motif,merged
LOC_Os01g07120,LOC_Os12g31290,motif,merged
LOC_Os01g07120,LOC_Os03g59560,"motif, motif_CE",merged
LOC_Os01g07120,LOC_Os01g09560,motif_CE,motif_CE
LOC_Os01g07120,LOC_Os04g51900,"motif, motif_CE",merged
LOC_Os01g07120,LOC_Os04g13930,motif,merged
LOC_Os01g07120,LOC_Os06g47830,"FunTFBS, motif, motif_CE",merged
LOC_Os01g07120,LOC_Os01g65260,motif_CE,motif_CE
LOC_Os01g07120,LOC_Os02g06810,motif,merged
LOC_Os01g07120,LOC_Os03g25550,motif_CE,motif_CE
LOC_Os01g07120,LOC_Os05g11810,motif_CE,motif_CE
LOC_Os01g07120,LOC_Os11g29230,motif,merged
LOC_Os01g07120,LOC_Os02g51650,motif,merged
LOC_Os01g07120,LOC_Os04g35100,motif,merged
LOC_Os01g07120,LOC_Os03g10410,motif_CE,motif_CE
LOC_Os01g07120,LOC_Os02g58460,motif,merged
LOC_Os01g07120,LOC_Os07g34050,motif,merged
LOC_Os01g07120,LOC_Os08g02200,motif,merged
LOC_Os01g07120,LOC_Os07g34510,motif,merged
LOC_Os01g07120,LOC_Os05g41100,motif_CE,motif_CE
LOC_Os01g07120,LOC_Os02g33860,"motif, motif_CE",merged
LOC_Os01g07120,LOC_Os01g10900,motif,merged
LOC_Os01g07120,LOC_Os01g24760,motif,merged
LOC_Os01g07120,LOC_Os03g18960,motif_CE,motif_CE
LOC_Os01g07120,LOC_Os11g04920,motif,merged
LOC_Os01g07120,LOC_Os01g73420,FunTFBS,FunTFBS
LOC_Os01g07120,LOC_Os01g49780,motif,merged
LOC_Os01g07120,LOC_Os03g59700,"motif, motif_CE",merged
LOC_Os01g07120,LOC_Os06g49080,motif,merged
LOC_Os01g07120,LOC_Os02g01040,motif,merged
LOC_Os01g07120,LOC_Os04g56810,FunTFBS,FunTFBS
LOC_Os01g07120,LOC_Os05g43680,motif_CE,motif_CE
LOC_Os01g07120,LOC_Os01g47910,motif,merged
LOC_Os01g07120,LOC_Os05g38290,motif,merged
LOC_Os01g07120,LOC_Os10g36490,motif,merged
LOC_Os01g07120,LOC_Os08g40820,"FunTFBS, motif",merged
LOC_Os01g07120,LOC_Os07g27140,motif,merged
LOC_Os01g07120,LOC_Os03g07060,motif,merged
LOC_Os01g07120,LOC_Os10g24170,motif,merged
LOC_Os01g07120,LOC_Os12g26700,motif,merged
LOC_Os01g07120,LOC_Os04g33280,motif_CE,motif_CE
LOC_Os01g07120,LOC_Os01g55730,motif_CE,motif_CE
LOC_Os01g07120,LOC_Os09g26500,motif,merged
LOC_Os01g07120,LOC_Os03g27110,"motif, motif_CE",merged
LOC_Os01g07120,LOC_Os10g40090,motif,merged
LOC_Os01g07120,LOC_Os01g17010,motif_CE,motif_CE
LOC_Os01g07120,LOC_Os02g46350,motif_CE,motif_CE
LOC_Os01g07120,LOC_Os12g25240,motif,merged
LOC_Os01g07120,LOC_Os03g22180,FunTFBS,FunTFBS
LOC_Os01g07120,LOC_Os09g34000,motif,merged
LOC_Os01g07120,LOC_Os05g07620,motif,merged
LOC_Os01g07120,LOC_Os05g13640,motif,merged
LOC_Os01g07120,LOC_Os01g54630,motif,merged
LOC_Os01g07120,LOC_Os12g32020,motif,merged
LOC_Os01g07120,LOC_Os05g05570,motif,merged
LOC_Os01g07120,LOC_Os05g02040,motif,merged
LOC_Os01g07120,LOC_Os01g35880,motif,merged
LOC_Os01g07120,LOC_Os12g03800,"FunTFBS, motif, motif_CE",merged
LOC_Os01g07120,LOC_Os03g14810,motif_CE,motif_CE
LOC_Os01g07120,LOC_Os07g43180,motif,merged
LOC_Os01g07120,LOC_Os12g18770,"motif, motif_CE",merged
LOC_Os01g07120,LOC_Os01g07050,motif,merged
LOC_Os01g07120,LOC_Os09g01680,FunTFBS,FunTFBS
LOC_Os01g07120,LOC_Os12g43760,motif,merged
LOC_Os01g07120,LOC_Os02g24810,motif,merged
LOC_Os01g07120,LOC_Os07g38630,motif_CE,motif_CE
LOC_Os01g07120,LOC_Os02g50670,motif,merged
LOC_Os01g07120,LOC_Os06g49370,motif,merged
LOC_Os01g07120,LOC_Os05g40740,"motif, motif_CE",merged
LOC_Os01g07120,LOC_Os04g28330,"FunTFBS, motif",merged
LOC_Os01g07120,LOC_Os06g06600,motif,merged
LOC_Os01g07120,LOC_Os12g35750,motif,merged
LOC_Os01g07120,LOC_Os03g06950,motif,merged
LOC_Os01g07120,LOC_Os01g45850,"FunTFBS, motif",merged
LOC_Os01g07120,LOC_Os01g42630,FunTFBS,FunTFBS
LOC_Os01g07120,LOC_Os06g37440,motif_CE,motif_CE
LOC_Os01g07120,LOC_Os05g48900,motif,merged
LOC_Os01g07120,LOC_Os02g45950,motif,merged
LOC_Os01g07120,LOC_Os01g40690,FunTFBS,FunTFBS
LOC_Os01g07120,LOC_Os01g49460,"motif, motif_CE",merged
LOC_Os01g07120,LOC_Os05g08420,"motif, motif_CE",merged
LOC_Os01g07120,LOC_Os03g10160,motif,merged
LOC_Os01g07120,LOC_Os07g08780,"motif, motif_CE",merged
LOC_Os01g07120,LOC_Os06g36210,motif_CE,motif_CE
LOC_Os01g07120,LOC_Os12g15222,motif,merged
LOC_Os01g07120,LOC_Os01g53240,motif_CE,motif_CE
LOC_Os01g07120,LOC_Os02g32540,"motif, motif_CE",merged
LOC_Os01g07120,LOC_Os12g37519,motif_CE,motif_CE
LOC_Os01g07120,LOC_Os05g29010,motif,merged
LOC_Os01g07120,LOC_Os03g42880,motif,merged
LOC_Os01g07120,LOC_Os01g10470,motif,merged
LOC_Os01g07120,LOC_Os01g48170,motif,merged
LOC_Os01g07120,LOC_Os02g55570,motif_CE,motif_CE
LOC_Os01g07120,LOC_Os10g35440,motif,merged
LOC_Os01g07120,LOC_Os12g23230,motif,merged
LOC_Os01g07120,LOC_Os07g49430,FunTFBS,FunTFBS
LOC_Os01g07120,LOC_Os06g35580,motif,merged
LOC_Os01g07120,LOC_Os09g24050,motif,merged
LOC_Os01g07120,LOC_Os07g04310,motif,merged
LOC_Os01g07120,LOC_Os06g39070,motif,merged
LOC_Os01g07120,LOC_Os05g48410,FunTFBS,FunTFBS
LOC_Os01g07120,LOC_Os08g32990,motif,merged
LOC_Os01g07120,LOC_Os03g26960,motif_CE,motif_CE
LOC_Os01g07120,LOC_Os01g58980,motif,merged
LOC_Os01g07120,LOC_Os05g43950,motif,merged
LOC_Os01g07120,LOC_Os11g19864,motif,merged
LOC_Os01g07120,LOC_Os10g08490,motif,merged
LOC_Os01g07120,LOC_Os02g43870,"motif, motif_CE",merged
LOC_Os01g07120,LOC_Os05g34610,"FunTFBS, motif, motif_CE",merged
LOC_Os01g07120,LOC_Os09g25050,motif_CE,motif_CE
LOC_Os01g07120,LOC_Os05g11810,"motif, motif_CE",merged
LOC_Os01g07120,LOC_Os08g39070,motif,merged
LOC_Os01g07120,LOC_Os09g11250,motif,merged
LOC_Os01g07120,LOC_Os05g46320,motif,merged
LOC_Os01g07120,LOC_Os05g35870,"FunTFBS, motif",merged
LOC_Os01g07120,LOC_Os10g25110,motif,merged
LOC_Os01g07120,LOC_Os01g12230,motif,merged
LOC_Os01g07120,LOC_Os11g21870,motif,merged
LOC_Os01g07120,LOC_Os09g28090,motif,merged
LOC_Os01g07120,LOC_Os12g07140,"motif, motif_CE",merged
LOC_Os01g07120,LOC_Os04g53830,FunTFBS,FunTFBS
LOC_Os01g07120,LOC_Os02g14730,FunTFBS,FunTFBS
LOC_Os01g07120,LOC_Os10g34930,motif,merged
LOC_Os01g07120,LOC_Os12g08060,motif,merged
LOC_Os01g07120,LOC_Os04g19990,motif,merged
LOC_Os01g07120,LOC_Os03g10410,"motif, motif_CE",merged
LOC_Os01g07120,LOC_Os01g14380,motif,merged
LOC_Os01g07120,LOC_Os05g02440,motif,merged
LOC_Os01g07120,LOC_Os01g48140,motif_CE,motif_CE
LOC_Os01g07120,LOC_Os08g43450,motif_CE,motif_CE
LOC_Os01g07120,LOC_Os07g04200,motif,merged
LOC_Os01g07120,LOC_Os12g10530,motif,merged
LOC_Os01g07120,LOC_Os01g59370,motif,merged
LOC_Os01g07120,LOC_Os02g33980,"FunTFBS, motif",merged
LOC_Os01g07120,LOC_Os05g38130,motif,merged
LOC_Os01g07120,LOC_Os05g48360,motif_CE,motif_CE
LOC_Os01g07120,LOC_Os05g07130,"motif, motif_CE",merged
LOC_Os01g07120,LOC_Os02g06830,"FunTFBS, motif",merged
LOC_Os01g07120,LOC_Os06g08410,motif,merged
LOC_Os01g07120,LOC_Os02g41730,motif,merged
LOC_Os01g07120,LOC_Os08g27676,motif,merged
LOC_Os01g07120,LOC_Os07g08070,motif,merged
LOC_Os01g07120,LOC_Os07g17930,motif,merged
LOC_Os01g07120,LOC_Os03g22510,motif_CE,motif_CE
LOC_Os01g07120,LOC_Os03g08360,FunTFBS,FunTFBS
LOC_Os01g07120,LOC_Os11g13980,motif,merged
LOC_Os01g07120,LOC_Os08g22840,"FunTFBS, motif",merged
LOC_Os01g07120,LOC_Os11g45200,motif,merged
LOC_Os01g07120,LOC_Os01g14320,"motif, motif_CE",merged
LOC_Os01g07120,LOC_Os05g43680,"motif, motif_CE",merged
LOC_Os01g07120,LOC_Os08g04830,motif,merged
LOC_Os01g07120,LOC_Os10g34670,motif,merged
LOC_Os01g07120,LOC_Os07g22420,motif,merged
LOC_Os01g07120,LOC_Os06g06190,motif,merged
LOC_Os01g07120,LOC_Os07g33630,motif,merged
LOC_Os01g07120,LOC_Os06g24460,FunTFBS,FunTFBS
LOC_Os01g07120,LOC_Os11g01710,motif,merged
LOC_Os01g07120,LOC_Os08g37240,motif,merged
LOC_Os01g07120,LOC_Os11g16680,motif,merged
LOC_Os01g07120,LOC_Os07g45350,motif,merged
LOC_Os01g07120,LOC_Os07g47320,motif,merged
LOC_Os01g07120,LOC_Os08g05660,motif,merged
LOC_Os01g07120,LOC_Os01g14180,motif,merged
LOC_Os01g07120,LOC_Os07g39290,"motif, motif_CE",merged
LOC_Os01g07120,LOC_Os10g11820,motif,merged
LOC_Os01g07120,LOC_Os03g05770,motif,merged
LOC_Os01g07120,LOC_Os11g38280,motif,merged
LOC_Os01g07120,LOC_Os05g32830,motif,merged
LOC_Os01g07120,LOC_Os11g19180,motif,merged
LOC_Os01g07120,LOC_Os03g25250,motif_CE,motif_CE
LOC_Os01g07120,LOC_Os12g22920,motif,merged
LOC_Os01g07120,LOC_Os02g29760,motif,merged
LOC_Os01g07120,LOC_Os01g17010,"motif, motif_CE",merged
LOC_Os01g07120,LOC_Os02g46350,"motif, motif_CE",merged
LOC_Os01g07120,LOC_Os02g29650,motif,merged
LOC_Os01g07120,LOC_Os12g34340,motif,merged
LOC_Os01g07120,LOC_Os06g29370,motif,merged
LOC_Os01g07120,LOC_Os01g23640,motif,merged
LOC_Os01g07120,LOC_Os06g03570,motif,merged
LOC_Os01g07120,LOC_Os01g53820,FunTFBS,FunTFBS
LOC_Os01g07120,LOC_Os02g49040,motif,merged
LOC_Os01g07120,LOC_Os07g20840,motif,merged
LOC_Os01g07120,LOC_Os03g12064,motif,merged
LOC_Os01g07120,LOC_Os02g07630,motif_CE,motif_CE
LOC_Os01g07120,LOC_Os06g09930,FunTFBS,FunTFBS
LOC_Os01g07120,LOC_Os05g23430,"motif, motif_CE",merged
LOC_Os01g07120,LOC_Os11g02940,motif,merged
LOC_Os01g07120,LOC_Os04g38042,motif,merged
LOC_Os01g07120,LOC_Os02g17650,motif_CE,motif_CE
LOC_Os01g07120,LOC_Os12g13410,motif,merged
LOC_Os01g07120,LOC_Os08g26980,motif,merged
LOC_Os01g07120,LOC_Os07g45080,motif,merged
LOC_Os01g07120,LOC_Os09g14500,motif,merged
LOC_Os01g07120,LOC_Os07g46800,motif_CE,motif_CE
LOC_Os01g07120,LOC_Os09g29350,"FunTFBS, motif",merged
LOC_Os01g07120,LOC_Os02g31990,motif,merged
LOC_Os01g07120,LOC_Os02g17370,motif_CE,motif_CE
LOC_Os01g07120,LOC_Os09g12920,"FunTFBS, motif",merged
LOC_Os01g07120,LOC_Os08g13900,motif,merged
LOC_Os01g07120,LOC_Os10g32110,motif,merged
LOC_Os01g07120,LOC_Os05g38000,motif_CE,motif_CE
LOC_Os01g07120,LOC_Os06g19870,motif,merged
LOC_Os01g07120,LOC_Os12g01220,motif,merged
LOC_Os01g07120,LOC_Os09g19980,motif_CE,motif_CE
LOC_Os01g07120,LOC_Os06g11220,motif,merged
LOC_Os01g07120,LOC_Os06g42650,motif,merged
LOC_Os01g07120,LOC_Os01g53240,"motif, motif_CE",merged
LOC_Os01g07120,LOC_Os03g57145,FunTFBS,FunTFBS
LOC_Os01g07120,LOC_Os10g06050,motif,merged
LOC_Os01g07120,LOC_Os02g26260,"motif, motif_CE",merged
LOC_Os01g07120,LOC_Os06g48600,"motif, motif_CE",merged
LOC_Os01g07120,LOC_Os04g33885,motif,merged
LOC_Os01g07120,LOC_Os08g28750,motif_CE,motif_CE
LOC_Os01g07120,LOC_Os09g23430,motif,merged
LOC_Os01g07120,LOC_Os05g49320,"motif, motif_CE",merged
LOC_Os01g07120,LOC_Os01g36390,motif_CE,motif_CE
LOC_Os01g07120,LOC_Os07g06450,motif_CE,motif_CE
LOC_Os01g07120,LOC_Os04g30430,FunTFBS,FunTFBS
LOC_Os01g07120,LOC_Os05g25400,motif,merged
LOC_Os01g07120,LOC_Os06g38390,motif,merged
LOC_Os01g07120,LOC_Os03g13480,motif_CE,motif_CE
LOC_Os01g07120,LOC_Os02g58530,motif_CE,motif_CE
LOC_Os01g07120,LOC_Os02g55170,"motif, motif_CE",merged
LOC_Os01g07120,LOC_Os05g24510,motif,merged
LOC_Os01g07120,LOC_Os03g63720,motif,merged
LOC_Os01g07120,LOC_Os03g26960,"motif, motif_CE",merged
LOC_Os01g07120,LOC_Os02g58200,"motif, motif_CE",merged
LOC_Os01g07120,LOC_Os09g25050,"motif, motif_CE",merged
LOC_Os01g07120,LOC_Os01g74630,motif,merged
LOC_Os01g07120,LOC_Os04g39610,"motif, motif_CE",merged
LOC_Os01g07120,LOC_Os06g08110,motif,merged
LOC_Os01g07120,LOC_Os07g23680,motif,merged
LOC_Os01g07120,LOC_Os04g22430,motif_CE,motif_CE
LOC_Os01g07120,LOC_Os07g26310,motif,merged
LOC_Os01g07120,LOC_Os03g21940,"motif, motif_CE",merged
LOC_Os01g07120,LOC_Os05g40430,motif,merged
LOC_Os01g07120,LOC_Os08g06330,motif,merged
LOC_Os01g07120,LOC_Os10g41280,motif,merged
LOC_Os01g07120,LOC_Os05g03000,motif_CE,motif_CE
LOC_Os01g07120,LOC_Os07g15800,motif,merged
LOC_Os01g07120,LOC_Os02g17200,motif,merged
LOC_Os01g07120,LOC_Os06g29270,motif,merged
LOC_Os01g07120,LOC_Os02g13960,motif,merged
LOC_Os01g07120,LOC_Os12g08650,motif,merged
LOC_Os01g07120,LOC_Os01g23380,motif,merged
LOC_Os01g07120,LOC_Os01g14340,"FunTFBS, motif",merged
LOC_Os01g07120,LOC_Os03g29184,motif,merged
LOC_Os01g07120,LOC_Os08g32090,motif,merged
LOC_Os01g07120,LOC_Os01g19050,motif,merged
LOC_Os01g07120,LOC_Os01g59340,motif_CE,motif_CE
LOC_Os01g07120,LOC_Os05g41100,"motif, motif_CE",merged
LOC_Os01g07120,LOC_Os09g19900,motif,merged
LOC_Os01g07120,LOC_Os05g48360,"motif, motif_CE",merged
LOC_Os01g07120,LOC_Os06g10810,"motif, motif_CE",merged
LOC_Os01g07120,LOC_Os07g18710,motif,merged
LOC_Os01g07120,LOC_Os02g08544,motif,merged
LOC_Os01g07120,LOC_Os02g10630,motif_CE,motif_CE
LOC_Os01g07120,LOC_Os03g25150,motif,merged
LOC_Os01g07120,LOC_Os03g32642,motif,merged
LOC_Os01g07120,LOC_Os04g34670,"motif, motif_CE",merged
LOC_Os01g07120,LOC_Os10g38570,motif,merged
LOC_Os01g07120,LOC_Os03g04070,FunTFBS,FunTFBS
LOC_Os01g07120,LOC_Os06g15995,"motif, motif_CE",merged
LOC_Os01g07120,LOC_Os03g13320,motif,merged
LOC_Os01g07120,LOC_Os10g30210,motif,merged
LOC_Os01g07120,LOC_Os12g34790,motif,merged
LOC_Os01g07120,LOC_Os08g33190,motif,merged
LOC_Os01g07120,LOC_Os08g07840,motif,merged
LOC_Os01g07120,LOC_Os01g49340,motif_CE,motif_CE
LOC_Os01g07120,LOC_Os06g09540,motif_CE,motif_CE
LOC_Os01g07120,LOC_Os03g08810,"motif, motif_CE",merged
LOC_Os01g07120,LOC_Os10g06710,motif,merged
LOC_Os01g07120,LOC_Os01g59510,motif_CE,motif_CE
LOC_Os01g07120,LOC_Os09g26490,motif,merged
LOC_Os01g07120,LOC_Os06g14070,motif,merged
LOC_Os01g07120,LOC_Os02g43950,"FunTFBS, motif",merged
LOC_Os01g07120,LOC_Os01g03350,motif,merged
LOC_Os01g07120,LOC_Os07g42940,motif,merged
LOC_Os01g07120,LOC_Os01g63120,motif,merged
LOC_Os01g07120,LOC_Os05g28760,motif,merged
LOC_Os01g07120,LOC_Os08g16700,motif,merged
LOC_Os01g07120,LOC_Os01g60630,motif,merged
LOC_Os01g07120,LOC_Os04g42870,motif_CE,motif_CE
LOC_Os01g07120,LOC_Os03g25250,"motif, motif_CE",merged
LOC_Os01g07120,LOC_Os01g59930,motif_CE,motif_CE
LOC_Os01g07120,LOC_Os01g59480,motif,merged
LOC_Os01g07120,LOC_Os02g54010,motif,merged
LOC_Os01g07120,LOC_Os09g03910,motif,merged
LOC_Os01g07120,LOC_Os03g38350,motif,merged
LOC_Os01g07120,LOC_Os09g14780,motif,merged
LOC_Os01g07120,LOC_Os06g17300,motif,merged
LOC_Os01g07120,LOC_Os05g33290,motif,merged
LOC_Os01g07120,LOC_Os04g14470,motif,merged
LOC_Os01g07120,LOC_Os11g19290,motif,merged
LOC_Os01g07120,LOC_Os06g15180,motif,merged
LOC_Os01g07120,LOC_Os01g24820,motif,merged
LOC_Os01g07120,LOC_Os07g34630,motif,merged
LOC_Os01g07120,LOC_Os09g03750,motif,merged
LOC_Os01g07120,LOC_Os07g42590,motif,merged
LOC_Os01g07120,LOC_Os08g09850,motif,merged
LOC_Os01g07120,LOC_Os10g26510,motif,merged
LOC_Os01g07120,LOC_Os11g02640,motif_CE,motif_CE
LOC_Os01g07120,LOC_Os02g05770,motif,merged
LOC_Os01g07120,LOC_Os12g02950,FunTFBS,FunTFBS
LOC_Os01g07120,LOC_Os05g28070,motif,merged
LOC_Os01g07120,LOC_Os02g48750,motif,merged
LOC_Os01g07120,LOC_Os02g50460,motif,merged
LOC_Os01g07120,LOC_Os02g42070,motif,merged
LOC_Os01g07120,LOC_Os05g11360,"FunTFBS, motif",merged
LOC_Os01g07120,LOC_Os01g33410,motif,merged
LOC_Os01g07120,LOC_Os01g26930,motif,merged
LOC_Os01g07120,LOC_Os11g42000,motif,merged
LOC_Os01g07120,LOC_Os01g68420,motif,merged
LOC_Os01g07120,LOC_Os09g23580,motif,merged
LOC_Os01g07120,LOC_Os07g34950,motif,merged
LOC_Os01g07120,LOC_Os05g06080,motif,merged
LOC_Os01g07120,LOC_Os01g49180,"FunTFBS, motif",merged
LOC_Os01g07120,LOC_Os12g41430,motif,merged
LOC_Os01g07120,LOC_Os01g35110,motif,merged
LOC_Os01g07120,LOC_Os03g32526,motif_CE,motif_CE
LOC_Os01g07120,LOC_Os10g22680,motif,merged
LOC_Os01g07120,LOC_Os03g05220,motif,merged
LOC_Os01g07120,LOC_Os02g27580,motif,merged
LOC_Os01g07120,LOC_Os09g19980,"motif, motif_CE",merged
LOC_Os01g07120,LOC_Os11g35830,motif_CE,motif_CE
LOC_Os01g07120,LOC_Os01g05770,motif,merged
LOC_Os01g07120,LOC_Os02g37730,motif,merged
LOC_Os01g07120,LOC_Os02g09460,motif,merged
LOC_Os01g07120,LOC_Os03g08820,"motif, motif_CE",merged
LOC_Os01g07120,LOC_Os06g31360,motif,merged
LOC_Os01g07120,LOC_Os03g42280,motif,merged
LOC_Os01g07120,LOC_Os04g40380,motif_CE,motif_CE
LOC_Os01g07120,LOC_Os05g42350,motif,merged
LOC_Os01g07120,LOC_Os07g06450,"motif, motif_CE",merged
LOC_Os01g07120,LOC_Os12g35120,motif,merged
LOC_Os01g07120,LOC_Os04g45650,"FunTFBS, motif, motif_CE",merged
LOC_Os01g07120,LOC_Os04g58330,motif,merged
LOC_Os01g07120,ChrSy.fgenesh.gene.8,motif_CE,motif_CE
LOC_Os01g07120,LOC_Os01g72660,FunTFBS,FunTFBS
LOC_Os01g07120,LOC_Os06g46210,motif,merged
LOC_Os01g07120,LOC_Os03g18510,"FunTFBS, motif",merged
LOC_Os01g07120,LOC_Os11g11730,motif,merged
LOC_Os01g07120,LOC_Os03g38890,motif,merged
LOC_Os01g07120,LOC_Os05g09030,motif,merged
LOC_Os01g07120,LOC_Os10g03920,motif,merged
LOC_Os01g07120,LOC_Os03g38800,"motif, motif_CE",merged
LOC_Os01g07120,LOC_Os11g30080,motif,merged
LOC_Os01g07120,LOC_Os01g64060,motif,merged
LOC_Os01g07120,LOC_Os04g55860,motif_CE,motif_CE
LOC_Os01g07120,LOC_Os09g21450,FunTFBS,FunTFBS
LOC_Os01g07120,LOC_Os12g19810,"FunTFBS, motif",merged
LOC_Os01g07120,LOC_Os05g02560,FunTFBS,FunTFBS
LOC_Os01g07120,LOC_Os07g31690,motif,merged
LOC_Os01g07120,LOC_Os06g38660,motif,merged
LOC_Os01g07120,LOC_Os07g03260,"motif, motif_CE",merged
LOC_Os01g07120,LOC_Os04g53120,motif,merged
LOC_Os01g07120,LOC_Os12g18990,motif,merged
LOC_Os01g07120,LOC_Os12g02380,motif,merged
LOC_Os01g07120,LOC_Os01g13700,motif,merged
LOC_Os01g07120,LOC_Os06g40510,"motif, motif_CE",merged
LOC_Os01g07120,LOC_Os03g61330,FunTFBS,FunTFBS
LOC_Os01g07120,LOC_Os03g27030,motif,merged
LOC_Os01g07120,LOC_Os01g35860,motif,merged
LOC_Os01g07120,LOC_Os11g02020,FunTFBS,FunTFBS
LOC_Os01g07120,LOC_Os04g14750,motif,merged
LOC_Os01g07120,LOC_Os06g04490,FunTFBS,FunTFBS
LOC_Os01g07120,LOC_Os01g17402,motif,merged
LOC_Os01g07120,LOC_Os10g38860,"FunTFBS, motif",merged
LOC_Os01g07120,LOC_Os01g39760,motif,merged
LOC_Os01g07120,LOC_Os06g13440,motif,merged
LOC_Os01g07120,LOC_Os10g35280,motif,merged
LOC_Os01g07120,LOC_Os03g15370,motif,merged
LOC_Os01g07120,LOC_Os05g45950,motif,merged
LOC_Os01g07120,LOC_Os06g45670,motif_CE,motif_CE
LOC_Os01g07120,LOC_Os01g14110,FunTFBS,FunTFBS
LOC_Os01g07120,LOC_Os01g47760,motif,merged
LOC_Os01g07120,LOC_Os03g15900,"motif, motif_CE",merged
LOC_Os01g07120,LOC_Os06g31470,motif,merged
LOC_Os01g07120,LOC_Os07g39130,motif,merged
LOC_Os01g07120,LOC_Os08g38330,motif,merged
LOC_Os01g07120,LOC_Os10g20700,motif,merged
LOC_Os01g07120,LOC_Os11g24290,motif,merged
LOC_Os01g07120,LOC_Os03g10220,"motif, motif_CE",merged
LOC_Os01g07120,LOC_Os04g50180,motif,merged
LOC_Os01g07120,LOC_Os10g35220,motif,merged
LOC_Os01g07120,LOC_Os01g59510,"motif, motif_CE",merged
LOC_Os01g07120,LOC_Os02g03170,motif,merged
LOC_Os01g07120,LOC_Os11g40500,"FunTFBS, motif, motif_CE",merged
LOC_Os01g07120,LOC_Os11g44540,motif,merged
LOC_Os01g07120,LOC_Os09g13360,motif,merged
LOC_Os01g07120,LOC_Os06g34810,motif,merged
LOC_Os01g07120,LOC_Os02g07120,motif,merged
LOC_Os01g07120,LOC_Os07g06890,motif_CE,motif_CE
LOC_Os01g07120,LOC_Os01g64900,FunTFBS,FunTFBS
LOC_Os01g07120,LOC_Os10g26250,motif,merged
LOC_Os01g07120,LOC_Os05g12160,motif,merged
LOC_Os01g07120,LOC_Os12g37130,motif,merged
LOC_Os01g07120,LOC_Os01g39136,motif,merged
LOC_Os01g07120,LOC_Os04g39370,motif,merged
LOC_Os01g07120,LOC_Os04g42870,"motif, motif_CE",merged
LOC_Os01g07120,LOC_Os01g57324,motif,merged
LOC_Os01g07120,LOC_Os07g32880,"motif, motif_CE",merged
LOC_Os01g07120,LOC_Os08g29520,motif,merged
LOC_Os01g07120,LOC_Os09g38590,motif,merged
LOC_Os01g07120,LOC_Os12g22970,motif,merged
LOC_Os01g07120,LOC_Os03g24880,"motif, motif_CE",merged
LOC_Os01g07120,LOC_Os04g13690,motif,merged
LOC_Os01g07120,LOC_Os12g26370,FunTFBS,FunTFBS
LOC_Os01g07120,LOC_Os12g33320,motif,merged
LOC_Os01g07120,LOC_Os12g13810,"FunTFBS, motif",merged
LOC_Os01g07120,LOC_Os06g03340,motif,merged
LOC_Os01g07120,LOC_Os06g12640,motif_CE,motif_CE
LOC_Os01g07120,LOC_Os12g36480,motif,merged
LOC_Os01g07120,LOC_Os12g03790,motif,merged
LOC_Os01g07120,LOC_Os01g06990,motif,merged
LOC_Os01g07120,LOC_Os02g06410,motif,merged
LOC_Os01g07120,LOC_Os10g40060,motif_CE,motif_CE
LOC_Os01g07120,LOC_Os02g39970,motif,merged
LOC_Os01g07120,LOC_Os04g33620,motif_CE,motif_CE
LOC_Os01g07120,LOC_Os06g04070,"motif, motif_CE",merged
LOC_Os01g07120,LOC_Os12g30730,"FunTFBS, motif",merged
LOC_Os01g07120,LOC_Os12g42560,"motif, motif_CE",merged
LOC_Os01g07120,LOC_Os09g15310,motif,merged
LOC_Os01g07120,LOC_Os12g41720,motif,merged
LOC_Os01g07120,LOC_Os06g25940,FunTFBS,FunTFBS
LOC_Os01g07120,LOC_Os05g47940,motif,merged
LOC_Os01g07120,LOC_Os11g18890,motif_CE,motif_CE
LOC_Os01g07120,LOC_Os08g14130,FunTFBS,FunTFBS
LOC_Os01g07120,LOC_Os09g26010,motif,merged
LOC_Os01g07120,LOC_Os04g04400,motif,merged
LOC_Os01g07120,LOC_Os01g55090,motif_CE,motif_CE
LOC_Os01g07120,LOC_Os09g29080,motif_CE,motif_CE
LOC_Os01g07120,LOC_Os08g42890,motif,merged
LOC_Os01g07120,LOC_Os11g15120,motif,merged
LOC_Os01g07120,LOC_Os01g58780,FunTFBS,FunTFBS
LOC_Os01g07120,LOC_Os08g18000,motif,merged
LOC_Os01g07120,LOC_Os01g18790,"motif, motif_CE",merged
LOC_Os01g07120,LOC_Os05g02820,"motif, motif_CE",merged
LOC_Os01g07120,LOC_Os03g20590,"motif, motif_CE",merged
LOC_Os01g07120,LOC_Os05g41080,motif,merged
LOC_Os01g07120,LOC_Os10g23120,motif,merged
LOC_Os01g07120,LOC_Os07g46800,"motif, motif_CE",merged
LOC_Os01g07120,LOC_Os02g17370,"motif, motif_CE",merged
LOC_Os01g07120,LOC_Os04g29380,FunTFBS,FunTFBS
LOC_Os01g07120,LOC_Os01g06760,motif,merged
LOC_Os01g07120,LOC_Os07g44950,motif,merged
LOC_Os01g07120,LOC_Os03g59400,motif,merged
LOC_Os01g07120,LOC_Os03g59710,motif_CE,motif_CE
LOC_Os01g07120,LOC_Os06g12950,"FunTFBS, motif",merged
LOC_Os01g07120,LOC_Os08g11060,motif,merged
LOC_Os01g07120,LOC_Os08g20636,motif,merged
LOC_Os01g07120,LOC_Os10g04342,motif,merged
LOC_Os01g07120,LOC_Os05g39660,motif,merged
LOC_Os01g07120,LOC_Os02g26814,motif,merged
LOC_Os01g07120,LOC_Os04g41010,motif,merged
LOC_Os01g07120,LOC_Os02g19140,motif_CE,motif_CE
LOC_Os01g07120,LOC_Os09g16120,motif,merged
LOC_Os01g07120,LOC_Os01g12880,motif_CE,motif_CE
LOC_Os01g07120,LOC_Os04g42990,"FunTFBS, motif, motif_CE",merged
LOC_Os01g07120,LOC_Os01g66190,motif,merged
LOC_Os01g07120,LOC_Os03g31210,motif_CE,motif_CE
LOC_Os01g07120,LOC_Os06g16290,motif_CE,motif_CE
LOC_Os01g07120,LOC_Os07g35840,motif,merged
LOC_Os01g07120,LOC_Os05g49170,motif,merged
LOC_Os01g07120,LOC_Os01g03770,motif,merged
LOC_Os01g07120,LOC_Os08g31210,FunTFBS,FunTFBS
LOC_Os01g07120,LOC_Os03g44880,"motif, motif_CE",merged
LOC_Os01g07120,LOC_Os06g07978,motif,merged
LOC_Os01g07120,ChrSy.fgenesh.gene.8,"motif, motif_CE",merged
LOC_Os01g07120,LOC_Os08g22200,motif,merged
LOC_Os01g07120,LOC_Os08g28750,"motif, motif_CE",merged
LOC_Os01g07120,LOC_Os12g22870,motif,merged
LOC_Os01g07120,LOC_Os08g38680,motif,merged
LOC_Os01g07120,LOC_Os10g04610,motif,merged
LOC_Os01g07120,LOC_Os03g06910,motif,merged
LOC_Os01g07120,LOC_Os07g15490,motif,merged
LOC_Os01g07120,LOC_Os01g61010,motif_CE,motif_CE
LOC_Os01g07120,LOC_Os03g06820,motif,merged
LOC_Os01g07120,LOC_Os06g46730,motif,merged
LOC_Os01g07120,LOC_Os01g54540,motif,merged
LOC_Os01g07120,LOC_Os11g15240,motif,merged
LOC_Os01g07120,LOC_Os04g08650,motif,merged
LOC_Os01g07120,LOC_Os03g38745,motif,merged
LOC_Os01g07120,LOC_Os01g58500,"motif, motif_CE",merged
LOC_Os01g07120,LOC_Os12g07450,motif_CE,motif_CE
LOC_Os01g07120,LOC_Os04g14970,motif,merged
LOC_Os01g07120,LOC_Os02g27570,motif,merged
LOC_Os01g07120,LOC_Os11g16560,"motif, motif_CE",merged
LOC_Os01g07120,LOC_Os07g09630,motif,merged
LOC_Os01g07120,LOC_Os05g27660,motif,merged
LOC_Os01g07120,LOC_Os08g13090,motif,merged
LOC_Os01g07120,LOC_Os05g14810,FunTFBS,FunTFBS
LOC_Os01g07120,LOC_Os01g58080,motif_CE,motif_CE
LOC_Os01g07120,LOC_Os05g31370,motif,merged
LOC_Os01g07120,LOC_Os02g22690,FunTFBS,FunTFBS
LOC_Os01g07120,LOC_Os04g32790,motif,merged
LOC_Os01g07120,LOC_Os05g15600,FunTFBS,FunTFBS
LOC_Os01g07120,LOC_Os06g51330,motif,merged
LOC_Os01g07120,LOC_Os08g15070,motif,merged
LOC_Os01g07120,LOC_Os11g39110,motif,merged
LOC_Os01g07120,LOC_Os08g11240,motif,merged
LOC_Os01g07120,LOC_Os07g34730,motif_CE,motif_CE
LOC_Os01g07120,LOC_Os08g37920,motif,merged
LOC_Os01g07120,LOC_Os09g27390,motif,merged
LOC_Os01g07120,LOC_Os04g30650,motif,merged
LOC_Os01g07120,LOC_Os10g37110,motif,merged
LOC_Os01g07120,LOC_Os01g55510,"motif, motif_CE",merged
LOC_Os01g07120,LOC_Os12g32280,"motif, motif_CE",merged
LOC_Os01g07120,LOC_Os11g29360,motif,merged
LOC_Os01g07120,LOC_Os10g28230,motif,merged
LOC_Os01g07120,LOC_Os02g01740,FunTFBS,FunTFBS
LOC_Os01g07120,LOC_Os02g22690,motif_CE,motif_CE
LOC_Os01g07120,LOC_Os01g59340,"motif, motif_CE",merged
LOC_Os01g07120,LOC_Os09g11240,motif,merged
LOC_Os01g07120,LOC_Os10g20420,motif,merged
LOC_Os01g07120,LOC_Os03g02255,motif,merged
LOC_Os01g07120,LOC_Os06g45670,"motif, motif_CE",merged
LOC_Os01g07120,LOC_Os06g22660,motif,merged
LOC_Os01g07120,LOC_Os02g10630,"motif, motif_CE",merged
LOC_Os01g07120,LOC_Os10g42720,motif,merged
LOC_Os01g07120,LOC_Os11g23736,motif,merged
LOC_Os01g07120,LOC_Os12g12680,motif,merged
LOC_Os01g07120,LOC_Os11g39380,motif,merged
LOC_Os01g07120,LOC_Os07g41420,"FunTFBS, motif",merged
LOC_Os01g07120,LOC_Os04g20690,"FunTFBS, motif",merged
LOC_Os01g07120,LOC_Os12g36660,FunTFBS,FunTFBS
LOC_Os01g07120,LOC_Os01g65760,motif,merged
LOC_Os01g07120,LOC_Os06g25340,motif,merged
LOC_Os01g07120,LOC_Os03g19040,motif_CE,motif_CE
LOC_Os01g07120,LOC_Os03g04920,motif,merged
LOC_Os01g07120,LOC_Os07g10620,motif,merged
LOC_Os01g07120,LOC_Os01g21270,motif,merged
LOC_Os01g07120,LOC_Os11g23870,motif,merged
LOC_Os01g07120,LOC_Os10g34710,"FunTFBS, motif",merged
LOC_Os01g07120,LOC_Os06g06670,motif,merged
LOC_Os01g07120,LOC_Os01g73450,motif,merged
LOC_Os01g07120,LOC_Os07g29910,motif,merged
LOC_Os01g07120,LOC_Os07g06890,"motif, motif_CE",merged
LOC_Os01g07120,LOC_Os09g20110,motif,merged
LOC_Os01g07120,LOC_Os04g44670,"motif, motif_CE",merged
LOC_Os01g07120,LOC_Os12g13460,"FunTFBS, motif, motif_CE",merged
LOC_Os01g07120,LOC_Os07g38160,motif_CE,motif_CE
LOC_Os01g07120,LOC_Os05g02230,FunTFBS,FunTFBS
LOC_Os01g07120,LOC_Os09g36120,motif,merged
LOC_Os01g07120,LOC_Os01g61780,motif,merged
LOC_Os01g07120,LOC_Os10g34430,motif_CE,motif_CE
LOC_Os01g07120,LOC_Os01g71840,motif,merged
LOC_Os01g07120,LOC_Os06g27490,motif,merged
LOC_Os01g07120,LOC_Os05g25460,motif,merged
LOC_Os01g07120,LOC_Os10g09820,motif,merged
LOC_Os01g07120,LOC_Os01g64360,motif,merged
LOC_Os01g07120,LOC_Os03g39284,motif,merged
LOC_Os01g07120,LOC_Os03g63440,motif,merged
LOC_Os01g07120,LOC_Os06g25590,motif,merged
LOC_Os01g07120,LOC_Os04g57560,motif,merged
LOC_Os01g07120,LOC_Os08g10630,motif,merged
LOC_Os01g07120,LOC_Os07g26200,motif,merged
LOC_Os01g07120,LOC_Os12g05660,FunTFBS,FunTFBS
LOC_Os01g07120,LOC_Os07g07530,motif_CE,motif_CE
LOC_Os01g07120,LOC_Os08g14650,"motif, motif_CE",merged
LOC_Os01g07120,LOC_Os09g39380,motif_CE,motif_CE
LOC_Os01g07120,LOC_Os11g29240,motif,merged
LOC_Os01g07120,LOC_Os07g23220,motif,merged
LOC_Os01g07120,LOC_Os09g36900,"motif, motif_CE",merged
LOC_Os01g07120,LOC_Os05g01860,"FunTFBS, motif",merged
LOC_Os01g07120,LOC_Os01g01019,motif,merged
LOC_Os01g07120,LOC_Os06g46710,motif,merged
LOC_Os01g07120,LOC_Os01g27860,motif,merged
LOC_Os01g07120,LOC_Os02g21290,motif,merged
LOC_Os01g07120,LOC_Os05g32100,motif,merged
LOC_Os01g07120,LOC_Os11g14020,motif,merged
LOC_Os01g07120,LOC_Os09g01310,motif,merged
LOC_Os01g07120,LOC_Os02g14480,motif,merged
LOC_Os01g07120,LOC_Os06g39344,motif,merged
LOC_Os01g07120,LOC_Os01g55410,motif_CE,motif_CE
LOC_Os01g07120,LOC_Os03g64415,motif,merged
LOC_Os01g07120,LOC_Os05g49210,motif,merged
LOC_Os01g07120,LOC_Os07g03368,motif,merged
LOC_Os01g07120,LOC_Os02g13620,motif,merged
LOC_Os01g07120,LOC_Os01g67940,motif,merged
LOC_Os01g07120,LOC_Os04g24900,motif,merged
LOC_Os01g07120,LOC_Os03g36310,motif_CE,motif_CE
LOC_Os01g07120,LOC_Os12g09140,motif,merged
LOC_Os01g07120,LOC_Os01g04250,motif,merged
LOC_Os01g07120,LOC_Os02g15750,motif,merged
LOC_Os01g07120,LOC_Os04g56770,motif,merged
LOC_Os01g07120,LOC_Os02g38499,motif,merged
LOC_Os01g07120,LOC_Os12g24250,"motif, motif_CE",merged
LOC_Os01g07120,LOC_Os06g37430,motif,merged
LOC_Os01g07120,LOC_Os06g48570,motif,merged
LOC_Os01g07120,LOC_Os08g06344,"motif, motif_CE",merged
LOC_Os01g07120,LOC_Os02g30430,motif,merged
LOC_Os01g07120,LOC_Os08g28980,FunTFBS,FunTFBS
LOC_Os01g07120,LOC_Os05g30240,motif,merged
LOC_Os01g07120,LOC_Os06g47630,"motif, motif_CE",merged
LOC_Os01g07120,LOC_Os11g30030,motif,merged
LOC_Os01g07120,LOC_Os06g29480,motif,merged
LOC_Os01g07120,LOC_Os03g55130,"motif, motif_CE",merged
LOC_Os01g07120,LOC_Os03g04169,"motif, motif_CE",merged
LOC_Os01g07120,LOC_Os02g02850,motif_CE,motif_CE
LOC_Os01g07120,LOC_Os01g15790,motif,merged
LOC_Os01g07120,LOC_Os08g04220,motif,merged
LOC_Os01g07120,LOC_Os06g07300,motif,merged
LOC_Os01g07120,LOC_Os06g41160,motif,merged
LOC_Os01g07120,LOC_Os07g25540,motif_CE,motif_CE
LOC_Os01g07120,LOC_Os11g15390,motif,merged
LOC_Os01g07120,LOC_Os06g01370,"motif, motif_CE",merged
LOC_Os01g07120,LOC_Os01g58080,"motif, motif_CE",merged
LOC_Os01g07120,LOC_Os04g15790,motif,merged
LOC_Os01g07120,LOC_Os08g17630,motif,merged
LOC_Os01g07120,LOC_Os09g12080,motif,merged
LOC_Os01g07120,LOC_Os07g42395,motif_CE,motif_CE
LOC_Os01g07120,LOC_Os06g14530,motif_CE,motif_CE
LOC_Os01g07120,LOC_Os08g05530,motif_CE,motif_CE
LOC_Os01g07120,LOC_Os11g43580,motif,merged
LOC_Os01g07120,LOC_Os07g35260,motif,merged
LOC_Os01g07120,LOC_Os04g42200,FunTFBS,FunTFBS
LOC_Os01g07120,LOC_Os03g60740,motif,merged
LOC_Os01g07120,LOC_Os12g09610,motif_CE,motif_CE
LOC_Os01g07120,LOC_Os01g33615,motif,merged
LOC_Os01g07120,LOC_Os12g32620,"motif, motif_CE",merged
LOC_Os01g07120,LOC_Os10g09150,motif,merged
LOC_Os01g07120,LOC_Os12g35280,motif,merged
LOC_Os01g07120,LOC_Os01g13050,motif,merged
LOC_Os01g07120,LOC_Os07g45300,FunTFBS,FunTFBS
LOC_Os01g07120,LOC_Os05g34720,motif,merged
LOC_Os01g07120,LOC_Os05g34770,"FunTFBS, motif, motif_CE",merged
LOC_Os01g07120,LOC_Os04g35860,motif,merged
LOC_Os01g07120,LOC_Os10g08220,motif,merged
LOC_Os01g07120,LOC_Os07g24850,motif,merged
LOC_Os01g07120,LOC_Os07g31250,motif,merged
LOC_Os01g07120,LOC_Os11g43650,motif,merged
LOC_Os01g07120,LOC_Os12g23840,motif,merged
LOC_Os01g07120,LOC_Os06g45020,motif,merged
LOC_Os01g07120,LOC_Os12g10720,motif,merged
LOC_Os01g07120,LOC_Os10g12804,motif,merged
LOC_Os01g07120,LOC_Os01g01960,motif,merged
LOC_Os01g07120,LOC_Os12g05920,"motif, motif_CE",merged
LOC_Os01g07120,LOC_Os12g34860,motif,merged
LOC_Os01g07120,LOC_Os03g16709,motif,merged
LOC_Os01g07120,LOC_Os07g38160,"motif, motif_CE",merged
LOC_Os01g07120,LOC_Os10g34430,"motif, motif_CE",merged
LOC_Os01g07120,LOC_Os01g41760,motif,merged
LOC_Os01g07120,LOC_Os06g27920,"motif, motif_CE",merged
LOC_Os01g07120,LOC_Os03g17770,motif,merged
LOC_Os01g07120,LOC_Os11g05460,motif,merged
LOC_Os01g07120,LOC_Os03g49920,motif,merged
LOC_Os01g07120,LOC_Os11g04750,"FunTFBS, motif",merged
LOC_Os01g07120,LOC_Os06g38900,motif,merged
LOC_Os01g07120,LOC_Os10g08850,"motif, motif_CE",merged
LOC_Os01g07120,LOC_Os03g06100,motif,merged
LOC_Os01g07120,LOC_Os07g04750,"FunTFBS, motif, motif_CE",merged
LOC_Os01g07120,LOC_Os06g14500,motif,merged
LOC_Os01g07120,LOC_Os03g17170,motif,merged
LOC_Os01g07120,LOC_Os03g46190,motif_CE,motif_CE
LOC_Os01g07120,LOC_Os11g03410,motif_CE,motif_CE
LOC_Os01g07120,LOC_Os09g06560,motif,merged
LOC_Os01g07120,LOC_Os06g13090,"motif, motif_CE",merged
LOC_Os01g07120,LOC_Os08g03579,"FunTFBS, motif, motif_CE",merged
LOC_Os01g07120,LOC_Os03g32990,motif,merged
LOC_Os01g07120,LOC_Os01g43600,motif,merged
LOC_Os01g07120,LOC_Os10g41640,motif,merged
LOC_Os01g07120,LOC_Os04g53440,motif_CE,motif_CE
LOC_Os01g07120,LOC_Os08g40110,motif,merged
LOC_Os01g07120,LOC_Os06g19790,motif,merged
LOC_Os01g07120,LOC_Os05g43040,motif,merged
LOC_Os01g07120,LOC_Os12g38400,motif_CE,motif_CE
LOC_Os01g07120,LOC_Os03g11810,motif,merged
LOC_Os01g07120,LOC_Os06g34070,FunTFBS,FunTFBS
LOC_Os01g07120,LOC_Os04g20930,motif_CE,motif_CE
LOC_Os01g07120,LOC_Os04g22210,motif,merged
LOC_Os01g07120,LOC_Os11g40600,motif,merged
LOC_Os01g07120,LOC_Os08g42380,motif_CE,motif_CE
LOC_Os01g07120,LOC_Os02g02360,motif_CE,motif_CE
LOC_Os01g07120,LOC_Os01g50420,motif,merged
LOC_Os01g07120,LOC_Os06g35470,"motif, motif_CE",merged
LOC_Os01g07120,LOC_Os04g20180,motif,merged
LOC_Os01g07120,LOC_Os10g38440,motif,merged
LOC_Os01g07120,LOC_Os01g18970,motif,merged
LOC_Os01g07120,LOC_Os11g18890,"motif, motif_CE",merged
LOC_Os01g07120,LOC_Os01g35310,motif,merged
LOC_Os01g07120,LOC_Os11g37710,motif,merged
LOC_Os01g07120,LOC_Os08g02080,"motif, motif_CE",merged
LOC_Os01g07120,LOC_Os09g16720,motif,merged
LOC_Os01g07120,LOC_Os07g46770,"motif, motif_CE",merged
LOC_Os01g07120,LOC_Os01g50730,"FunTFBS, motif",merged
LOC_Os01g07120,LOC_Os04g12480,motif,merged
LOC_Os01g07120,LOC_Os11g19050,motif,merged
LOC_Os01g07120,LOC_Os04g17120,motif_CE,motif_CE
LOC_Os01g07120,LOC_Os12g26430,motif,merged
LOC_Os01g07120,LOC_Os02g55120,motif_CE,motif_CE
LOC_Os01g07120,LOC_Os09g17440,motif,merged
LOC_Os01g07120,LOC_Os02g56910,motif,merged
LOC_Os01g07120,LOC_Os12g22640,motif,merged
LOC_Os01g07120,LOC_Os01g15780,motif,merged
LOC_Os01g07120,LOC_Os01g08940,motif,merged
LOC_Os01g07120,LOC_Os08g28700,motif_CE,motif_CE
LOC_Os01g07120,LOC_Os08g14250,motif,merged
LOC_Os01g07120,LOC_Os07g40200,motif,merged
LOC_Os01g07120,LOC_Os04g54190,motif,merged
LOC_Os01g07120,LOC_Os06g21950,motif,merged
LOC_Os01g07120,LOC_Os06g21880,motif,merged
LOC_Os01g07120,LOC_Os03g46424,motif,merged
LOC_Os01g07120,LOC_Os04g18660,motif,merged
LOC_Os01g07120,LOC_Os06g04440,motif,merged
LOC_Os01g07120,LOC_Os02g33850,motif_CE,motif_CE
LOC_Os01g07120,LOC_Os07g33050,FunTFBS,FunTFBS
LOC_Os01g07120,LOC_Os02g20990,motif,merged
LOC_Os01g07120,LOC_Os11g30810,motif,merged
LOC_Os01g07120,LOC_Os02g50040,FunTFBS,FunTFBS
LOC_Os01g07120,LOC_Os07g15990,motif,merged
LOC_Os01g07120,LOC_Os08g32840,motif,merged
LOC_Os01g07120,LOC_Os03g11570,motif,merged
LOC_Os01g07120,LOC_Os01g43470,motif,merged
LOC_Os01g07120,LOC_Os07g12520,motif,merged
LOC_Os01g07120,LOC_Os07g41830,motif,merged
LOC_Os01g07120,LOC_Os01g09350,motif,merged
LOC_Os01g07120,LOC_Os02g24000,motif_CE,motif_CE
LOC_Os01g07120,LOC_Os01g62260,motif,merged
LOC_Os01g07120,LOC_Os06g49140,motif,merged
LOC_Os01g07120,LOC_Os01g04900,motif,merged
LOC_Os01g07120,LOC_Os07g25540,"motif, motif_CE",merged
LOC_Os01g07120,LOC_Os03g21260,motif_CE,motif_CE
LOC_Os01g07120,LOC_Os06g24160,FunTFBS,FunTFBS
LOC_Os01g07120,LOC_Os10g41440,motif_CE,motif_CE
LOC_Os01g07120,LOC_Os01g09340,motif,merged
LOC_Os01g07120,LOC_Os01g22000,motif,merged
LOC_Os01g07120,LOC_Os12g12300,motif,merged
LOC_Os01g07120,LOC_Os02g12580,"FunTFBS, motif",merged
LOC_Os01g07120,LOC_Os03g16200,motif,merged
LOC_Os01g07120,LOC_Os03g26990,motif,merged
LOC_Os01g07120,LOC_Os01g54940,motif,merged
LOC_Os01g07120,LOC_Os01g40820,"FunTFBS, motif",merged
LOC_Os01g07120,LOC_Os02g14380,motif,merged
LOC_Os01g07120,LOC_Os04g41120,motif,merged
LOC_Os01g07120,LOC_Os11g45390,motif,merged
LOC_Os01g07120,LOC_Os02g57360,motif,merged
LOC_Os01g07120,LOC_Os06g22090,motif,merged
LOC_Os01g07120,LOC_Os02g39480,motif,merged
LOC_Os01g07120,LOC_Os07g07620,"motif, motif_CE",merged
LOC_Os01g07120,LOC_Os07g11100,motif,merged
LOC_Os01g07120,LOC_Os01g72220,motif_CE,motif_CE
LOC_Os01g07120,LOC_Os10g30300,motif,merged
LOC_Os01g07120,LOC_Os08g03550,motif,merged
LOC_Os01g07120,LOC_Os05g19320,motif,merged
LOC_Os01g07120,LOC_Os03g52840,motif_CE,motif_CE
LOC_Os01g07120,LOC_Os01g47270,motif_CE,motif_CE
LOC_Os01g07120,LOC_Os03g22900,motif_CE,motif_CE
LOC_Os01g07120,LOC_Os04g51009,"FunTFBS, motif",merged
LOC_Os01g07120,LOC_Os04g08640,motif,merged
LOC_Os01g07120,LOC_Os08g06460,motif,merged
LOC_Os01g07120,LOC_Os06g06115,motif,merged
LOC_Os01g07120,LOC_Os09g20440,motif_CE,motif_CE
LOC_Os01g07120,LOC_Os08g27370,motif,merged
LOC_Os01g07120,LOC_Os05g43340,motif,merged
LOC_Os01g07120,LOC_Os06g28760,motif,merged
LOC_Os01g07120,LOC_Os11g43610,motif,merged
LOC_Os01g07120,LOC_Os04g34930,motif_CE,motif_CE
LOC_Os01g07120,LOC_Os02g10670,motif,merged
LOC_Os01g07120,LOC_Os03g63554,"motif, motif_CE",merged
LOC_Os01g07120,LOC_Os09g08570,motif,merged
LOC_Os01g07120,LOC_Os12g29500,motif,merged
LOC_Os01g07120,LOC_Os11g06870,motif,merged
LOC_Os01g07120,LOC_Os08g10950,motif,merged
LOC_Os01g07120,LOC_Os03g18670,motif,merged
LOC_Os01g07120,LOC_Os04g26870,motif_CE,motif_CE
LOC_Os01g07120,LOC_Os04g39160,FunTFBS,FunTFBS
LOC_Os01g07120,LOC_Os09g08000,motif,merged
LOC_Os01g07120,LOC_Os04g41080,motif,merged
LOC_Os01g07120,LOC_Os05g13550,motif_CE,motif_CE
LOC_Os01g07120,LOC_Os01g48940,motif,merged
LOC_Os01g07120,LOC_Os01g17330,motif,merged
LOC_Os01g07120,LOC_Os05g31680,motif,merged
LOC_Os01g07120,LOC_Os05g06390,motif_CE,motif_CE
LOC_Os01g07120,LOC_Os12g21500,"FunTFBS, motif",merged
LOC_Os01g07120,LOC_Os08g34370,motif,merged
LOC_Os01g07120,LOC_Os01g23650,motif,merged
LOC_Os01g07120,LOC_Os09g21130,motif,merged
LOC_Os01g07120,LOC_Os01g47650,motif,merged
LOC_Os01g07120,LOC_Os09g23360,motif,merged
LOC_Os01g07120,LOC_Os02g04360,motif,merged
LOC_Os01g07120,LOC_Os08g24910,motif,merged
LOC_Os01g07120,LOC_Os04g14400,motif,merged
LOC_Os01g07120,LOC_Os02g13360,motif_CE,motif_CE
LOC_Os01g07120,LOC_Os03g51510,motif_CE,motif_CE
LOC_Os01g07120,LOC_Os07g35960,motif,merged
LOC_Os01g07120,LOC_Os01g41630,motif,merged
LOC_Os01g07120,LOC_Os03g52090,motif,merged
LOC_Os01g07120,LOC_Os08g42550,motif_CE,motif_CE
LOC_Os01g07120,LOC_Os11g35620,motif,merged
LOC_Os01g07120,LOC_Os12g38400,"motif, motif_CE",merged
LOC_Os01g07120,LOC_Os08g31080,FunTFBS,FunTFBS
LOC_Os01g07120,LOC_Os07g28890,motif_CE,motif_CE
LOC_Os01g07120,LOC_Os01g50740,motif,merged
LOC_Os01g07120,LOC_Os01g07430,motif,merged
LOC_Os01g07120,LOC_Os10g38920,motif,merged
LOC_Os01g07120,LOC_Os09g31462,motif,merged
LOC_Os01g07120,LOC_Os02g44670,"motif, motif_CE",merged
LOC_Os01g07120,LOC_Os02g02360,"motif, motif_CE",merged
LOC_Os01g07120,LOC_Os07g09480,motif,merged
LOC_Os01g07120,LOC_Os04g22940,motif,merged
LOC_Os01g07120,LOC_Os06g40809,motif,merged
LOC_Os01g07120,LOC_Os03g63590,motif,merged
LOC_Os01g07120,LOC_Os04g27930,motif,merged
LOC_Os01g07120,LOC_Os03g56980,motif,merged
LOC_Os01g07120,LOC_Os07g06460,motif,merged
LOC_Os01g07120,LOC_Os11g27840,motif,merged
LOC_Os01g07120,LOC_Os07g19020,motif,merged
LOC_Os01g07120,LOC_Os07g07140,motif,merged
LOC_Os01g07120,LOC_Os05g34000,motif,merged
LOC_Os01g07120,LOC_Os03g51720,motif,merged
LOC_Os01g07120,LOC_Os02g43160,motif,merged
LOC_Os01g07120,LOC_Os03g47870,motif,merged
LOC_Os01g07120,LOC_Os05g45410,motif,merged
LOC_Os01g07120,LOC_Os09g33710,motif,merged
LOC_Os01g07120,LOC_Os12g18880,motif,merged
LOC_Os01g07120,LOC_Os01g72570,motif,merged
LOC_Os01g07120,LOC_Os04g17120,"motif, motif_CE",merged
LOC_Os01g07120,LOC_Os05g41440,"FunTFBS, motif",merged
LOC_Os01g07120,LOC_Os11g35110,motif,merged
LOC_Os01g07120,LOC_Os04g49840,motif,merged
LOC_Os01g07120,LOC_Os02g55720,motif,merged
LOC_Os01g07120,LOC_Os11g26720,motif,merged
LOC_Os01g07120,LOC_Os02g27130,motif,merged
LOC_Os01g07120,LOC_Os07g43260,motif,merged
LOC_Os01g07120,LOC_Os07g37680,"motif, motif_CE",merged
LOC_Os01g07120,LOC_Os08g28700,"motif, motif_CE",merged
LOC_Os01g07120,LOC_Os01g73000,motif,merged
LOC_Os01g07120,LOC_Os12g14150,motif,merged
LOC_Os01g07120,LOC_Os12g01510,motif,merged
LOC_Os01g07120,LOC_Os05g46390,motif,merged
LOC_Os01g07120,LOC_Os02g28120,motif,merged
LOC_Os01g07120,LOC_Os11g01420,motif,merged
LOC_Os01g07120,LOC_Os07g22360,motif,merged
LOC_Os01g07120,LOC_Os10g39510,motif,merged
LOC_Os01g07120,LOC_Os02g02290,"motif, motif_CE",merged
LOC_Os01g07120,LOC_Os01g42220,motif,merged
LOC_Os01g07120,LOC_Os11g03120,motif_CE,motif_CE
LOC_Os01g07120,LOC_Os06g36660,motif,merged
LOC_Os01g07120,LOC_Os08g08830,motif,merged
LOC_Os01g07120,LOC_Os12g05070,motif,merged
LOC_Os01g07120,LOC_Os04g50840,motif,merged
LOC_Os01g07120,LOC_Os08g16470,motif,merged
LOC_Os01g07120,LOC_Os04g58400,motif,merged
LOC_Os01g07120,LOC_Os03g12560,"motif, motif_CE",merged
LOC_Os01g07120,LOC_Os04g25070,motif,merged
LOC_Os01g07120,LOC_Os03g11890,motif_CE,motif_CE
LOC_Os01g07120,LOC_Os11g45170,motif,merged
LOC_Os01g07120,LOC_Os01g73070,motif,merged
LOC_Os01g07120,LOC_Os09g09290,motif,merged
LOC_Os01g07120,LOC_Os04g49880,motif,merged
LOC_Os01g07120,LOC_Os11g05370,motif_CE,motif_CE
LOC_Os01g07120,LOC_Os12g40560,motif_CE,motif_CE
LOC_Os01g07120,LOC_Os04g19830,motif,merged
LOC_Os01g07120,LOC_Os05g47520,motif,merged
LOC_Os01g07120,LOC_Os10g41440,"motif, motif_CE",merged
LOC_Os01g07120,LOC_Os09g07560,motif,merged
LOC_Os01g07120,LOC_Os07g36500,motif,merged
LOC_Os01g07120,LOC_Os01g18500,motif,merged
LOC_Os01g07120,LOC_Os10g40740,motif,merged
LOC_Os01g07120,LOC_Os01g47500,motif,merged
LOC_Os01g07120,LOC_Os12g41634,FunTFBS,FunTFBS
LOC_Os01g07120,LOC_Os01g61814,"FunTFBS, motif, motif_CE",merged
LOC_Os01g07120,LOC_Os05g51630,motif,merged
LOC_Os01g07120,LOC_Os03g14920,motif,merged
LOC_Os01g07120,LOC_Os01g72220,"motif, motif_CE",merged
LOC_Os01g07120,LOC_Os03g30290,motif,merged
LOC_Os01g07120,LOC_Os12g09610,"motif, motif_CE",merged
LOC_Os01g07120,LOC_Os05g09500,motif_CE,motif_CE
LOC_Os01g07120,LOC_Os04g54340,motif,merged
LOC_Os01g07120,LOC_Os10g39230,motif,merged
LOC_Os01g07120,LOC_Os06g38980,motif,merged
LOC_Os01g07120,LOC_Os01g47270,"motif, motif_CE",merged
LOC_Os01g07120,LOC_Os10g28060,motif_CE,motif_CE
LOC_Os01g07120,LOC_Os02g16510,motif,merged
LOC_Os01g07120,LOC_Os04g38730,motif,merged
LOC_Os01g07120,LOC_Os10g24190,motif,merged
LOC_Os01g07120,LOC_Os02g48880,motif,merged
LOC_Os01g07120,LOC_Os05g34020,motif,merged
LOC_Os01g07120,LOC_Os02g47770,motif,merged
LOC_Os01g07120,LOC_Os03g17670,motif,merged
LOC_Os01g07120,LOC_Os04g55770,motif_CE,motif_CE
LOC_Os01g07120,LOC_Os08g08120,"motif, motif_CE",merged
LOC_Os01g07120,LOC_Os03g16730,"FunTFBS, motif",merged
LOC_Os01g07120,LOC_Os01g68950,motif_CE,motif_CE
LOC_Os01g07120,LOC_Os12g07590,motif,merged
LOC_Os01g07120,LOC_Os07g40224,motif,merged
LOC_Os01g07120,LOC_Os03g09960,motif,merged
LOC_Os01g07120,LOC_Os01g46700,motif,merged
LOC_Os01g07120,LOC_Os10g32790,motif,merged
LOC_Os01g07120,LOC_Os01g60000,motif,merged
LOC_Os01g07120,LOC_Os05g27430,motif,merged
LOC_Os01g07120,LOC_Os02g15040,motif,merged
LOC_Os01g07120,LOC_Os11g14290,motif,merged
LOC_Os01g07120,LOC_Os05g13550,"motif, motif_CE",merged
LOC_Os01g07120,LOC_Os01g28490,motif,merged
LOC_Os01g07120,LOC_Os10g33450,motif,merged
LOC_Os01g07120,LOC_Os12g33289,motif,merged
LOC_Os01g07120,LOC_Os12g33670,"FunTFBS, motif",merged
LOC_Os01g07120,LOC_Os03g37970,motif,merged
LOC_Os01g07120,LOC_Os12g11410,motif,merged
LOC_Os01g07120,LOC_Os03g29830,FunTFBS,FunTFBS
LOC_Os01g07120,LOC_Os06g03880,motif,merged
LOC_Os01g07120,LOC_Os04g53544,motif,merged
LOC_Os01g07120,LOC_Os02g01920,motif_CE,motif_CE
LOC_Os01g07120,LOC_Os08g35150,motif,merged
LOC_Os01g07120,LOC_Os04g55840,motif,merged
LOC_Os01g07120,LOC_Os02g03540,"FunTFBS, motif, motif_CE",merged
LOC_Os01g07120,LOC_Os07g24880,motif,merged
LOC_Os01g07120,LOC_Os07g39110,FunTFBS,FunTFBS
LOC_Os01g07120,LOC_Os07g45730,motif,merged
LOC_Os01g07120,LOC_Os11g04960,motif,merged
LOC_Os01g07120,LOC_Os01g64390,motif,merged
LOC_Os01g07120,LOC_Os06g07560,motif_CE,motif_CE
LOC_Os01g07120,LOC_Os01g68120,motif,merged
LOC_Os01g07120,LOC_Os05g17050,motif,merged
LOC_Os01g07120,LOC_Os05g06470,motif,merged
LOC_Os01g07120,LOC_Os10g35070,motif_CE,motif_CE
LOC_Os01g07120,LOC_Os10g11730,motif,merged
LOC_Os01g07120,LOC_Os02g53520,motif,merged
LOC_Os01g07120,LOC_Os05g02210,motif,merged
LOC_Os01g07120,LOC_Os02g07890,motif,merged
LOC_Os01g07120,LOC_Os10g29840,motif,merged
LOC_Os01g07120,LOC_Os05g25060,"motif, motif_CE",merged
LOC_Os01g07120,LOC_Os04g53440,"motif, motif_CE",merged
LOC_Os01g07120,LOC_Os02g57340,motif_CE,motif_CE
LOC_Os01g07120,LOC_Os04g42900,motif,merged
LOC_Os01g07120,LOC_Os01g03510,motif_CE,motif_CE
LOC_Os01g07120,LOC_Os02g55150,motif_CE,motif_CE
LOC_Os01g07120,LOC_Os05g03560,motif,merged
LOC_Os01g07120,LOC_Os12g22690,motif_CE,motif_CE
LOC_Os01g07120,LOC_Os06g33310,"FunTFBS, motif",merged
LOC_Os01g07120,LOC_Os07g23570,motif,merged
LOC_Os01g07120,LOC_Os07g29740,motif,merged
LOC_Os01g07120,LOC_Os02g36990,"FunTFBS, motif",merged
LOC_Os01g07120,LOC_Os04g25180,"FunTFBS, motif",merged
LOC_Os01g07120,LOC_Os04g13750,motif,merged
LOC_Os01g07120,LOC_Os08g19930,"FunTFBS, motif",merged
LOC_Os01g07120,LOC_Os01g14120,motif,merged
LOC_Os01g07120,LOC_Os01g43630,motif_CE,motif_CE
LOC_Os01g07120,LOC_Os02g27370,motif,merged
LOC_Os01g07120,LOC_Os03g39710,motif,merged
LOC_Os01g07120,LOC_Os05g06000,motif,merged
LOC_Os01g07120,LOC_Os12g07810,"FunTFBS, motif, motif_CE",merged
LOC_Os01g07120,LOC_Os02g18820,motif,merged
LOC_Os01g07120,LOC_Os06g10600,FunTFBS,FunTFBS
LOC_Os01g07120,LOC_Os03g05450,motif_CE,motif_CE
LOC_Os01g07120,LOC_Os03g26044,motif,merged
LOC_Os01g07120,LOC_Os06g47830,motif_CE,motif_CE
LOC_Os01g07120,LOC_Os09g04430,motif,merged
LOC_Os01g07120,LOC_Os06g18980,"motif, motif_CE",merged
LOC_Os01g07120,LOC_Os02g35100,motif,merged
LOC_Os01g07120,LOC_Os08g13980,motif,merged
LOC_Os01g07120,LOC_Os06g49490,motif_CE,motif_CE
LOC_Os01g07120,LOC_Os02g03310,motif_CE,motif_CE
LOC_Os01g07120,LOC_Os06g44380,"motif, motif_CE",merged
LOC_Os01g07120,LOC_Os05g09480,motif,merged
LOC_Os01g07120,LOC_Os06g19110,motif,merged
LOC_Os01g07120,LOC_Os09g09960,"FunTFBS, motif",merged
LOC_Os01g07120,LOC_Os10g30860,motif,merged
LOC_Os01g07120,LOC_Os12g41850,motif,merged
LOC_Os01g07120,LOC_Os11g05370,"motif, motif_CE",merged
LOC_Os01g07120,LOC_Os01g70080,"FunTFBS, motif",merged
LOC_Os01g07120,LOC_Os01g13460,"motif, motif_CE",merged
LOC_Os01g07120,LOC_Os07g09710,"FunTFBS, motif, motif_CE",merged
LOC_Os01g07120,LOC_Os08g40210,motif,merged
LOC_Os01g07120,LOC_Os03g02970,motif_CE,motif_CE
LOC_Os01g07120,LOC_Os11g41560,motif,merged
LOC_Os01g07120,LOC_Os06g05670,motif,merged
LOC_Os01g07120,LOC_Os06g15670,motif,merged
LOC_Os01g07120,LOC_Os05g06930,motif,merged
LOC_Os01g07120,LOC_Os02g11030,motif_CE,motif_CE
LOC_Os01g07120,LOC_Os04g18110,motif,merged
LOC_Os01g07120,LOC_Os07g01730,motif,merged
LOC_Os01g07120,LOC_Os02g52860,motif,merged
LOC_Os01g07120,LOC_Os03g28260,motif,merged
LOC_Os01g07120,LOC_Os08g04560,motif,merged
LOC_Os01g07120,LOC_Os07g47050,FunTFBS,FunTFBS
LOC_Os01g07120,LOC_Os11g25990,motif,merged
LOC_Os01g07120,LOC_Os08g13360,FunTFBS,FunTFBS
LOC_Os01g07120,LOC_Os06g48210,motif,merged
LOC_Os01g07120,LOC_Os05g03600,motif,merged
LOC_Os01g07120,LOC_Os04g41930,motif,merged
LOC_Os01g07120,LOC_Os10g04880,motif,merged
LOC_Os01g07120,LOC_Os05g42120,motif_CE,motif_CE
LOC_Os01g07120,LOC_Os05g51830,motif_CE,motif_CE
LOC_Os01g07120,LOC_Os03g22450,motif_CE,motif_CE
LOC_Os01g07120,LOC_Os10g24880,motif,merged
LOC_Os01g07120,LOC_Os12g37730,motif_CE,motif_CE
LOC_Os01g07120,LOC_Os01g72930,motif_CE,motif_CE
LOC_Os01g07120,LOC_Os09g37890,motif,merged
LOC_Os01g07120,LOC_Os04g42270,"motif, motif_CE",merged
LOC_Os01g07120,LOC_Os05g16670,motif,merged
LOC_Os01g07120,LOC_Os11g16470,motif,merged
LOC_Os01g07120,LOC_Os05g18670,motif,merged
LOC_Os01g07120,LOC_Os03g44636,motif,merged
LOC_Os01g07120,LOC_Os05g09500,"motif, motif_CE",merged
LOC_Os01g07120,LOC_Os10g25487,"FunTFBS, motif, motif_CE",merged
LOC_Os01g07120,LOC_Os07g05520,motif,merged
LOC_Os01g07120,LOC_Os04g34590,motif,merged
LOC_Os01g07120,LOC_Os02g26790,motif,merged
LOC_Os01g07120,LOC_Os03g52840,"motif, motif_CE",merged
LOC_Os01g07120,LOC_Os04g40000,motif,merged
LOC_Os01g07120,LOC_Os04g55770,"motif, motif_CE",merged
LOC_Os01g07120,LOC_Os07g11440,"motif, motif_CE",merged
LOC_Os01g07120,LOC_Os11g40140,motif_CE,motif_CE
LOC_Os01g07120,LOC_Os07g46420,FunTFBS,FunTFBS
LOC_Os01g07120,LOC_Os02g20844,motif,merged
LOC_Os01g07120,LOC_Os09g20440,"motif, motif_CE",merged
LOC_Os01g07120,LOC_Os12g32499,motif,merged
LOC_Os01g07120,LOC_Os04g19390,motif,merged
LOC_Os01g07120,LOC_Os08g18079,motif,merged
LOC_Os01g07120,LOC_Os11g42580,motif,merged
LOC_Os01g07120,LOC_Os02g56080,motif,merged
LOC_Os01g07120,LOC_Os03g52450,motif_CE,motif_CE
LOC_Os01g07120,LOC_Os09g20850,"motif, motif_CE",merged
LOC_Os01g07120,LOC_Os06g11870,motif,merged
LOC_Os01g07120,LOC_Os07g18900,motif,merged
LOC_Os01g07120,LOC_Os01g46554,motif,merged
LOC_Os01g07120,LOC_Os01g29030,motif,merged
LOC_Os01g07120,LOC_Os04g28040,motif,merged
LOC_Os01g07120,LOC_Os02g10540,"motif, motif_CE",merged
LOC_Os01g07120,LOC_Os06g30970,motif,merged
LOC_Os01g07120,LOC_Os03g36870,motif,merged
LOC_Os01g07120,LOC_Os03g38980,FunTFBS,FunTFBS
LOC_Os01g07120,LOC_Os06g01470,motif,merged
LOC_Os01g07120,LOC_Os07g23494,motif,merged
LOC_Os01g07120,LOC_Os12g40500,motif,merged
LOC_Os01g07120,LOC_Os05g36030,"FunTFBS, motif",merged
LOC_Os01g07120,LOC_Os01g53100,motif_CE,motif_CE
LOC_Os01g07120,LOC_Os08g43220,motif,merged
LOC_Os01g07120,LOC_Os11g40400,motif,merged
LOC_Os01g07120,LOC_Os06g04699,motif,merged
LOC_Os01g07120,LOC_Os09g23170,FunTFBS,FunTFBS
LOC_Os01g07120,LOC_Os06g07560,"motif, motif_CE",merged
LOC_Os01g07120,LOC_Os08g42920,"FunTFBS, motif, motif_CE",merged
LOC_Os01g07120,LOC_Os05g05520,"FunTFBS, motif",merged
LOC_Os01g07120,LOC_Os05g05750,motif,merged
LOC_Os01g07120,LOC_Os06g29200,motif,merged
LOC_Os01g07120,LOC_Os11g15470,motif,merged
LOC_Os01g07120,LOC_Os01g66230,motif_CE,motif_CE
LOC_Os01g07120,LOC_Os03g26630,motif,merged
LOC_Os01g07120,LOC_Os07g47140,motif,merged
LOC_Os01g07120,LOC_Os08g37090,motif,merged
LOC_Os01g07120,LOC_Os03g51510,"motif, motif_CE",merged
LOC_Os01g07120,LOC_Os11g05320,motif,merged
LOC_Os01g07120,LOC_Os07g04590,motif,merged
LOC_Os01g07120,LOC_Os04g08764,motif,merged
LOC_Os01g07120,LOC_Os06g16919,motif,merged
LOC_Os01g07120,LOC_Os08g42550,"motif, motif_CE",merged
LOC_Os01g07120,LOC_Os03g58470,"motif, motif_CE",merged
LOC_Os01g07120,LOC_Os10g18026,motif,merged
LOC_Os01g07120,LOC_Os01g65600,motif_CE,motif_CE
LOC_Os01g07120,LOC_Os08g31660,motif_CE,motif_CE
LOC_Os01g07120,LOC_Os04g28270,motif,merged
LOC_Os01g07120,LOC_Os08g32050,FunTFBS,FunTFBS
LOC_Os01g07120,LOC_Os09g15880,motif,merged
LOC_Os01g07120,LOC_Os02g06560,motif_CE,motif_CE
LOC_Os01g07120,LOC_Os03g45860,motif,merged
LOC_Os01g07120,LOC_Os11g02510,FunTFBS,FunTFBS
LOC_Os01g07120,LOC_Os08g34690,motif,merged
LOC_Os01g07120,LOC_Os04g32490,motif,merged
LOC_Os01g07120,LOC_Os12g10100,motif,merged
LOC_Os01g07120,LOC_Os07g48470,motif,merged
LOC_Os01g07120,LOC_Os02g24090,motif,merged
LOC_Os01g07120,LOC_Os06g28600,motif,merged
LOC_Os01g07120,LOC_Os08g38000,motif,merged
LOC_Os01g07120,LOC_Os01g50880,"FunTFBS, motif",merged
LOC_Os01g07120,LOC_Os10g28780,motif,merged
LOC_Os01g07120,LOC_Os02g43640,motif,merged
LOC_Os01g07120,LOC_Os01g34614,motif,merged
LOC_Os01g07120,LOC_Os05g38750,motif,merged
LOC_Os01g07120,LOC_Os02g28410,motif,merged
LOC_Os01g07120,LOC_Os01g51270,FunTFBS,FunTFBS
LOC_Os01g07120,LOC_Os12g06380,motif,merged
LOC_Os01g07120,LOC_Os06g06340,motif,merged
LOC_Os01g07120,LOC_Os07g41660,motif_CE,motif_CE
LOC_Os01g07120,LOC_Os03g05450,"motif, motif_CE",merged
LOC_Os01g07120,LOC_Os02g25020,"FunTFBS, motif, motif_CE",merged
LOC_Os01g07120,LOC_Os03g30680,FunTFBS,FunTFBS
LOC_Os01g07120,LOC_Os11g22660,motif,merged
LOC_Os01g07120,LOC_Os03g29045,motif,merged
LOC_Os01g07120,LOC_Os06g01400,motif,merged
LOC_Os01g07120,LOC_Os02g24720,motif,merged
LOC_Os01g07120,LOC_Os08g35640,"FunTFBS, motif",merged
LOC_Os01g07120,LOC_Os03g20190,motif_CE,motif_CE
LOC_Os01g07120,LOC_Os07g32040,motif_CE,motif_CE
LOC_Os01g07120,LOC_Os07g10080,motif,merged
LOC_Os01g07120,LOC_Os05g10360,FunTFBS,FunTFBS
LOC_Os01g07120,LOC_Os12g09710,"motif, motif_CE",merged
LOC_Os01g07120,LOC_Os04g51020,motif,merged
LOC_Os01g07120,LOC_Os06g11500,motif,merged
LOC_Os01g07120,LOC_Os11g27530,motif_CE,motif_CE
LOC_Os01g07120,LOC_Os03g19560,motif,merged
LOC_Os01g07120,LOC_Os06g46000,motif,merged
LOC_Os01g07120,LOC_Os07g02780,motif_CE,motif_CE
LOC_Os01g07120,LOC_Os10g34820,motif,merged
LOC_Os01g07120,LOC_Os02g11030,"motif, motif_CE",merged
LOC_Os01g07120,LOC_Os05g14310,"FunTFBS, motif",merged
LOC_Os01g07120,LOC_Os06g46470,motif,merged
LOC_Os01g07120,LOC_Os06g07180,motif,merged
LOC_Os01g07120,LOC_Os09g19734,motif,merged
LOC_Os01g07120,LOC_Os07g43980,motif_CE,motif_CE
LOC_Os01g07120,LOC_Os11g47494,"FunTFBS, motif",merged
LOC_Os01g07120,LOC_Os06g34970,motif,merged
LOC_Os01g07120,LOC_Os10g15290,motif,merged
LOC_Os01g07120,LOC_Os05g42120,"motif, motif_CE",merged
LOC_Os01g07120,LOC_Os02g16610,motif,merged
LOC_Os01g07120,LOC_Os03g02700,motif,merged
LOC_Os01g07120,LOC_Os04g14180,motif,merged
LOC_Os01g07120,LOC_Os07g42354,motif,merged
LOC_Os01g07120,LOC_Os10g36030,motif_CE,motif_CE
LOC_Os01g07120,LOC_Os07g35220,motif,merged
LOC_Os01g07120,LOC_Os07g03610,motif,merged
LOC_Os01g07120,LOC_Os06g46890,motif,merged
LOC_Os01g07120,LOC_Os02g17590,motif,merged
LOC_Os01g07120,LOC_Os09g27330,motif,merged
LOC_Os01g07120,LOC_Os11g07800,motif,merged
LOC_Os01g07120,LOC_Os05g31650,motif,merged
LOC_Os01g07120,LOC_Os03g15290,motif_CE,motif_CE
LOC_Os01g07120,LOC_Os03g62490,FunTFBS,FunTFBS
LOC_Os01g07120,LOC_Os01g21260,motif,merged
LOC_Os01g07120,LOC_Os12g39250,motif,merged
LOC_Os01g07120,LOC_Os05g13390,motif,merged
LOC_Os01g07120,LOC_Os10g35650,motif,merged
LOC_Os01g07120,LOC_Os02g48470,motif_CE,motif_CE
LOC_Os01g07120,LOC_Os04g49520,motif,merged
LOC_Os01g07120,LOC_Os03g55100,motif,merged
LOC_Os01g07120,LOC_Os02g04010,motif,merged
LOC_Os01g07120,LOC_Os07g38664,motif,merged
LOC_Os01g07120,LOC_Os06g26170,motif,merged
LOC_Os01g07120,LOC_Os11g26420,"FunTFBS, motif",merged
LOC_Os01g07120,LOC_Os06g23684,motif,merged
LOC_Os01g07120,LOC_Os12g13530,"FunTFBS, motif, motif_CE",merged
LOC_Os01g07120,LOC_Os02g14620,motif,merged
LOC_Os01g07120,LOC_Os12g36110,"motif, motif_CE",merged
LOC_Os01g07120,LOC_Os02g46839,motif,merged
LOC_Os01g07120,LOC_Os07g46700,motif_CE,motif_CE
LOC_Os01g07120,LOC_Os03g22120,motif,merged
LOC_Os01g07120,LOC_Os01g68950,"motif, motif_CE",merged
LOC_Os01g07120,LOC_Os11g19900,motif,merged
LOC_Os01g07120,LOC_Os03g37540,motif,merged
LOC_Os01g07120,LOC_Os10g41800,motif,merged
LOC_Os01g07120,LOC_Os12g15860,motif,merged
LOC_Os01g07120,LOC_Os07g13760,motif,merged
LOC_Os01g07120,LOC_Os12g27190,motif,merged
LOC_Os01g07120,LOC_Os09g24320,motif_CE,motif_CE
LOC_Os01g07120,LOC_Os04g17200,motif,merged
LOC_Os01g07120,LOC_Os12g39990,motif,merged
LOC_Os01g07120,LOC_Os05g02400,FunTFBS,FunTFBS
LOC_Os01g07120,LOC_Os12g06120,FunTFBS,FunTFBS
LOC_Os01g07120,LOC_Os04g11956,motif_CE,motif_CE
LOC_Os01g07120,LOC_Os12g07240,"FunTFBS, motif",merged
LOC_Os01g07120,LOC_Os09g01900,motif,merged
LOC_Os01g07120,LOC_Os01g63910,motif_CE,motif_CE
LOC_Os01g07120,LOC_Os06g45800,motif_CE,motif_CE
LOC_Os01g07120,LOC_Os12g18140,motif_CE,motif_CE
LOC_Os01g07120,LOC_Os05g38600,motif,merged
LOC_Os01g07120,LOC_Os06g44970,motif,merged
LOC_Os01g07120,LOC_Os03g62100,"motif, motif_CE",merged
LOC_Os01g07120,LOC_Os12g17860,motif,merged
LOC_Os01g07120,LOC_Os06g02100,motif,merged
LOC_Os01g07120,LOC_Os02g35650,motif_CE,motif_CE
LOC_Os01g07120,LOC_Os03g27400,motif,merged
LOC_Os01g07120,LOC_Os12g44020,motif,merged
LOC_Os01g07120,LOC_Os05g47830,motif,merged
LOC_Os01g07120,LOC_Os06g45770,motif_CE,motif_CE
LOC_Os01g07120,LOC_Os05g20330,motif,merged
LOC_Os01g07120,LOC_Os01g68900,motif,merged
LOC_Os01g07120,LOC_Os12g10900,motif,merged
LOC_Os01g07120,LOC_Os10g35550,motif,merged
LOC_Os01g07120,LOC_Os02g01440,motif,merged
LOC_Os01g07120,LOC_Os06g48290,"motif, motif_CE",merged
LOC_Os01g07120,LOC_Os06g10680,motif,merged
LOC_Os01g07120,LOC_Os03g48950,motif,merged
LOC_Os01g07120,LOC_Os07g15980,motif,merged
LOC_Os01g07120,LOC_Os10g35070,"motif, motif_CE",merged
LOC_Os01g07120,LOC_Os04g16070,motif,merged
LOC_Os01g07120,LOC_Os06g44700,motif,merged
LOC_Os01g07120,LOC_Os01g65600,"motif, motif_CE",merged
LOC_Os01g07120,LOC_Os03g64390,"motif, motif_CE",merged
LOC_Os01g07120,LOC_Os04g30000,motif,merged
LOC_Os01g07120,LOC_Os02g57340,"motif, motif_CE",merged
LOC_Os01g07120,LOC_Os11g19810,"motif, motif_CE",merged
LOC_Os01g07120,LOC_Os09g21510,motif,merged
LOC_Os01g07120,LOC_Os06g17130,"FunTFBS, motif, motif_CE",merged
LOC_Os01g07120,LOC_Os11g32620,FunTFBS,FunTFBS
LOC_Os01g07120,LOC_Os12g04660,FunTFBS,FunTFBS
LOC_Os01g07120,LOC_Os01g48280,motif_CE,motif_CE
LOC_Os01g07120,LOC_Os07g12970,motif,merged
LOC_Os01g07120,LOC_Os02g04560,motif,merged
LOC_Os01g07120,LOC_Os02g03230,motif_CE,motif_CE
LOC_Os01g07120,LOC_Os12g03130,motif,merged
LOC_Os01g07120,LOC_Os04g54850,motif_CE,motif_CE
LOC_Os01g07120,LOC_Os05g32270,motif_CE,motif_CE
LOC_Os01g07120,LOC_Os05g28300,motif_CE,motif_CE
LOC_Os01g07120,LOC_Os01g09440,motif,merged
LOC_Os01g07120,LOC_Os09g20560,motif_CE,motif_CE
LOC_Os01g07120,LOC_Os09g02200,motif,merged
LOC_Os01g07120,LOC_Os12g34720,motif,merged
LOC_Os01g07120,LOC_Os01g61630,"motif, motif_CE",merged
LOC_Os01g07120,LOC_Os02g10710,motif,merged
LOC_Os01g07120,LOC_Os02g43810,"motif, motif_CE",merged
LOC_Os01g07120,LOC_Os05g08230,motif,merged
LOC_Os01g07120,LOC_Os03g20190,"motif, motif_CE",merged
LOC_Os01g07120,LOC_Os05g46220,motif_CE,motif_CE
LOC_Os01g07120,LOC_Os07g19494,motif_CE,motif_CE
LOC_Os01g07120,LOC_Os05g09520,motif_CE,motif_CE
LOC_Os01g07120,LOC_Os09g04560,motif,merged
LOC_Os01g07120,LOC_Os01g46900,motif,merged
LOC_Os01g07120,LOC_Os10g01400,motif,merged
LOC_Os01g07120,LOC_Os11g13840,motif,merged
LOC_Os01g07120,LOC_Os12g19170,motif,merged
LOC_Os01g07120,LOC_Os08g11510,motif,merged
LOC_Os01g07120,LOC_Os01g63260,motif,merged
LOC_Os01g07120,LOC_Os05g46200,motif,merged
LOC_Os01g07120,LOC_Os06g35180,motif,merged
LOC_Os01g07120,LOC_Os07g11530,motif,merged
LOC_Os01g07120,LOC_Os03g08030,FunTFBS,FunTFBS
LOC_Os01g07120,LOC_Os03g17084,motif_CE,motif_CE
LOC_Os01g07120,LOC_Os02g51280,motif_CE,motif_CE
LOC_Os01g07120,LOC_Os12g27020,motif,merged
LOC_Os01g07120,LOC_Os03g53910,motif,merged
LOC_Os01g07120,LOC_Os05g16220,motif,merged
LOC_Os01g07120,LOC_Os01g61520,motif,merged
LOC_Os01g07120,LOC_Os03g02970,"motif, motif_CE",merged
LOC_Os01g07120,LOC_Os03g12680,motif,merged
LOC_Os01g07120,LOC_Os07g37290,motif_CE,motif_CE
LOC_Os01g07120,ChrSy.fgenesh.gene.27,motif,merged
LOC_Os01g07120,LOC_Os12g02520,"FunTFBS, motif",merged
LOC_Os01g07120,LOC_Os11g26795,motif,merged
LOC_Os01g07120,LOC_Os02g04490,motif_CE,motif_CE
LOC_Os01g07120,LOC_Os01g08020,motif,merged
LOC_Os01g07120,LOC_Os08g01660,"motif, motif_CE",merged
LOC_Os01g07120,LOC_Os06g29190,motif,merged
LOC_Os01g07120,LOC_Os05g27440,motif,merged
LOC_Os01g07120,LOC_Os06g07869,"motif, motif_CE",merged
LOC_Os01g07120,LOC_Os07g04390,motif,merged
LOC_Os01g07120,LOC_Os03g13640,motif,merged
LOC_Os01g07120,LOC_Os07g36390,motif,merged
LOC_Os01g07120,LOC_Os07g46540,motif,merged
LOC_Os01g07120,LOC_Os10g18010,motif,merged
LOC_Os01g07120,LOC_Os08g26920,motif,merged
LOC_Os01g07120,LOC_Os03g22450,"motif, motif_CE",merged
LOC_Os01g07120,LOC_Os03g22340,motif,merged
LOC_Os01g07120,LOC_Os07g07709,"motif, motif_CE",merged
LOC_Os01g07120,LOC_Os07g13870,motif,merged
LOC_Os01g07120,LOC_Os12g26010,motif,merged
LOC_Os01g07120,LOC_Os04g10370,motif_CE,motif_CE
LOC_Os01g07120,LOC_Os02g02130,motif,merged
LOC_Os01g07120,LOC_Os09g02430,motif_CE,motif_CE
LOC_Os01g07120,LOC_Os02g17580,FunTFBS,FunTFBS
LOC_Os01g07120,LOC_Os02g26850,motif,merged
LOC_Os01g07120,LOC_Os06g01160,motif,merged
LOC_Os01g07120,LOC_Os04g41150,motif,merged
LOC_Os01g07120,LOC_Os04g32120,motif,merged
LOC_Os01g07120,LOC_Os06g43240,motif,merged
LOC_Os01g07120,LOC_Os10g21920,motif,merged
LOC_Os01g07120,LOC_Os04g44290,"motif, motif_CE",merged
LOC_Os01g07120,LOC_Os10g30190,motif,merged
LOC_Os01g07120,LOC_Os08g39200,motif,merged
LOC_Os01g07120,LOC_Os10g34260,motif,merged
LOC_Os01g07120,LOC_Os11g34700,motif,merged
LOC_Os01g07120,LOC_Os04g47950,FunTFBS,FunTFBS
LOC_Os01g07120,LOC_Os03g15710,motif_CE,motif_CE
LOC_Os01g07120,LOC_Os11g42690,motif,merged
LOC_Os01g07120,LOC_Os10g24954,motif,merged
LOC_Os01g07120,LOC_Os07g34660,motif,merged
LOC_Os01g07120,LOC_Os06g39460,motif,merged
LOC_Os01g07120,LOC_Os11g32910,motif,merged
LOC_Os01g07120,LOC_Os08g41930,motif,merged
LOC_Os01g07120,LOC_Os05g14710,motif,merged
LOC_Os01g07120,LOC_Os03g30660,motif,merged
LOC_Os01g07120,LOC_Os08g19850,"FunTFBS, motif, motif_CE",merged
LOC_Os01g07120,LOC_Os02g15130,FunTFBS,FunTFBS
LOC_Os01g07120,LOC_Os08g13860,motif,merged
LOC_Os01g07120,LOC_Os12g29790,motif,merged
LOC_Os01g07120,LOC_Os02g49680,"FunTFBS, motif, motif_CE",merged
LOC_Os01g07120,LOC_Os11g16770,"motif, motif_CE",merged
LOC_Os01g07120,LOC_Os02g36749,motif,merged
LOC_Os01g07120,LOC_Os03g53280,FunTFBS,FunTFBS
LOC_Os01g07120,LOC_Os05g48310,motif,merged
LOC_Os01g07120,LOC_Os09g35690,motif_CE,motif_CE
LOC_Os01g07120,LOC_Os12g01580,motif,merged
LOC_Os01g07120,LOC_Os03g52890,motif_CE,motif_CE
LOC_Os01g07120,LOC_Os04g32600,motif_CE,motif_CE
LOC_Os01g07120,LOC_Os01g63910,"motif, motif_CE",merged
LOC_Os01g07120,LOC_Os12g18140,"motif, motif_CE",merged
LOC_Os01g07120,LOC_Os09g39330,motif,merged
LOC_Os01g07120,LOC_Os03g12960,FunTFBS,FunTFBS
LOC_Os01g07120,LOC_Os10g23100,FunTFBS,FunTFBS
LOC_Os01g07120,LOC_Os04g07960,motif,merged
LOC_Os01g07120,LOC_Os01g58160,motif,merged
LOC_Os01g07120,LOC_Os05g34460,motif,merged
LOC_Os01g07120,LOC_Os06g16840,motif,merged
LOC_Os01g07120,LOC_Os06g45770,"motif, motif_CE",merged
LOC_Os01g07120,LOC_Os07g37310,motif_CE,motif_CE
LOC_Os01g07120,LOC_Os08g14550,motif,merged
LOC_Os01g07120,LOC_Os03g55480,motif,merged
LOC_Os01g07120,LOC_Os03g27630,motif,merged
LOC_Os01g07120,LOC_Os12g01960,motif,merged
LOC_Os01g07120,LOC_Os07g17360,motif,merged
LOC_Os01g07120,LOC_Os10g25060,motif,merged
LOC_Os01g07120,LOC_Os02g06560,"motif, motif_CE",merged
LOC_Os01g07120,LOC_Os03g21900,motif_CE,motif_CE
LOC_Os01g07120,LOC_Os03g27280,"FunTFBS, motif",merged
LOC_Os01g07120,LOC_Os06g50630,"FunTFBS, motif",merged
LOC_Os01g07120,LOC_Os06g01890,motif,merged
LOC_Os01g07120,LOC_Os07g10540,motif_CE,motif_CE
LOC_Os01g07120,LOC_Os02g03230,"motif, motif_CE",merged
LOC_Os01g07120,LOC_Os05g14870,motif,merged
LOC_Os01g07120,LOC_Os05g04940,motif_CE,motif_CE
LOC_Os01g07120,LOC_Os03g06980,FunTFBS,FunTFBS
LOC_Os01g07120,LOC_Os06g46870,"motif, motif_CE",merged
LOC_Os01g07120,LOC_Os04g54850,"motif, motif_CE",merged
LOC_Os01g07120,LOC_Os05g43440,motif,merged
LOC_Os01g07120,LOC_Os10g27450,FunTFBS,FunTFBS
LOC_Os01g07120,LOC_Os11g45270,motif,merged
LOC_Os01g07120,LOC_Os12g15470,motif,merged
LOC_Os01g07120,LOC_Os01g59070,motif_CE,motif_CE
LOC_Os01g07120,LOC_Os05g12510,motif,merged
LOC_Os01g07120,LOC_Os07g03418,motif,merged
LOC_Os01g07120,LOC_Os11g43290,motif,merged
LOC_Os01g07120,LOC_Os09g22080,motif,merged
LOC_Os01g07120,LOC_Os10g29290,motif,merged
LOC_Os01g07120,LOC_Os08g22340,motif,merged
LOC_Os01g07120,LOC_Os03g36390,motif,merged
LOC_Os01g07120,LOC_Os06g05180,FunTFBS,FunTFBS
LOC_Os01g07120,LOC_Os05g46220,"motif, motif_CE",merged
LOC_Os01g07120,LOC_Os04g48690,motif,merged
LOC_Os01g07120,LOC_Os12g21710,motif,merged
LOC_Os01g07120,LOC_Os07g23730,motif,merged
LOC_Os01g07120,LOC_Os02g47070,motif,merged
LOC_Os01g07120,LOC_Os03g46850,motif,merged
LOC_Os01g07120,LOC_Os03g19840,motif,merged
LOC_Os01g07120,LOC_Os01g55290,motif,merged
LOC_Os01g07120,LOC_Os07g32040,"motif, motif_CE",merged
LOC_Os01g07120,LOC_Os01g13420,motif,merged
LOC_Os01g07120,LOC_Os09g02630,motif,merged
LOC_Os01g07120,LOC_Os09g15750,motif,merged
LOC_Os01g07120,LOC_Os03g12620,motif,merged
LOC_Os01g07120,LOC_Os08g01210,motif,merged
LOC_Os01g07120,LOC_Os09g30030,motif,merged
LOC_Os01g07120,LOC_Os07g43360,motif,merged
LOC_Os01g07120,LOC_Os10g34700,motif,merged
LOC_Os01g07120,LOC_Os09g20650,motif,merged
LOC_Os01g07120,LOC_Os10g14194,motif,merged
LOC_Os01g07120,LOC_Os12g34920,motif,merged
LOC_Os01g07120,LOC_Os01g14960,motif_CE,motif_CE
LOC_Os01g07120,LOC_Os01g18270,FunTFBS,FunTFBS
LOC_Os01g07120,LOC_Os03g05590,motif,merged
LOC_Os01g07120,LOC_Os01g42909,motif,merged
LOC_Os01g07120,LOC_Os01g44380,motif,merged
LOC_Os01g07120,LOC_Os03g02120,motif,merged
LOC_Os01g07120,LOC_Os03g55600,motif,merged
LOC_Os01g07120,LOC_Os03g63910,"motif, motif_CE",merged
LOC_Os01g07120,LOC_Os07g15250,motif,merged
LOC_Os01g07120,LOC_Os03g53430,FunTFBS,FunTFBS
LOC_Os01g07120,LOC_Os10g26164,motif,merged
LOC_Os01g07120,LOC_Os12g32750,motif,merged
LOC_Os01g07120,LOC_Os02g47780,motif,merged
LOC_Os01g07120,LOC_Os12g38100,motif,merged
LOC_Os01g07120,LOC_Os03g17920,"motif, motif_CE",merged
LOC_Os01g07120,LOC_Os07g13600,motif,merged
LOC_Os01g07120,LOC_Os05g42170,motif,merged
LOC_Os01g07120,LOC_Os12g13780,motif,merged
LOC_Os01g07120,LOC_Os07g42450,motif_CE,motif_CE
LOC_Os01g07120,LOC_Os03g47584,motif,merged
LOC_Os01g07120,LOC_Os01g28980,motif_CE,motif_CE
LOC_Os01g07120,LOC_Os09g02430,"motif, motif_CE",merged
LOC_Os01g07120,LOC_Os11g22330,motif,merged
LOC_Os01g07120,LOC_Os07g27490,motif,merged
LOC_Os01g07120,LOC_Os02g34960,motif_CE,motif_CE
LOC_Os01g07120,LOC_Os11g20010,motif,merged
LOC_Os01g07120,LOC_Os09g09570,motif,merged
LOC_Os01g07120,LOC_Os06g11700,motif,merged
LOC_Os01g07120,LOC_Os12g37160,motif,merged
LOC_Os01g07120,LOC_Os03g53210,motif,merged
LOC_Os01g07120,LOC_Os12g36800,motif_CE,motif_CE
LOC_Os01g07120,LOC_Os02g36080,motif,merged
LOC_Os01g07120,LOC_Os11g04281,motif,merged
LOC_Os01g07120,LOC_Os08g01540,motif,merged
LOC_Os01g07120,LOC_Os01g58890,motif,merged
LOC_Os01g07120,LOC_Os03g03890,motif,merged
LOC_Os01g07120,LOC_Os01g55660,motif,merged
LOC_Os01g07120,LOC_Os07g19550,motif,merged
LOC_Os01g07120,LOC_Os09g07310,motif,merged
LOC_Os01g07120,LOC_Os07g09060,motif,merged
LOC_Os01g07120,LOC_Os07g18130,"FunTFBS, motif",merged
LOC_Os01g07120,LOC_Os11g38470,motif,merged
LOC_Os01g07120,LOC_Os04g11990,motif,merged
LOC_Os01g07120,LOC_Os12g39150,motif,merged
LOC_Os01g07120,LOC_Os02g17900,motif,merged
LOC_Os01g07120,LOC_Os06g13680,motif_CE,motif_CE
LOC_Os01g07120,LOC_Os02g57980,motif_CE,motif_CE
LOC_Os01g07120,LOC_Os05g32280,motif,merged
LOC_Os01g07120,LOC_Os07g42560,FunTFBS,FunTFBS
LOC_Os01g07120,LOC_Os09g19640,"FunTFBS, motif",merged
LOC_Os01g07120,LOC_Os02g53280,motif,merged
LOC_Os01g07120,LOC_Os07g31270,motif,merged
LOC_Os01g07120,LOC_Os10g31000,motif_CE,motif_CE
LOC_Os01g07120,LOC_Os06g31220,motif,merged
LOC_Os01g07120,LOC_Os12g09230,motif,merged
LOC_Os01g07120,LOC_Os09g36550,"FunTFBS, motif",merged
LOC_Os01g07120,LOC_Os04g41189,motif,merged
LOC_Os01g07120,LOC_Os10g13610,motif,merged
LOC_Os01g07120,LOC_Os06g44040,motif,merged
LOC_Os01g07120,LOC_Os12g23960,motif,merged
LOC_Os01g07120,LOC_Os09g36970,FunTFBS,FunTFBS
LOC_Os01g07120,LOC_Os06g15380,motif,merged
LOC_Os01g07120,LOC_Os11g24450,motif,merged
LOC_Os01g07120,LOC_Os05g51940,motif,merged
LOC_Os01g07120,LOC_Os12g18080,motif,merged
LOC_Os01g07120,LOC_Os03g52010,motif,merged
LOC_Os01g07120,LOC_Os11g03180,"FunTFBS, motif",merged
LOC_Os01g07120,LOC_Os03g54070,motif,merged
LOC_Os01g07120,LOC_Os07g37310,"motif, motif_CE",merged
LOC_Os01g07120,LOC_Os08g23370,motif,merged
LOC_Os01g07120,LOC_Os02g35650,"motif, motif_CE",merged
LOC_Os01g07120,LOC_Os01g42460,motif,merged
LOC_Os01g07120,LOC_Os02g34070,motif,merged
LOC_Os01g07120,LOC_Os01g62450,motif,merged
LOC_Os01g07120,LOC_Os03g53630,motif,merged
LOC_Os01g07120,LOC_Os02g26140,"FunTFBS, motif, motif_CE",merged
LOC_Os01g07120,LOC_Os05g03299,motif,merged
LOC_Os01g07120,LOC_Os06g19040,motif,merged
LOC_Os01g07120,LOC_Os01g36600,motif_CE,motif_CE
LOC_Os01g07120,LOC_Os06g01810,FunTFBS,FunTFBS
LOC_Os01g07120,LOC_Os07g08520,motif,merged
LOC_Os01g07120,LOC_Os06g15830,motif,merged
LOC_Os01g07120,LOC_Os03g53720,"FunTFBS, motif",merged
LOC_Os01g07120,LOC_Os05g37490,"FunTFBS, motif",merged
LOC_Os01g07120,LOC_Os07g22710,motif,merged
LOC_Os01g07120,LOC_Os09g30240,motif,merged
LOC_Os01g07120,LOC_Os03g41940,motif,merged
LOC_Os01g07120,LOC_Os12g29330,motif,merged
LOC_Os01g07120,LOC_Os11g08850,motif,merged
LOC_Os01g07120,LOC_Os01g19670,motif,merged
LOC_Os01g07120,LOC_Os03g21900,"motif, motif_CE",merged
LOC_Os01g07120,LOC_Os05g19880,motif,merged
LOC_Os01g07120,LOC_Os10g28750,motif,merged
LOC_Os01g07120,LOC_Os03g63700,motif_CE,motif_CE
LOC_Os01g07120,LOC_Os10g03300,motif,merged
LOC_Os01g07120,LOC_Os02g32280,motif,merged
LOC_Os01g07120,LOC_Os07g10540,"motif, motif_CE",merged
LOC_Os01g07120,LOC_Os01g35100,motif,merged
LOC_Os01g07120,LOC_Os01g53460,"motif, motif_CE",merged
LOC_Os01g07120,LOC_Os02g38430,motif,merged
LOC_Os01g07120,LOC_Os11g45250,motif_CE,motif_CE
LOC_Os01g07120,LOC_Os01g48280,"motif, motif_CE",merged
LOC_Os01g07120,LOC_Os06g08520,motif_CE,motif_CE
LOC_Os01g07120,LOC_Os02g05050,"motif, motif_CE",merged
LOC_Os01g07120,LOC_Os08g01270,motif,merged
LOC_Os01g07120,LOC_Os03g11160,motif,merged
LOC_Os01g07120,LOC_Os10g37650,motif,merged
LOC_Os01g07120,LOC_Os02g19300,motif,merged
LOC_Os01g07120,LOC_Os01g55799,motif_CE,motif_CE
LOC_Os01g07120,LOC_Os07g41260,"motif, motif_CE",merged
LOC_Os01g07120,LOC_Os01g59310,motif,merged
LOC_Os01g07120,LOC_Os04g51320,FunTFBS,FunTFBS
LOC_Os01g07120,LOC_Os08g26490,motif,merged
LOC_Os01g07120,LOC_Os05g02650,motif,merged
LOC_Os01g07120,LOC_Os04g44810,motif_CE,motif_CE
LOC_Os01g07120,LOC_Os02g04720,motif,merged
LOC_Os01g07120,LOC_Os02g20934,motif,merged
LOC_Os01g07120,LOC_Os02g04980,motif,merged
LOC_Os01g07120,LOC_Os05g02970,motif,merged
LOC_Os01g07120,LOC_Os03g25510,motif,merged
LOC_Os01g07120,LOC_Os06g19590,motif,merged
LOC_Os01g07120,LOC_Os07g12550,motif,merged
LOC_Os01g07120,LOC_Os06g03070,motif,merged
LOC_Os01g07120,LOC_Os01g51700,motif,merged
LOC_Os01g07120,LOC_Os04g57920,motif,merged
LOC_Os01g07120,LOC_Os08g37800,motif,merged
LOC_Os01g07120,LOC_Os10g36400,motif,merged
LOC_Os01g07120,LOC_Os05g04530,motif,merged
LOC_Os01g07120,LOC_Os08g20610,motif_CE,motif_CE
LOC_Os01g07120,LOC_Os08g33920,motif_CE,motif_CE
LOC_Os01g07120,LOC_Os01g05870,motif,merged
LOC_Os01g07120,LOC_Os08g28890,motif,merged
LOC_Os01g07120,LOC_Os01g26039,motif,merged
LOC_Os01g07120,LOC_Os12g40260,"motif, motif_CE",merged
LOC_Os01g07120,LOC_Os07g12980,motif,merged
LOC_Os01g07120,LOC_Os03g43470,motif,merged
LOC_Os01g07120,LOC_Os04g27820,motif,merged
LOC_Os01g07120,LOC_Os03g17084,"motif, motif_CE",merged
LOC_Os01g07120,LOC_Os09g09360,motif,merged
LOC_Os01g07120,LOC_Os01g14960,"motif, motif_CE",merged
LOC_Os01g07120,LOC_Os09g38680,motif,merged
LOC_Os01g07120,LOC_Os02g30550,motif_CE,motif_CE
LOC_Os01g07120,LOC_Os09g07990,motif,merged
LOC_Os01g07120,LOC_Os04g07850,motif,merged
LOC_Os01g07120,LOC_Os02g57500,motif_CE,motif_CE
LOC_Os01g07120,LOC_Os03g10530,motif,merged
LOC_Os01g07120,LOC_Os07g49460,motif,merged
LOC_Os01g07120,LOC_Os03g62750,motif,merged
LOC_Os01g07120,LOC_Os02g18720,motif,merged
LOC_Os01g07120,LOC_Os09g07154,motif,merged
LOC_Os01g07120,LOC_Os06g47960,motif,merged
LOC_Os01g07120,LOC_Os09g10390,motif,merged
LOC_Os01g07120,LOC_Os01g14170,motif,merged
LOC_Os01g07120,LOC_Os06g43250,"FunTFBS, motif",merged
LOC_Os01g07120,LOC_Os10g16560,motif,merged
LOC_Os01g07120,LOC_Os05g02410,motif_CE,motif_CE
LOC_Os01g07120,LOC_Os05g46040,FunTFBS,FunTFBS
LOC_Os01g07120,LOC_Os02g18190,motif,merged
LOC_Os01g07120,LOC_Os10g32060,motif,merged
LOC_Os01g07120,LOC_Os07g36290,FunTFBS,FunTFBS
LOC_Os01g07120,LOC_Os05g14300,motif,merged
LOC_Os01g07120,LOC_Os07g42450,"motif, motif_CE",merged
LOC_Os01g07120,LOC_Os07g38670,motif,merged
LOC_Os01g07120,LOC_Os12g33820,motif,merged
LOC_Os01g07120,LOC_Os10g11570,motif,merged
LOC_Os01g07120,LOC_Os10g17880,motif,merged
LOC_Os01g07120,LOC_Os01g10790,motif_CE,motif_CE
LOC_Os01g07120,LOC_Os03g59480,motif,merged
LOC_Os01g07120,LOC_Os07g24170,motif,merged
LOC_Os01g07120,LOC_Os10g33170,motif,merged
LOC_Os01g07120,LOC_Os01g36470,motif,merged
LOC_Os01g07120,LOC_Os01g21130,motif,merged
LOC_Os01g07120,LOC_Os09g16010,motif,merged
LOC_Os01g07120,LOC_Os11g23040,motif,merged
LOC_Os01g07120,LOC_Os12g36800,"motif, motif_CE",merged
LOC_Os01g07120,LOC_Os08g36360,motif,merged
LOC_Os01g07120,LOC_Os11g38150,motif_CE,motif_CE
LOC_Os01g07120,LOC_Os09g19950,motif,merged
LOC_Os01g07120,LOC_Os02g30440,motif,merged
LOC_Os01g07120,LOC_Os08g37750,motif,merged
LOC_Os01g07120,LOC_Os05g12580,motif,merged
LOC_Os01g07120,LOC_Os02g37856,motif,merged
LOC_Os01g07120,LOC_Os01g52851,motif,merged
LOC_Os01g07120,LOC_Os01g01110,motif,merged
LOC_Os01g07120,LOC_Os10g04570,motif_CE,motif_CE
LOC_Os01g07120,LOC_Os02g52440,motif,merged
LOC_Os01g07120,LOC_Os08g06240,motif_CE,motif_CE
LOC_Os01g07120,LOC_Os02g09770,motif,merged
LOC_Os01g07120,LOC_Os12g41000,motif,merged
LOC_Os01g07120,LOC_Os10g35000,motif,merged
LOC_Os01g07120,LOC_Os10g01800,motif,merged
LOC_Os01g07120,LOC_Os03g14770,"FunTFBS, motif",merged
LOC_Os01g07120,LOC_Os11g28990,motif,merged
LOC_Os01g07120,LOC_Os11g28250,motif,merged
LOC_Os01g07120,LOC_Os03g21660,motif,merged
LOC_Os01g07120,LOC_Os02g36530,motif_CE,motif_CE
LOC_Os01g07120,LOC_Os12g40920,motif,merged
LOC_Os01g07120,LOC_Os04g31670,motif,merged
LOC_Os01g07120,LOC_Os12g35980,motif,merged
LOC_Os01g07120,LOC_Os12g33580,motif_CE,motif_CE
LOC_Os01g07120,LOC_Os08g37050,motif,merged
LOC_Os01g07120,LOC_Os04g54830,motif,merged
LOC_Os01g07120,LOC_Os01g74500,"FunTFBS, motif",merged
LOC_Os01g07120,LOC_Os03g02420,"FunTFBS, motif",merged
LOC_Os01g07120,LOC_Os01g18060,"motif, motif_CE",merged
LOC_Os01g07120,LOC_Os03g12330,motif,merged
LOC_Os01g07120,LOC_Os01g34030,motif,merged
LOC_Os01g07120,LOC_Os11g29300,motif,merged
LOC_Os01g07120,LOC_Os09g27550,motif,merged
LOC_Os01g07120,LOC_Os10g34520,motif,merged
LOC_Os01g07120,LOC_Os04g41630,motif,merged
LOC_Os01g07120,LOC_Os08g14570,motif,merged
LOC_Os01g07120,LOC_Os12g31370,motif_CE,motif_CE
LOC_Os01g07120,LOC_Os01g28920,motif,merged
LOC_Os01g07120,LOC_Os01g39960,motif,merged
LOC_Os01g07120,LOC_Os04g19310,motif,merged
LOC_Os01g07120,LOC_Os02g55250,motif_CE,motif_CE
LOC_Os01g07120,LOC_Os05g30750,motif,merged
LOC_Os01g07120,LOC_Os07g07680,motif,merged
LOC_Os01g07120,LOC_Os09g26600,motif,merged
LOC_Os01g07120,LOC_Os12g30520,motif,merged
LOC_Os01g07120,LOC_Os12g33460,motif,merged
LOC_Os01g07120,LOC_Os08g35530,motif,merged
LOC_Os01g07120,LOC_Os05g33510,motif,merged
LOC_Os01g07120,LOC_Os06g48300,motif,merged
LOC_Os01g07120,LOC_Os06g08520,"motif, motif_CE",merged
LOC_Os01g07120,LOC_Os02g45240,motif,merged
LOC_Os01g07120,LOC_Os03g09830,FunTFBS,FunTFBS
LOC_Os01g07120,LOC_Os09g24670,motif_CE,motif_CE
LOC_Os01g07120,LOC_Os03g54190,"FunTFBS, motif",merged
LOC_Os01g07120,LOC_Os01g23790,motif,merged
LOC_Os01g07120,LOC_Os09g20530,motif_CE,motif_CE
LOC_Os01g07120,LOC_Os04g04750,motif,merged
LOC_Os01g07120,LOC_Os02g07490,motif,merged
LOC_Os01g07120,LOC_Os07g09590,motif_CE,motif_CE
LOC_Os01g07120,LOC_Os05g03060,FunTFBS,FunTFBS
LOC_Os01g07120,LOC_Os01g55799,"motif, motif_CE",merged
LOC_Os01g07120,LOC_Os11g13770,motif,merged
LOC_Os01g07120,LOC_Os11g04440,motif_CE,motif_CE
LOC_Os01g07120,LOC_Os04g35060,motif_CE,motif_CE
LOC_Os01g07120,LOC_Os11g40560,motif,merged
LOC_Os01g07120,LOC_Os01g36940,"motif, motif_CE",merged
LOC_Os01g07120,LOC_Os02g07240,"motif, motif_CE",merged
LOC_Os01g07120,LOC_Os04g16080,motif,merged
LOC_Os01g07120,LOC_Os01g73750,motif_CE,motif_CE
LOC_Os01g07120,LOC_Os03g07010,motif,merged
LOC_Os01g07120,LOC_Os03g11560,motif,merged
LOC_Os01g07120,LOC_Os05g46120,motif,merged
LOC_Os01g07120,LOC_Os06g29940,motif,merged
LOC_Os01g07120,LOC_Os12g29660,"FunTFBS, motif",merged
LOC_Os01g07120,LOC_Os04g12700,motif,merged
LOC_Os01g07120,LOC_Os02g38340,"motif, motif_CE",merged
LOC_Os01g07120,LOC_Os08g42820,motif,merged
LOC_Os01g07120,LOC_Os09g24730,motif,merged
LOC_Os01g07120,LOC_Os04g18930,motif,merged
LOC_Os01g07120,LOC_Os05g34070,"motif, motif_CE",merged
LOC_Os01g07120,LOC_Os04g49180,"motif, motif_CE",merged
LOC_Os01g07120,LOC_Os05g34220,motif_CE,motif_CE
LOC_Os01g07120,LOC_Os10g22080,motif,merged
LOC_Os01g07120,LOC_Os04g11720,motif,merged
LOC_Os01g07120,LOC_Os03g34040,"FunTFBS, motif",merged
LOC_Os01g07120,LOC_Os03g60400,motif_CE,motif_CE
LOC_Os01g07120,LOC_Os02g43600,"motif, motif_CE",merged
LOC_Os01g07120,LOC_Os06g07770,motif,merged
LOC_Os01g07120,LOC_Os03g01210,motif_CE,motif_CE
LOC_Os01g07120,LOC_Os08g20610,"motif, motif_CE",merged
LOC_Os01g07120,LOC_Os12g39650,motif_CE,motif_CE
LOC_Os01g07120,LOC_Os08g33920,"motif, motif_CE",merged
LOC_Os01g07120,LOC_Os02g11020,motif_CE,motif_CE
LOC_Os01g07120,LOC_Os08g37720,motif,merged
LOC_Os01g07120,LOC_Os02g10490,motif_CE,motif_CE
LOC_Os01g07120,LOC_Os01g73060,motif,merged
LOC_Os01g07120,LOC_Os02g34820,motif,merged
LOC_Os01g07120,LOC_Os05g12720,motif,merged
LOC_Os01g07120,LOC_Os06g08760,"motif, motif_CE",merged
LOC_Os01g07120,LOC_Os05g08150,motif,merged
LOC_Os01g07120,LOC_Os08g27940,"FunTFBS, motif",merged
LOC_Os01g07120,LOC_Os04g08110,motif,merged
LOC_Os01g07120,LOC_Os05g02630,motif,merged
LOC_Os01g07120,LOC_Os10g41220,motif,merged
LOC_Os01g07120,LOC_Os05g26150,motif,merged
LOC_Os01g07120,LOC_Os05g51490,motif,merged
LOC_Os01g07120,LOC_Os02g13740,motif,merged
LOC_Os01g07120,LOC_Os03g10230,FunTFBS,FunTFBS
LOC_Os01g07120,LOC_Os01g32710,"motif, motif_CE",merged
LOC_Os01g07120,LOC_Os12g04170,motif,merged
LOC_Os01g07120,LOC_Os01g59990,"FunTFBS, motif, motif_CE",merged
LOC_Os01g07120,LOC_Os11g46990,motif,merged
LOC_Os01g07120,LOC_Os01g52810,motif,merged
LOC_Os01g07120,LOC_Os04g55730,motif,merged
LOC_Os01g07120,LOC_Os01g64690,motif_CE,motif_CE
LOC_Os01g07120,LOC_Os11g08290,motif,merged
LOC_Os01g07120,LOC_Os10g27350,motif,merged
LOC_Os01g07120,LOC_Os10g21479,motif_CE,motif_CE
LOC_Os01g07120,LOC_Os04g55790,motif,merged
LOC_Os01g07120,LOC_Os04g37890,motif,merged
LOC_Os01g07120,LOC_Os01g15950,motif,merged
LOC_Os01g07120,LOC_Os02g14000,motif,merged
LOC_Os01g07120,LOC_Os10g30550,motif,merged
LOC_Os01g07120,LOC_Os06g08290,motif,merged
LOC_Os01g07120,LOC_Os03g45790,motif,merged
LOC_Os01g07120,LOC_Os01g09020,motif,merged
LOC_Os01g07120,LOC_Os09g20600,FunTFBS,FunTFBS
LOC_Os01g07120,LOC_Os06g46240,"motif, motif_CE",merged
LOC_Os01g07120,LOC_Os03g33920,motif,merged
LOC_Os01g07120,LOC_Os09g25970,motif,merged
LOC_Os01g07120,LOC_Os01g48150,motif,merged
LOC_Os01g07120,LOC_Os02g10150,"motif, motif_CE",merged
LOC_Os01g07120,LOC_Os10g07440,motif,merged
LOC_Os01g07120,LOC_Os06g43610,motif,merged
LOC_Os01g07120,LOC_Os07g10800,motif,merged
LOC_Os01g07120,LOC_Os02g42380,motif,merged
LOC_Os01g07120,LOC_Os04g14130,motif,merged
LOC_Os01g07120,LOC_Os03g50010,"FunTFBS, motif, motif_CE",merged
LOC_Os01g07120,LOC_Os05g30790,motif_CE,motif_CE
LOC_Os01g07120,LOC_Os07g16460,motif,merged
LOC_Os01g07120,LOC_Os05g15810,motif,merged
LOC_Os01g07120,LOC_Os08g41420,"FunTFBS, motif, motif_CE",merged
LOC_Os01g07120,LOC_Os05g41250,"motif, motif_CE",merged
LOC_Os01g07120,LOC_Os06g04190,motif_CE,motif_CE
LOC_Os01g07120,LOC_Os08g03760,"FunTFBS, motif",merged
LOC_Os01g07120,LOC_Os10g36190,motif,merged
LOC_Os01g07120,LOC_Os05g03210,motif,merged
LOC_Os01g07120,LOC_Os03g17280,motif,merged
LOC_Os01g07120,LOC_Os01g08970,motif,merged
LOC_Os01g07120,LOC_Os07g14840,motif,merged
LOC_Os01g07120,LOC_Os10g16930,motif,merged
LOC_Os01g07120,LOC_Os01g05860,"motif, motif_CE",merged
LOC_Os01g07120,LOC_Os05g23850,motif,merged
LOC_Os01g07120,LOC_Os06g46840,motif,merged
LOC_Os01g07120,LOC_Os03g19760,motif_CE,motif_CE
LOC_Os01g07120,LOC_Os03g61970,"FunTFBS, motif",merged
LOC_Os01g07120,LOC_Os04g05960,motif,merged
LOC_Os01g07120,LOC_Os02g36540,motif_CE,motif_CE
LOC_Os01g07120,LOC_Os02g36530,"motif, motif_CE",merged
LOC_Os01g07120,LOC_Os03g53880,"motif, motif_CE",merged
LOC_Os01g07120,LOC_Os12g31820,motif,merged
LOC_Os01g07120,LOC_Os06g41830,motif,merged
LOC_Os01g07120,LOC_Os04g47940,motif,merged
LOC_Os01g07120,LOC_Os04g03430,motif,merged
LOC_Os01g07120,ChrSy.fgenesh.gene.49,motif,merged
LOC_Os01g07120,LOC_Os03g15560,motif_CE,motif_CE
LOC_Os01g07120,LOC_Os06g43875,motif,merged
LOC_Os01g07120,LOC_Os10g25260,"FunTFBS, motif, motif_CE",merged
LOC_Os01g07120,LOC_Os07g38310,motif,merged
LOC_Os01g07120,LOC_Os10g29240,motif,merged
LOC_Os01g07120,LOC_Os08g44015,FunTFBS,FunTFBS
LOC_Os01g07120,LOC_Os06g19700,motif,merged
LOC_Os01g07120,LOC_Os09g20790,motif,merged
LOC_Os01g07120,LOC_Os08g19110,motif_CE,motif_CE
LOC_Os01g07120,LOC_Os01g23520,motif,merged
LOC_Os01g07120,LOC_Os02g31150,motif,merged
LOC_Os01g07120,LOC_Os04g50800,motif,merged
LOC_Os01g07120,LOC_Os01g41500,FunTFBS,FunTFBS
LOC_Os01g07120,LOC_Os10g36470,motif,merged
LOC_Os01g07120,LOC_Os09g03110,motif,merged
LOC_Os01g07120,LOC_Os02g58590,"motif, motif_CE",merged
LOC_Os01g07120,LOC_Os02g55250,"motif, motif_CE",merged
LOC_Os01g07120,LOC_Os03g57000,motif,merged
LOC_Os01g07120,LOC_Os07g26960,motif,merged
LOC_Os01g07120,LOC_Os04g33310,motif,merged
LOC_Os01g07120,LOC_Os06g05190,"FunTFBS, motif",merged
LOC_Os01g07120,LOC_Os07g11020,"FunTFBS, motif, motif_CE",merged
LOC_Os01g07120,LOC_Os08g08080,motif,merged
LOC_Os01g07120,LOC_Os10g36130,motif,merged
LOC_Os01g07120,LOC_Os07g09200,"FunTFBS, motif",merged
LOC_Os01g07120,LOC_Os04g04330,motif_CE,motif_CE
LOC_Os01g07120,LOC_Os02g13590,motif,merged
LOC_Os01g07120,LOC_Os09g20530,"motif, motif_CE",merged
LOC_Os01g07120,LOC_Os08g14020,motif,merged
LOC_Os01g07120,LOC_Os05g21160,motif,merged
LOC_Os01g07120,LOC_Os08g13580,motif,merged
LOC_Os01g07120,LOC_Os08g07040,motif,merged
LOC_Os01g07120,LOC_Os09g07570,motif,merged
LOC_Os01g07120,LOC_Os11g04060,motif_CE,motif_CE
LOC_Os01g07120,LOC_Os03g33150,motif,merged
LOC_Os01g07120,LOC_Os10g40450,motif,merged
LOC_Os01g07120,LOC_Os11g17060,motif,merged
LOC_Os01g07120,LOC_Os02g04210,motif,merged
LOC_Os01g07120,LOC_Os04g34410,motif,merged
LOC_Os01g07120,LOC_Os05g46550,FunTFBS,FunTFBS
LOC_Os01g07120,LOC_Os01g54030,motif,merged
LOC_Os01g07120,LOC_Os07g39850,motif_CE,motif_CE
LOC_Os01g07120,LOC_Os09g15830,motif_CE,motif_CE
LOC_Os01g07120,LOC_Os11g29880,motif,merged
LOC_Os01g07120,LOC_Os09g25540,motif_CE,motif_CE
LOC_Os01g07120,LOC_Os01g47890,motif,merged
LOC_Os01g07120,LOC_Os08g15340,motif,merged
LOC_Os01g07120,LOC_Os06g24560,motif,merged
LOC_Os01g07120,LOC_Os08g31450,motif,merged
LOC_Os01g07120,LOC_Os08g14720,motif,merged
LOC_Os01g07120,LOC_Os10g39880,motif,merged
LOC_Os01g07120,LOC_Os05g34220,"motif, motif_CE",merged
LOC_Os01g07120,LOC_Os04g30910,motif_CE,motif_CE
LOC_Os01g07120,LOC_Os05g10260,motif,merged
LOC_Os01g07120,LOC_Os08g33740,motif_CE,motif_CE
LOC_Os01g07120,LOC_Os11g12110,motif,merged
LOC_Os01g07120,LOC_Os08g03390,"motif, motif_CE",merged
LOC_Os01g07120,LOC_Os11g44790,motif,merged
LOC_Os01g07120,LOC_Os12g35390,FunTFBS,FunTFBS
LOC_Os01g07120,LOC_Os10g33070,motif,merged
LOC_Os01g07120,LOC_Os08g17480,motif,merged
LOC_Os01g07120,LOC_Os02g30020,motif,merged
LOC_Os01g07120,LOC_Os01g61335,"FunTFBS, motif",merged
LOC_Os01g07120,LOC_Os01g66320,motif,merged
LOC_Os01g07120,LOC_Os03g02410,"motif, motif_CE",merged
LOC_Os01g07120,LOC_Os05g12790,motif,merged
LOC_Os01g07120,LOC_Os08g26740,motif,merged
LOC_Os01g07120,LOC_Os07g38900,"motif, motif_CE",merged
LOC_Os01g07120,LOC_Os07g36370,motif,merged
LOC_Os01g07120,LOC_Os01g24480,motif,merged
LOC_Os01g07120,LOC_Os02g17250,motif,merged
LOC_Os01g07120,LOC_Os02g58210,motif,merged
LOC_Os01g07120,LOC_Os01g05500,motif,merged
LOC_Os01g07120,LOC_Os05g05320,motif_CE,motif_CE
LOC_Os01g07120,LOC_Os10g17120,motif,merged
LOC_Os01g07120,LOC_Os03g13310,"motif, motif_CE",merged
LOC_Os01g07120,LOC_Os05g03160,motif_CE,motif_CE
LOC_Os01g07120,LOC_Os09g05070,motif,merged
LOC_Os01g07120,LOC_Os07g10340,motif,merged
LOC_Os01g07120,LOC_Os10g27190,motif_CE,motif_CE
LOC_Os01g07120,LOC_Os12g33030,motif,merged
LOC_Os01g07120,LOC_Os03g14610,"motif, motif_CE",merged
LOC_Os01g07120,LOC_Os05g30130,motif,merged
LOC_Os01g07120,LOC_Os02g14990,motif,merged
LOC_Os01g07120,LOC_Os07g05940,motif,merged
LOC_Os01g07120,LOC_Os12g05370,"FunTFBS, motif, motif_CE",merged
LOC_Os01g07120,LOC_Os04g44710,"motif, motif_CE",merged
LOC_Os01g07120,LOC_Os01g02139,motif,merged
LOC_Os01g07120,LOC_Os08g31460,motif,merged
LOC_Os01g07120,LOC_Os09g10670,"motif, motif_CE",merged
LOC_Os01g07120,LOC_Os02g04730,motif,merged
LOC_Os01g07120,LOC_Os10g17110,motif,merged
LOC_Os01g07120,LOC_Os06g47834,FunTFBS,FunTFBS
LOC_Os01g07120,LOC_Os06g50910,motif_CE,motif_CE
LOC_Os01g07120,LOC_Os03g17270,motif,merged
LOC_Os01g07120,LOC_Os05g28280,motif_CE,motif_CE
LOC_Os01g07120,LOC_Os07g43750,motif,merged
LOC_Os01g07120,LOC_Os09g36310,motif_CE,motif_CE
LOC_Os01g07120,LOC_Os03g41624,FunTFBS,FunTFBS
LOC_Os01g07120,LOC_Os10g36810,motif,merged
LOC_Os01g07120,LOC_Os09g02230,motif,merged
LOC_Os01g07120,LOC_Os04g42090,motif,merged
LOC_Os01g07120,LOC_Os01g72720,motif,merged
LOC_Os01g07120,LOC_Os01g19160,motif,merged
LOC_Os01g07120,LOC_Os01g68450,FunTFBS,FunTFBS
LOC_Os01g07120,LOC_Os04g40130,FunTFBS,FunTFBS
LOC_Os01g07120,LOC_Os03g55540,motif,merged
LOC_Os01g07120,LOC_Os07g35030,motif,merged
LOC_Os01g07120,LOC_Os02g51840,motif_CE,motif_CE
LOC_Os01g07120,LOC_Os06g04830,"FunTFBS, motif",merged
LOC_Os01g07120,LOC_Os10g04570,"motif, motif_CE",merged
LOC_Os01g07120,LOC_Os06g11900,motif,merged
LOC_Os01g07120,LOC_Os08g06240,"motif, motif_CE",merged
LOC_Os01g07120,LOC_Os01g59770,motif,merged
LOC_Os01g07120,LOC_Os01g12060,motif,merged
LOC_Os01g07120,LOC_Os08g05490,motif,merged
LOC_Os01g07120,LOC_Os02g52305,motif_CE,motif_CE
LOC_Os01g07120,LOC_Os05g16230,motif,merged
LOC_Os01g07120,LOC_Os08g16570,motif_CE,motif_CE
LOC_Os01g07120,LOC_Os06g05240,motif_CE,motif_CE
LOC_Os01g07120,LOC_Os08g38500,motif,merged
LOC_Os01g07120,LOC_Os04g58550,motif,merged
LOC_Os01g07120,LOC_Os07g11030,motif,merged
LOC_Os01g07120,LOC_Os04g14370,"motif, motif_CE",merged
LOC_Os01g07120,LOC_Os05g46130,motif,merged
LOC_Os01g07120,LOC_Os05g05500,"motif, motif_CE",merged
LOC_Os01g07120,LOC_Os01g67500,FunTFBS,FunTFBS
LOC_Os01g07120,LOC_Os08g19110,"motif, motif_CE",merged
LOC_Os01g07120,LOC_Os03g51680,motif,merged
LOC_Os01g07120,LOC_Os01g73550,motif,merged
LOC_Os01g07120,LOC_Os01g27530,motif_CE,motif_CE
LOC_Os01g07120,LOC_Os01g16414,motif,merged
LOC_Os01g07120,LOC_Os03g41419,motif,merged
LOC_Os01g07120,LOC_Os01g49490,motif_CE,motif_CE
LOC_Os01g07120,LOC_Os09g21720,motif,merged
LOC_Os01g07120,LOC_Os10g30750,motif,merged
LOC_Os01g07120,LOC_Os10g33460,motif,merged
LOC_Os01g07120,LOC_Os03g26500,motif,merged
LOC_Os01g07120,LOC_Os07g06315,FunTFBS,FunTFBS
LOC_Os01g07120,LOC_Os03g54880,motif_CE,motif_CE
LOC_Os01g07120,LOC_Os10g18660,motif,merged
LOC_Os01g07120,LOC_Os11g40520,motif,merged
LOC_Os01g07120,LOC_Os06g35230,motif,merged
LOC_Os01g07120,LOC_Os07g09620,motif_CE,motif_CE
LOC_Os01g07120,LOC_Os12g39670,motif,merged
LOC_Os01g07120,LOC_Os12g29430,motif,merged
LOC_Os01g07120,LOC_Os10g37990,motif,merged
LOC_Os01g07120,LOC_Os03g36580,motif,merged
LOC_Os01g07120,LOC_Os03g24310,motif,merged
LOC_Os01g07120,LOC_Os02g58330,motif,merged
LOC_Os01g07120,LOC_Os08g12600,motif,merged
LOC_Os01g07120,LOC_Os03g32119,motif,merged
LOC_Os01g07120,LOC_Os01g16640,motif_CE,motif_CE
LOC_Os01g07120,LOC_Os06g24620,motif,merged
LOC_Os01g07120,LOC_Os11g46110,motif,merged
LOC_Os01g07120,LOC_Os09g24670,"motif, motif_CE",merged
LOC_Os01g07120,LOC_Os11g04060,"motif, motif_CE",merged
LOC_Os01g07120,LOC_Os01g54610,FunTFBS,FunTFBS
LOC_Os01g07120,LOC_Os09g10910,motif,merged
LOC_Os01g07120,LOC_Os06g01780,motif_CE,motif_CE
LOC_Os01g07120,LOC_Os07g29224,motif,merged
LOC_Os01g07120,LOC_Os07g44630,FunTFBS,FunTFBS
LOC_Os01g07120,LOC_Os01g42630,"FunTFBS, motif",merged
LOC_Os01g07120,LOC_Os09g12600,"motif, motif_CE",merged
LOC_Os01g07120,LOC_Os02g56740,motif_CE,motif_CE
LOC_Os01g07120,LOC_Os07g30240,motif,merged
LOC_Os01g07120,LOC_Os04g35060,"motif, motif_CE",merged
LOC_Os01g07120,LOC_Os11g31850,motif,merged
LOC_Os01g07120,LOC_Os12g25190,FunTFBS,FunTFBS
LOC_Os01g07120,LOC_Os01g70090,motif,merged
LOC_Os01g07120,LOC_Os09g15830,"motif, motif_CE",merged
LOC_Os01g07120,LOC_Os09g25540,"motif, motif_CE",merged
LOC_Os01g07120,LOC_Os01g45040,motif,merged
LOC_Os01g07120,LOC_Os01g73750,"motif, motif_CE",merged
LOC_Os01g07120,LOC_Os01g58470,motif_CE,motif_CE
LOC_Os01g07120,LOC_Os12g08140,motif,merged
LOC_Os01g07120,LOC_Os02g57010,motif,merged
LOC_Os01g07120,LOC_Os11g04954,motif,merged
LOC_Os01g07120,LOC_Os02g08030,motif,merged
LOC_Os01g07120,LOC_Os06g35310,motif,merged
LOC_Os01g07120,LOC_Os04g30910,"motif, motif_CE",merged
LOC_Os01g07120,LOC_Os06g11190,motif,merged
LOC_Os01g07120,LOC_Os06g14390,motif,merged
LOC_Os01g07120,LOC_Os04g56760,motif,merged
LOC_Os01g07120,LOC_Os01g10310,motif,merged
LOC_Os01g07120,LOC_Os08g33740,"motif, motif_CE",merged
LOC_Os01g07120,LOC_Os08g09400,motif,merged
LOC_Os01g07120,LOC_Os11g02480,motif,merged
LOC_Os01g07120,LOC_Os05g03230,motif,merged
LOC_Os01g07120,LOC_Os01g02860,motif_CE,motif_CE
LOC_Os01g07120,LOC_Os06g11180,"motif, motif_CE",merged
LOC_Os01g07120,LOC_Os11g11400,motif,merged
LOC_Os01g07120,LOC_Os06g08300,motif,merged
LOC_Os01g07120,LOC_Os10g06200,motif,merged
LOC_Os01g07120,LOC_Os02g11020,"motif, motif_CE",merged
LOC_Os01g07120,LOC_Os01g64920,"FunTFBS, motif, motif_CE",merged
LOC_Os01g07120,LOC_Os11g45924,motif,merged
LOC_Os01g07120,LOC_Os07g44190,motif_CE,motif_CE
LOC_Os01g07120,LOC_Os01g65150,motif,merged
LOC_Os01g07120,LOC_Os04g26360,motif,merged
LOC_Os01g07120,LOC_Os09g33992,motif,merged
LOC_Os01g07120,LOC_Os03g47480,motif,merged
LOC_Os01g07120,LOC_Os11g04810,motif,merged
LOC_Os01g07120,LOC_Os06g19460,motif_CE,motif_CE
LOC_Os01g07120,LOC_Os05g14520,motif,merged
LOC_Os01g07120,LOC_Os07g43230,motif,merged
LOC_Os01g07120,LOC_Os08g21350,motif,merged
LOC_Os01g07120,LOC_Os05g24680,motif,merged
LOC_Os01g07120,LOC_Os06g15280,motif,merged
LOC_Os01g07120,LOC_Os01g59150,motif_CE,motif_CE
LOC_Os01g07120,LOC_Os02g01930,"motif, motif_CE",merged
LOC_Os01g07120,LOC_Os10g21479,"motif, motif_CE",merged
LOC_Os01g07120,LOC_Os04g56646,FunTFBS,FunTFBS
LOC_Os01g07120,LOC_Os11g41230,motif,merged
LOC_Os01g07120,LOC_Os05g43970,motif,merged
LOC_Os01g07120,LOC_Os03g52780,FunTFBS,FunTFBS
LOC_Os01g07120,LOC_Os02g50810,motif,merged
LOC_Os01g07120,LOC_Os06g15480,motif,merged
LOC_Os01g07120,LOC_Os12g11730,motif,merged
LOC_Os01g07120,LOC_Os01g03900,"FunTFBS, motif",merged
LOC_Os01g07120,LOC_Os09g17760,motif,merged
LOC_Os01g07120,LOC_Os07g46580,FunTFBS,FunTFBS
LOC_Os01g07120,LOC_Os03g41600,motif,merged
LOC_Os01g07120,LOC_Os01g13890,motif,merged
LOC_Os01g07120,LOC_Os04g33130,motif,merged
LOC_Os01g07120,LOC_Os01g41280,motif,merged
LOC_Os01g07120,LOC_Os02g54920,motif,merged
LOC_Os01g07120,LOC_Os08g14700,motif,merged
LOC_Os01g07120,LOC_Os06g50910,"motif, motif_CE",merged
LOC_Os01g07120,LOC_Os04g13550,motif,merged
LOC_Os01g07120,LOC_Os05g48890,motif,merged
LOC_Os01g07120,LOC_Os10g15240,motif,merged
LOC_Os01g07120,LOC_Os08g14790,motif,merged
LOC_Os01g07120,LOC_Os06g23260,motif,merged
LOC_Os01g07120,LOC_Os05g33440,motif,merged
LOC_Os01g07120,LOC_Os05g28280,"motif, motif_CE",merged
LOC_Os01g07120,LOC_Os11g26910,motif,merged
LOC_Os01g07120,LOC_Os09g35940,motif,merged
LOC_Os01g07120,LOC_Os07g39470,motif,merged
LOC_Os01g07120,LOC_Os06g48040,FunTFBS,FunTFBS
LOC_Os01g07120,LOC_Os04g18030,motif,merged
LOC_Os01g07120,LOC_Os03g15470,motif,merged
LOC_Os01g07120,LOC_Os08g16930,motif,merged
LOC_Os01g07120,LOC_Os02g12460,motif,merged
LOC_Os01g07120,LOC_Os05g39160,motif,merged
LOC_Os01g07120,LOC_Os03g16824,motif,merged
LOC_Os01g07120,LOC_Os10g26650,motif_CE,motif_CE
LOC_Os01g07120,LOC_Os08g36270,motif,merged
LOC_Os01g07120,LOC_Os10g02020,motif,merged
LOC_Os01g07120,LOC_Os09g36100,motif_CE,motif_CE
LOC_Os01g07120,LOC_Os01g06000,motif_CE,motif_CE
LOC_Os01g07120,LOC_Os03g13960,FunTFBS,FunTFBS
LOC_Os01g07120,LOC_Os03g19760,"motif, motif_CE",merged
LOC_Os01g07120,LOC_Os06g38130,motif,merged
LOC_Os01g07120,LOC_Os12g40440,motif,merged
LOC_Os01g07120,LOC_Os07g05620,motif,merged
LOC_Os01g07120,LOC_Os07g33040,motif,merged
LOC_Os01g07120,LOC_Os03g60360,"motif, motif_CE",merged
LOC_Os01g07120,LOC_Os02g15370,FunTFBS,FunTFBS
LOC_Os01g07120,LOC_Os01g57910,"motif, motif_CE",merged
LOC_Os01g07120,LOC_Os06g05240,"motif, motif_CE",merged
LOC_Os01g07120,LOC_Os01g32940,motif,merged
LOC_Os01g07120,LOC_Os01g42470,"motif, motif_CE",merged
LOC_Os01g07120,LOC_Os06g15980,motif,merged
LOC_Os01g07120,LOC_Os12g18100,motif,merged
LOC_Os01g07120,LOC_Os05g28450,motif,merged
LOC_Os01g07120,LOC_Os11g24340,motif,merged
LOC_Os01g07120,LOC_Os02g32760,motif,merged
LOC_Os01g07120,LOC_Os06g43790,"motif, motif_CE",merged
LOC_Os01g07120,LOC_Os09g14170,motif,merged
LOC_Os01g07120,LOC_Os07g29280,motif,merged
LOC_Os01g07120,LOC_Os08g14490,"motif, motif_CE",merged
LOC_Os01g07120,LOC_Os06g04600,motif_CE,motif_CE
LOC_Os01g07120,LOC_Os01g49490,"motif, motif_CE",merged
LOC_Os01g07120,LOC_Os03g56960,motif,merged
LOC_Os01g07120,LOC_Os12g40910,motif,merged
LOC_Os01g07120,LOC_Os12g11650,motif,merged
LOC_Os01g07120,LOC_Os12g07680,"FunTFBS, motif",merged
LOC_Os01g07120,LOC_Os08g28870,motif,merged
LOC_Os01g07120,LOC_Os08g13060,FunTFBS,FunTFBS
LOC_Os01g07120,LOC_Os12g07810,motif_CE,motif_CE
LOC_Os01g07120,LOC_Os03g02500,motif,merged
LOC_Os01g07120,LOC_Os09g11800,FunTFBS,FunTFBS
LOC_Os01g07120,LOC_Os10g08970,motif,merged
LOC_Os01g07120,LOC_Os03g06780,motif,merged
LOC_Os01g07120,LOC_Os06g41520,motif,merged
LOC_Os01g07120,LOC_Os07g06500,motif,merged
LOC_Os01g07120,LOC_Os05g09290,motif,merged
LOC_Os01g07120,LOC_Os05g43650,motif_CE,motif_CE
LOC_Os01g07120,LOC_Os01g74280,motif,merged
LOC_Os01g07120,LOC_Os12g23260,FunTFBS,FunTFBS
LOC_Os01g07120,LOC_Os09g26580,"motif, motif_CE",merged
LOC_Os01g07120,LOC_Os01g16640,"motif, motif_CE",merged
LOC_Os01g07120,LOC_Os09g09590,motif,merged
LOC_Os01g07120,LOC_Os01g04750,motif,merged
LOC_Os01g07120,LOC_Os12g31260,motif,merged
LOC_Os01g07120,LOC_Os06g01780,"motif, motif_CE",merged
LOC_Os01g07120,LOC_Os10g33862,motif,merged
LOC_Os01g07120,LOC_Os10g21540,motif,merged
LOC_Os01g07120,LOC_Os09g11410,motif,merged
LOC_Os01g07120,LOC_Os11g08780,motif,merged
LOC_Os01g07120,LOC_Os02g04260,motif_CE,motif_CE
LOC_Os01g07120,LOC_Os03g53240,motif,merged
LOC_Os01g07120,LOC_Os12g32170,motif,merged
LOC_Os01g07120,LOC_Os05g12260,"motif, motif_CE",merged
LOC_Os01g07120,LOC_Os04g39360,motif,merged
LOC_Os01g07120,LOC_Os02g12670,motif,merged
LOC_Os01g07120,LOC_Os04g01439,motif,merged
LOC_Os01g07120,LOC_Os02g07920,motif,merged
LOC_Os01g07120,LOC_Os01g10640,motif,merged
LOC_Os01g07120,LOC_Os03g48280,motif,merged
LOC_Os01g07120,LOC_Os06g28690,motif,merged
LOC_Os01g07120,LOC_Os08g29150,motif_CE,motif_CE
LOC_Os01g07120,LOC_Os11g47370,motif,merged
LOC_Os01g07120,LOC_Os11g04295,motif,merged
LOC_Os01g07120,LOC_Os12g29670,"FunTFBS, motif, motif_CE",merged
LOC_Os01g07120,LOC_Os03g37140,motif,merged
LOC_Os01g07120,LOC_Os03g08834,motif,merged
LOC_Os01g07120,LOC_Os01g02860,"motif, motif_CE",merged
LOC_Os01g07120,LOC_Os12g01150,motif,merged
LOC_Os01g07120,LOC_Os04g57750,"FunTFBS, motif",merged
LOC_Os01g07120,LOC_Os01g04320,motif_CE,motif_CE
LOC_Os01g07120,LOC_Os02g21490,motif,merged
LOC_Os01g07120,LOC_Os06g34930,motif,merged
LOC_Os01g07120,LOC_Os02g19850,"motif, motif_CE",merged
LOC_Os01g07120,LOC_Os03g01180,motif_CE,motif_CE
LOC_Os01g07120,LOC_Os04g56020,"FunTFBS, motif",merged
LOC_Os01g07120,LOC_Os03g17560,motif_CE,motif_CE
LOC_Os01g07120,LOC_Os01g20190,FunTFBS,FunTFBS
LOC_Os01g07120,LOC_Os04g15780,"FunTFBS, motif",merged
LOC_Os01g07120,LOC_Os09g10360,motif,merged
LOC_Os01g07120,LOC_Os09g24170,motif,merged
LOC_Os01g07120,LOC_Os07g16960,motif,merged
LOC_Os01g07120,LOC_Os07g42170,motif_CE,motif_CE
LOC_Os01g07120,LOC_Os01g54300,"motif, motif_CE",merged
LOC_Os01g07120,LOC_Os04g29130,motif,merged
LOC_Os01g07120,LOC_Os10g27340,motif,merged
LOC_Os01g07120,LOC_Os06g16150,motif,merged
LOC_Os01g07120,LOC_Os02g35060,"motif, motif_CE",merged
LOC_Os01g07120,LOC_Os08g13230,motif,merged
LOC_Os01g07120,LOC_Os09g15800,motif,merged
LOC_Os01g07120,LOC_Os02g21830,motif,merged
LOC_Os01g07120,LOC_Os04g45060,motif,merged
LOC_Os01g07120,LOC_Os05g43520,motif,merged
LOC_Os01g07120,LOC_Os05g01470,motif,merged
LOC_Os01g07120,LOC_Os07g38660,motif,merged
LOC_Os01g07120,LOC_Os04g22800,motif,merged
LOC_Os01g07120,LOC_Os05g34060,motif,merged
LOC_Os01g07120,LOC_Os04g42230,motif,merged
LOC_Os01g07120,LOC_Os03g22220,motif,merged
LOC_Os01g07120,LOC_Os10g17180,motif,merged
LOC_Os01g07120,LOC_Os03g54030,"motif, motif_CE",merged
LOC_Os01g07120,LOC_Os09g01410,motif,merged
LOC_Os01g07120,LOC_Os03g59264,motif_CE,motif_CE
LOC_Os01g07120,LOC_Os02g22560,motif,merged
LOC_Os01g07120,LOC_Os04g54660,motif,merged
LOC_Os01g07120,LOC_Os06g08500,motif_CE,motif_CE
LOC_Os01g07120,LOC_Os03g29260,motif,merged
LOC_Os01g07120,LOC_Os12g07120,motif,merged
LOC_Os01g07120,LOC_Os06g39000,"FunTFBS, motif",merged
LOC_Os01g07120,LOC_Os08g36350,motif,merged
LOC_Os01g07120,LOC_Os07g24610,motif,merged
LOC_Os01g07120,LOC_Os08g39510,motif_CE,motif_CE
LOC_Os01g07120,LOC_Os01g27050,"motif, motif_CE",merged
LOC_Os01g07120,LOC_Os02g49960,"motif, motif_CE",merged
LOC_Os01g07120,LOC_Os01g31310,motif,merged
LOC_Os01g07120,LOC_Os05g46210,motif,merged
LOC_Os01g07120,LOC_Os05g04870,motif,merged
LOC_Os01g07120,LOC_Os05g06550,motif,merged
LOC_Os01g07120,LOC_Os12g40710,motif,merged
LOC_Os01g07120,LOC_Os04g37460,motif,merged
LOC_Os01g07120,LOC_Os02g47930,"FunTFBS, motif",merged
LOC_Os01g07120,LOC_Os06g04960,motif,merged
LOC_Os01g07120,LOC_Os01g67180,motif,merged
LOC_Os01g07120,LOC_Os03g46530,"motif, motif_CE",merged
LOC_Os01g07120,LOC_Os07g37480,motif,merged
LOC_Os01g07120,LOC_Os10g03120,motif,merged
LOC_Os01g07120,LOC_Os02g27300,motif,merged
LOC_Os01g07120,LOC_Os06g05960,motif,merged
LOC_Os01g07120,LOC_Os12g11160,motif,merged
LOC_Os01g07120,LOC_Os05g10880,motif,merged
LOC_Os01g07120,LOC_Os02g19040,"FunTFBS, motif",merged
LOC_Os01g07120,LOC_Os04g39660,motif_CE,motif_CE
LOC_Os01g07120,LOC_Os03g30440,motif,merged
LOC_Os01g07120,LOC_Os10g18700,motif,merged
LOC_Os01g07120,LOC_Os04g35020,motif,merged
LOC_Os01g07120,LOC_Os06g03810,motif,merged
LOC_Os01g07120,LOC_Os12g42530,motif,merged
LOC_Os01g07120,LOC_Os11g37990,motif_CE,motif_CE
LOC_Os01g07120,LOC_Os01g16840,motif,merged
LOC_Os01g07120,LOC_Os09g33540,"FunTFBS, motif",merged
LOC_Os01g07120,LOC_Os02g32730,motif,merged
LOC_Os01g07120,LOC_Os07g41370,motif,merged
LOC_Os01g07120,LOC_Os04g45240,motif,merged
LOC_Os01g07120,LOC_Os03g05130,motif,merged
LOC_Os01g07120,LOC_Os04g27800,motif,merged
LOC_Os01g07120,LOC_Os08g20492,motif,merged
LOC_Os01g07120,LOC_Os03g25820,motif_CE,motif_CE
LOC_Os01g07120,LOC_Os08g17080,motif,merged
LOC_Os01g07120,LOC_Os04g58000,motif,merged
LOC_Os01g07120,LOC_Os10g32820,motif_CE,motif_CE
LOC_Os01g07120,LOC_Os08g22510,motif,merged
LOC_Os01g07120,LOC_Os08g15560,motif,merged
LOC_Os01g07120,LOC_Os11g22280,motif,merged
LOC_Os01g07120,LOC_Os10g29690,motif,merged
LOC_Os01g07120,LOC_Os10g39670,motif,merged
LOC_Os01g07120,LOC_Os06g23460,motif,merged
LOC_Os01g07120,LOC_Os01g32259,motif,merged
LOC_Os01g07120,LOC_Os08g31510,FunTFBS,FunTFBS
LOC_Os01g07120,LOC_Os12g43820,motif,merged
LOC_Os01g07120,LOC_Os02g02180,motif,merged
LOC_Os01g07120,LOC_Os10g42980,motif,merged
LOC_Os01g07120,LOC_Os07g39660,FunTFBS,FunTFBS
LOC_Os01g07120,LOC_Os03g04270,motif,merged
LOC_Os01g07120,LOC_Os06g17930,motif,merged
LOC_Os01g07120,LOC_Os02g07810,motif,merged
LOC_Os01g07120,LOC_Os11g07410,motif,merged
LOC_Os01g07120,LOC_Os02g27920,motif,merged
LOC_Os01g07120,LOC_Os01g48590,motif,merged
LOC_Os01g07120,LOC_Os03g54860,FunTFBS,FunTFBS
LOC_Os01g07120,LOC_Os07g28940,FunTFBS,FunTFBS
LOC_Os01g07120,LOC_Os01g11350,motif,merged
LOC_Os01g07120,LOC_Os05g30010,motif_CE,motif_CE
LOC_Os01g07120,LOC_Os05g49620,motif,merged
LOC_Os01g07120,LOC_Os08g41300,motif,merged
LOC_Os01g07120,LOC_Os07g32830,motif,merged
LOC_Os01g07120,LOC_Os09g08820,motif,merged
LOC_Os01g07120,LOC_Os08g43060,motif,merged
LOC_Os01g07120,LOC_Os03g17820,motif,merged
LOC_Os01g07120,LOC_Os08g06040,motif_CE,motif_CE
LOC_Os01g07120,LOC_Os08g43590,motif,merged
LOC_Os01g07120,LOC_Os02g56690,motif_CE,motif_CE
LOC_Os01g07120,LOC_Os02g20880,FunTFBS,FunTFBS
LOC_Os01g07120,LOC_Os11g11340,"motif, motif_CE",merged
LOC_Os01g07120,LOC_Os02g36580,motif,merged
LOC_Os01g07120,LOC_Os01g04320,"motif, motif_CE",merged
LOC_Os01g07120,LOC_Os04g11470,"FunTFBS, motif",merged
LOC_Os01g07120,LOC_Os01g47970,motif,merged
LOC_Os01g07120,LOC_Os01g18530,motif,merged
LOC_Os01g07120,LOC_Os03g01180,"motif, motif_CE",merged
LOC_Os01g07120,LOC_Os09g34130,"FunTFBS, motif, motif_CE",merged
LOC_Os01g07120,LOC_Os03g17560,"motif, motif_CE",merged
LOC_Os01g07120,LOC_Os06g43120,"FunTFBS, motif",merged
LOC_Os01g07120,LOC_Os01g27850,motif,merged
LOC_Os01g07120,LOC_Os08g42560,"FunTFBS, motif",merged
LOC_Os01g07120,LOC_Os07g42170,"motif, motif_CE",merged
LOC_Os01g07120,LOC_Os09g24530,motif,merged
LOC_Os01g07120,LOC_Os01g23460,motif,merged
LOC_Os01g07120,LOC_Os12g17500,motif,merged
LOC_Os01g07120,LOC_Os04g45300,motif,merged
LOC_Os01g07120,LOC_Os12g08280,motif,merged
LOC_Os01g07120,LOC_Os05g16250,"motif, motif_CE",merged
LOC_Os01g07120,LOC_Os01g37340,motif,merged
LOC_Os01g07120,LOC_Os12g28300,motif_CE,motif_CE
LOC_Os01g07120,LOC_Os04g20320,motif,merged
LOC_Os01g07120,LOC_Os08g05070,motif,merged
LOC_Os01g07120,LOC_Os03g56830,motif_CE,motif_CE
LOC_Os01g07120,LOC_Os11g35310,motif,merged
LOC_Os01g07120,LOC_Os05g42424,motif,merged
LOC_Os01g07120,LOC_Os01g38700,motif,merged
LOC_Os01g07120,LOC_Os05g10630,motif,merged
LOC_Os01g07120,LOC_Os10g38420,"FunTFBS, motif",merged
LOC_Os01g07120,LOC_Os02g06340,motif_CE,motif_CE
LOC_Os01g07120,LOC_Os11g19710,motif,merged
LOC_Os01g07120,LOC_Os12g37480,motif,merged
LOC_Os01g07120,LOC_Os07g04860,motif,merged
LOC_Os01g07120,LOC_Os07g46370,motif_CE,motif_CE
LOC_Os01g07120,LOC_Os01g07590,motif_CE,motif_CE
LOC_Os01g07120,LOC_Os03g59264,"motif, motif_CE",merged
LOC_Os01g07120,LOC_Os03g23990,motif,merged
LOC_Os01g07120,LOC_Os05g01994,"motif, motif_CE",merged
LOC_Os01g07120,LOC_Os07g07910,motif,merged
LOC_Os01g07120,LOC_Os05g30900,motif,merged
LOC_Os01g07120,LOC_Os03g48600,motif,merged
LOC_Os01g07120,LOC_Os06g39670,motif,merged
LOC_Os01g07120,LOC_Os08g41310,motif,merged
LOC_Os01g07120,LOC_Os11g06710,motif,merged
LOC_Os01g07120,LOC_Os03g30400,motif_CE,motif_CE
LOC_Os01g07120,LOC_Os02g33730,motif,merged
LOC_Os01g07120,LOC_Os01g40610,motif,merged
LOC_Os01g07120,LOC_Os01g56550,motif,merged
LOC_Os01g07120,LOC_Os04g11660,FunTFBS,FunTFBS
LOC_Os01g07120,LOC_Os02g14310,"FunTFBS, motif",merged
LOC_Os01g07120,LOC_Os07g35300,motif,merged
LOC_Os01g07120,LOC_Os05g04850,"motif, motif_CE",merged
LOC_Os01g07120,LOC_Os12g19290,motif,merged
LOC_Os01g07120,LOC_Os07g31244,motif,merged
LOC_Os01g07120,LOC_Os11g12160,motif,merged
LOC_Os01g07120,LOC_Os03g24460,motif,merged
LOC_Os01g07120,LOC_Os09g39070,motif,merged
LOC_Os01g07120,LOC_Os01g59610,motif,merged
LOC_Os01g07120,LOC_Os07g41570,motif_CE,motif_CE
LOC_Os01g07120,LOC_Os01g61830,motif_CE,motif_CE
LOC_Os01g07120,LOC_Os10g09950,motif,merged
LOC_Os01g07120,LOC_Os08g37310,motif_CE,motif_CE
LOC_Os01g07120,LOC_Os03g16630,motif,merged
LOC_Os01g07120,LOC_Os09g34080,motif,merged
LOC_Os01g07120,LOC_Os03g59580,motif,merged
LOC_Os01g07120,LOC_Os11g39050,motif,merged
LOC_Os01g07120,LOC_Os04g39660,"motif, motif_CE",merged
LOC_Os01g07120,LOC_Os11g37360,motif,merged
LOC_Os01g07120,LOC_Os10g22740,motif,merged
LOC_Os01g07120,LOC_Os02g19580,motif,merged
LOC_Os01g07120,LOC_Os03g35740,motif,merged
LOC_Os01g07120,LOC_Os03g11360,motif,merged
LOC_Os01g07120,LOC_Os09g28940,motif,merged
LOC_Os01g07120,LOC_Os12g16150,motif,merged
LOC_Os01g07120,LOC_Os08g13030,motif,merged
LOC_Os01g07120,LOC_Os05g52080,motif,merged
LOC_Os01g07120,LOC_Os01g57370,"FunTFBS, motif, motif_CE",merged
LOC_Os01g07120,LOC_Os12g10640,motif_CE,motif_CE
LOC_Os01g07120,LOC_Os01g58750,motif_CE,motif_CE
LOC_Os01g07120,LOC_Os12g23970,motif,merged
LOC_Os01g07120,LOC_Os11g37400,motif_CE,motif_CE
LOC_Os01g07120,LOC_Os05g13680,"motif, motif_CE",merged
LOC_Os01g07120,LOC_Os02g27600,motif,merged
LOC_Os01g07120,LOC_Os03g27840,motif,merged
LOC_Os01g07120,LOC_Os06g05350,motif_CE,motif_CE
LOC_Os01g07120,LOC_Os10g42080,"motif, motif_CE",merged
LOC_Os01g07120,LOC_Os03g02430,motif,merged
LOC_Os01g07120,LOC_Os10g05210,motif,merged
LOC_Os01g07120,LOC_Os09g29170,motif,merged
LOC_Os01g07120,LOC_Os05g37090,FunTFBS,FunTFBS
LOC_Os01g07120,LOC_Os02g47980,motif,merged
LOC_Os01g07120,LOC_Os12g14840,motif,merged
LOC_Os01g07120,LOC_Os06g50960,motif,merged
LOC_Os01g07120,LOC_Os02g27910,"FunTFBS, motif",merged
LOC_Os01g07120,LOC_Os01g13100,motif,merged
LOC_Os01g07120,LOC_Os08g14130,"FunTFBS, motif",merged
LOC_Os01g07120,LOC_Os05g33080,motif,merged
LOC_Os01g07120,LOC_Os11g48030,motif_CE,motif_CE
LOC_Os01g07120,LOC_Os07g09490,motif,merged
LOC_Os01g07120,LOC_Os05g20380,motif,merged
LOC_Os01g07120,LOC_Os07g35820,motif,merged
LOC_Os01g07120,LOC_Os02g06440,"motif, motif_CE",merged
LOC_Os01g07120,LOC_Os12g02160,motif,merged
LOC_Os01g07120,LOC_Os01g01620,motif,merged
LOC_Os01g07120,LOC_Os11g47449,motif,merged
LOC_Os01g07120,LOC_Os01g32980,FunTFBS,FunTFBS
LOC_Os01g07120,LOC_Os02g32540,motif_CE,motif_CE
LOC_Os01g07120,LOC_Os05g30010,"motif, motif_CE",merged
LOC_Os01g07120,LOC_Os04g14350,motif,merged
LOC_Os01g07120,LOC_Os07g33060,motif,merged
LOC_Os01g07120,LOC_Os05g18650,motif,merged
LOC_Os01g07120,LOC_Os12g02280,motif,merged
LOC_Os01g07120,LOC_Os10g34570,"FunTFBS, motif, motif_CE",merged
LOC_Os01g07120,LOC_Os02g42470,"motif, motif_CE",merged
LOC_Os01g07120,LOC_Os12g01610,motif,merged
LOC_Os01g07120,LOC_Os03g15070,motif,merged
LOC_Os01g07120,LOC_Os04g59400,"FunTFBS, motif",merged
LOC_Os01g07120,LOC_Os03g19350,motif_CE,motif_CE
LOC_Os01g07120,LOC_Os11g38070,motif,merged
LOC_Os01g07120,LOC_Os01g08590,motif,merged
LOC_Os01g07120,LOC_Os02g51050,motif_CE,motif_CE
LOC_Os01g07120,LOC_Os10g15120,motif,merged
LOC_Os01g07120,LOC_Os02g10450,motif,merged
LOC_Os01g07120,LOC_Os04g58780,FunTFBS,FunTFBS
LOC_Os01g07120,LOC_Os04g18490,motif,merged
LOC_Os01g07120,LOC_Os09g20570,FunTFBS,FunTFBS
LOC_Os01g07120,LOC_Os02g15594,motif,merged
LOC_Os01g07120,LOC_Os08g10400,"FunTFBS, motif",merged
LOC_Os01g07120,LOC_Os11g39770,motif,merged
LOC_Os01g07120,LOC_Os04g21900,motif,merged
LOC_Os01g07120,LOC_Os11g35060,motif,merged
LOC_Os01g07120,LOC_Os03g42900,FunTFBS,FunTFBS
LOC_Os01g07120,LOC_Os03g11980,"motif, motif_CE",merged
LOC_Os01g07120,LOC_Os06g05540,motif,merged
LOC_Os01g07120,LOC_Os12g28300,"motif, motif_CE",merged
LOC_Os01g07120,LOC_Os07g25770,"FunTFBS, motif",merged
LOC_Os01g07120,LOC_Os02g09530,motif_CE,motif_CE
LOC_Os01g07120,LOC_Os03g59030,motif,merged
LOC_Os01g07120,LOC_Os11g13400,motif,merged
LOC_Os01g07120,LOC_Os04g30320,motif,merged
LOC_Os01g07120,LOC_Os02g06340,"motif, motif_CE",merged
LOC_Os01g07120,LOC_Os01g56120,"FunTFBS, motif, motif_CE",merged
LOC_Os01g07120,LOC_Os07g46370,"motif, motif_CE",merged
LOC_Os01g07120,LOC_Os09g26330,motif,merged
LOC_Os01g07120,LOC_Os11g35550,motif,merged
LOC_Os01g07120,LOC_Os11g30552,motif,merged
LOC_Os01g07120,LOC_Os09g24590,"motif, motif_CE",merged
LOC_Os01g07120,LOC_Os06g30470,motif,merged
LOC_Os01g07120,LOC_Os06g31710,motif,merged
LOC_Os01g07120,LOC_Os05g27370,motif,merged
LOC_Os01g07120,LOC_Os07g46410,motif_CE,motif_CE
LOC_Os01g07120,LOC_Os08g39880,motif,merged
LOC_Os01g07120,LOC_Os09g37510,motif,merged
LOC_Os01g07120,LOC_Os01g50040,motif,merged
LOC_Os01g07120,LOC_Os11g06170,motif,merged
LOC_Os01g07120,LOC_Os06g24150,motif,merged
LOC_Os01g07120,LOC_Os07g29190,motif,merged
LOC_Os01g07120,LOC_Os05g40450,motif,merged
LOC_Os01g07120,LOC_Os11g34250,motif,merged
LOC_Os01g07120,LOC_Os01g55180,motif,merged
LOC_Os01g07120,LOC_Os01g67170,motif,merged
LOC_Os01g07120,LOC_Os04g19400,motif,merged
LOC_Os01g07120,LOC_Os07g12340,motif,merged
LOC_Os01g07120,LOC_Os07g30750,motif,merged
LOC_Os01g07120,LOC_Os02g18490,"FunTFBS, motif",merged
LOC_Os01g07120,LOC_Os11g03650,motif,merged
LOC_Os01g07120,LOC_Os07g41570,"motif, motif_CE",merged
LOC_Os01g07120,LOC_Os01g61830,"motif, motif_CE",merged
LOC_Os01g07120,LOC_Os12g09280,motif_CE,motif_CE
LOC_Os01g07120,LOC_Os04g27530,motif,merged
LOC_Os01g07120,LOC_Os04g56600,motif,merged
LOC_Os01g07120,LOC_Os07g40670,motif,merged
LOC_Os01g07120,LOC_Os03g18100,motif,merged
LOC_Os01g07120,LOC_Os03g55330,"motif, motif_CE",merged
LOC_Os01g07120,LOC_Os07g36600,motif_CE,motif_CE
LOC_Os01g07120,LOC_Os04g56630,motif,merged
LOC_Os01g07120,LOC_Os01g05510,motif,merged
LOC_Os01g07120,LOC_Os03g07750,motif,merged
LOC_Os01g07120,LOC_Os11g37370,motif,merged
LOC_Os01g07120,LOC_Os04g52164,motif_CE,motif_CE
LOC_Os01g07120,LOC_Os01g58750,"motif, motif_CE",merged
LOC_Os01g07120,LOC_Os04g57950,motif,merged
LOC_Os01g07120,LOC_Os03g36860,motif,merged
LOC_Os01g07120,LOC_Os10g31740,motif,merged
LOC_Os01g07120,LOC_Os09g21040,motif_CE,motif_CE
LOC_Os01g07120,LOC_Os12g16990,motif,merged
LOC_Os01g07120,LOC_Os01g45120,"FunTFBS, motif",merged
LOC_Os01g07120,LOC_Os02g01200,motif_CE,motif_CE
LOC_Os01g07120,LOC_Os06g05350,"motif, motif_CE",merged
LOC_Os01g07120,LOC_Os09g02640,FunTFBS,FunTFBS
LOC_Os01g07120,LOC_Os02g50650,motif,merged
LOC_Os01g07120,LOC_Os02g42720,motif,merged
LOC_Os01g07120,LOC_Os06g14440,motif,merged
LOC_Os01g07120,LOC_Os11g02320,motif,merged
LOC_Os01g07120,LOC_Os11g09040,motif_CE,motif_CE
LOC_Os01g07120,LOC_Os10g06560,"FunTFBS, motif",merged
LOC_Os01g07120,LOC_Os10g41829,motif,merged
LOC_Os01g07120,LOC_Os09g16140,motif,merged
LOC_Os01g07120,LOC_Os04g39140,motif,merged
LOC_Os01g07120,LOC_Os03g17174,motif,merged
LOC_Os01g07120,LOC_Os08g34760,motif,merged
LOC_Os01g07120,LOC_Os03g17470,motif,merged
LOC_Os01g07120,LOC_Os07g23740,motif,merged
LOC_Os01g07120,LOC_Os10g32820,"motif, motif_CE",merged
LOC_Os01g07120,LOC_Os04g32090,"motif, motif_CE",merged
LOC_Os01g07120,LOC_Os01g73990,motif,merged
LOC_Os01g07120,LOC_Os08g33400,motif,merged
LOC_Os01g07120,LOC_Os04g34440,motif,merged
LOC_Os01g07120,LOC_Os08g37020,motif,merged
LOC_Os01g07120,LOC_Os10g34770,motif,merged
LOC_Os01g07120,LOC_Os07g29640,motif,merged
LOC_Os01g07120,LOC_Os11g34750,"FunTFBS, motif, motif_CE",merged
LOC_Os01g07120,LOC_Os03g19500,motif_CE,motif_CE
LOC_Os01g07120,LOC_Os01g11780,"motif, motif_CE",merged
LOC_Os01g07120,LOC_Os03g18470,"motif, motif_CE",merged
LOC_Os01g07120,LOC_Os01g47450,motif,merged
LOC_Os01g07120,LOC_Os01g56720,FunTFBS,FunTFBS
LOC_Os01g07120,LOC_Os05g38190,motif_CE,motif_CE
LOC_Os01g07120,LOC_Os09g02350,motif,merged
LOC_Os01g07120,LOC_Os04g24000,motif,merged
LOC_Os01g07120,LOC_Os10g40920,motif,merged
LOC_Os01g07120,LOC_Os11g14300,motif_CE,motif_CE
LOC_Os01g07120,LOC_Os03g10340,motif,merged
LOC_Os01g07120,LOC_Os01g46110,motif,merged
LOC_Os01g07120,LOC_Os02g30800,motif,merged
LOC_Os01g07120,LOC_Os03g08630,"FunTFBS, motif",merged
LOC_Os01g07120,LOC_Os08g23880,motif,merged
LOC_Os01g07120,LOC_Os09g37360,motif,merged
LOC_Os01g07120,LOC_Os01g34460,motif,merged
LOC_Os01g07120,LOC_Os02g38850,motif,merged
LOC_Os01g07120,LOC_Os10g24000,motif,merged
LOC_Os01g07120,LOC_Os05g16060,motif,merged
LOC_Os01g07120,LOC_Os02g56690,"motif, motif_CE",merged
LOC_Os01g07120,LOC_Os02g51050,"motif, motif_CE",merged
LOC_Os01g07120,LOC_Os01g59320,motif_CE,motif_CE
LOC_Os01g07120,LOC_Os05g02160,motif,merged
LOC_Os01g07120,LOC_Os07g12370,motif,merged
LOC_Os01g07120,LOC_Os11g08240,"FunTFBS, motif",merged
LOC_Os01g07120,LOC_Os07g22024,"FunTFBS, motif, motif_CE",merged
LOC_Os01g07120,LOC_Os05g45880,motif,merged
LOC_Os01g07120,LOC_Os10g16740,motif,merged
LOC_Os01g07120,LOC_Os03g03210,motif,merged
LOC_Os01g07120,LOC_Os08g36994,motif,merged
LOC_Os01g07120,LOC_Os08g32600,motif,merged
LOC_Os01g07120,LOC_Os05g34190,FunTFBS,FunTFBS
LOC_Os01g07120,LOC_Os12g08390,FunTFBS,FunTFBS
LOC_Os01g07120,LOC_Os03g31240,"motif, motif_CE",merged
LOC_Os01g07120,LOC_Os06g20930,motif,merged
LOC_Os01g07120,LOC_Os06g39520,"FunTFBS, motif",merged
LOC_Os01g07120,LOC_Os04g33720,FunTFBS,FunTFBS
LOC_Os01g07120,LOC_Os01g66330,"motif, motif_CE",merged
LOC_Os01g07120,LOC_Os07g31440,motif,merged
LOC_Os01g07120,LOC_Os05g19590,motif_CE,motif_CE
LOC_Os01g07120,LOC_Os04g37410,motif,merged
LOC_Os01g07120,LOC_Os06g07120,motif,merged
LOC_Os01g07120,LOC_Os09g36290,motif,merged
LOC_Os01g07120,LOC_Os10g25210,motif_CE,motif_CE
LOC_Os01g07120,LOC_Os09g26800,motif,merged
LOC_Os01g07120,LOC_Os04g54580,motif,merged
LOC_Os01g07120,LOC_Os09g12150,motif_CE,motif_CE
LOC_Os01g07120,LOC_Os07g46410,"motif, motif_CE",merged
LOC_Os01g07120,LOC_Os03g16850,FunTFBS,FunTFBS
LOC_Os01g07120,LOC_Os01g07590,"motif, motif_CE",merged
LOC_Os01g07120,LOC_Os08g41540,motif,merged
LOC_Os01g07120,LOC_Os09g23770,motif,merged
LOC_Os01g07120,LOC_Os06g23040,motif,merged
LOC_Os01g07120,LOC_Os04g25480,"FunTFBS, motif",merged
LOC_Os01g07120,LOC_Os06g13890,motif,merged
LOC_Os01g07120,LOC_Os01g25520,motif,merged
LOC_Os01g07120,LOC_Os02g57924,motif,merged
LOC_Os01g07120,LOC_Os03g08810,motif_CE,motif_CE
LOC_Os01g07120,LOC_Os02g15010,motif,merged
LOC_Os01g07120,LOC_Os03g10180,motif,merged
LOC_Os01g07120,LOC_Os04g14790,motif,merged
LOC_Os01g07120,LOC_Os06g14730,motif,merged
LOC_Os01g07120,LOC_Os10g39590,motif_CE,motif_CE
LOC_Os01g07120,LOC_Os06g07580,FunTFBS,FunTFBS
LOC_Os01g07120,LOC_Os02g09440,motif,merged
LOC_Os01g07120,LOC_Os01g02980,"FunTFBS, motif",merged
LOC_Os01g07120,LOC_Os12g34820,motif,merged
LOC_Os01g07120,LOC_Os07g31710,motif,merged
LOC_Os01g07120,LOC_Os11g37510,motif,merged
LOC_Os01g07120,LOC_Os07g02030,motif,merged
LOC_Os01g07120,LOC_Os09g32948,motif,merged
LOC_Os01g07120,LOC_Os08g25660,motif,merged
LOC_Os01g07120,LOC_Os11g37080,FunTFBS,FunTFBS
LOC_Os01g07120,LOC_Os08g17830,motif,merged
LOC_Os01g07120,LOC_Os05g30510,motif,merged
LOC_Os01g07120,LOC_Os09g39100,motif,merged
LOC_Os01g07120,LOC_Os05g44750,motif,merged
LOC_Os01g07120,LOC_Os02g31110,motif,merged
LOC_Os01g07120,LOC_Os06g22860,motif,merged
LOC_Os01g07120,LOC_Os01g16200,motif,merged
LOC_Os01g07120,LOC_Os06g39760,motif,merged
LOC_Os01g07120,LOC_Os03g13030,motif_CE,motif_CE
LOC_Os01g07120,LOC_Os05g50654,"FunTFBS, motif",merged
LOC_Os01g07120,LOC_Os03g03610,motif_CE,motif_CE
LOC_Os01g07120,LOC_Os02g01200,"motif, motif_CE",merged
LOC_Os01g07120,LOC_Os10g42220,motif,merged
LOC_Os01g07120,LOC_Os12g10640,"motif, motif_CE",merged
LOC_Os01g07120,LOC_Os02g42100,motif,merged
LOC_Os01g07120,LOC_Os06g50620,motif,merged
LOC_Os01g07120,LOC_Os09g19920,motif,merged
LOC_Os01g07120,LOC_Os12g05970,motif,merged
LOC_Os01g07120,LOC_Os01g55590,"motif, motif_CE",merged
LOC_Os01g07120,LOC_Os02g12370,motif,merged
LOC_Os01g07120,LOC_Os06g35020,motif_CE,motif_CE
LOC_Os01g07120,LOC_Os03g51450,motif,merged
LOC_Os01g07120,LOC_Os03g32630,motif_CE,motif_CE
LOC_Os01g07120,LOC_Os08g40910,motif,merged
LOC_Os01g07120,LOC_Os02g49130,FunTFBS,FunTFBS
LOC_Os01g07120,LOC_Os06g14020,motif,merged
LOC_Os01g07120,LOC_Os01g01580,"FunTFBS, motif",merged
LOC_Os01g07120,LOC_Os04g05860,motif,merged
LOC_Os01g07120,LOC_Os03g10150,motif,merged
LOC_Os01g07120,LOC_Os07g37240,motif_CE,motif_CE
LOC_Os01g07120,LOC_Os09g21460,"motif, motif_CE",merged
LOC_Os01g07120,LOC_Os02g39410,motif,merged
LOC_Os01g07120,LOC_Os10g38580,motif,merged
LOC_Os01g07120,LOC_Os07g03620,motif,merged
LOC_Os01g07120,LOC_Os05g03550,"motif, motif_CE",merged
LOC_Os01g07120,LOC_Os11g48030,"motif, motif_CE",merged
LOC_Os01g07120,LOC_Os07g26240,motif,merged
LOC_Os01g07120,LOC_Os04g53612,motif_CE,motif_CE
LOC_Os01g07120,LOC_Os06g43110,motif,merged
LOC_Os01g07120,LOC_Os01g70890,motif,merged
LOC_Os01g07120,LOC_Os12g13600,motif,merged
LOC_Os01g07120,LOC_Os02g52640,motif_CE,motif_CE
LOC_Os01g07120,LOC_Os12g16790,motif,merged
LOC_Os01g07120,LOC_Os12g34360,motif,merged
LOC_Os01g07120,LOC_Os05g31820,motif,merged
LOC_Os01g07120,LOC_Os08g40260,motif,merged
LOC_Os01g07120,LOC_Os12g42290,motif,merged
LOC_Os01g07120,LOC_Os01g52780,FunTFBS,FunTFBS
LOC_Os01g07120,LOC_Os01g18350,motif,merged
LOC_Os01g07120,LOC_Os11g14300,"motif, motif_CE",merged
LOC_Os01g07120,LOC_Os01g10010,motif_CE,motif_CE
LOC_Os01g07120,LOC_Os12g10160,motif,merged
LOC_Os01g07120,LOC_Os07g04990,motif,merged
LOC_Os01g07120,LOC_Os01g28580,motif,merged
LOC_Os01g07120,LOC_Os06g39140,motif,merged
LOC_Os01g07120,LOC_Os11g14910,motif,merged
LOC_Os01g07120,LOC_Os08g23220,motif,merged
LOC_Os01g07120,LOC_Os11g43600,motif,merged
LOC_Os01g07120,LOC_Os05g02740,motif,merged
LOC_Os01g07120,LOC_Os08g19210,motif,merged
LOC_Os01g07120,LOC_Os07g31430,motif_CE,motif_CE
LOC_Os01g07120,LOC_Os03g19350,"motif, motif_CE",merged
LOC_Os01g07120,LOC_Os10g17454,motif_CE,motif_CE
LOC_Os01g07120,LOC_Os07g30800,motif_CE,motif_CE
LOC_Os01g07120,LOC_Os05g17300,motif,merged
LOC_Os01g07120,LOC_Os01g14940,"FunTFBS, motif",merged
LOC_Os01g07120,LOC_Os06g28960,motif,merged
LOC_Os01g07120,LOC_Os03g07000,motif,merged
LOC_Os01g07120,LOC_Os05g44780,motif,merged
LOC_Os01g07120,LOC_Os04g29050,FunTFBS,FunTFBS
LOC_Os01g07120,LOC_Os01g11000,motif,merged
LOC_Os01g07120,LOC_Os12g15590,motif,merged
LOC_Os01g07120,LOC_Os01g69920,motif,merged
LOC_Os01g07120,LOC_Os07g38360,motif_CE,motif_CE
LOC_Os01g07120,LOC_Os09g18010,"FunTFBS, motif",merged
LOC_Os01g07120,LOC_Os12g41970,motif,merged
LOC_Os01g07120,LOC_Os07g03260,motif_CE,motif_CE
LOC_Os01g07120,LOC_Os05g35560,motif,merged
LOC_Os01g07120,LOC_Os07g07350,motif,merged
LOC_Os01g07120,LOC_Os09g21590,motif,merged
LOC_Os01g07120,LOC_Os03g64080,motif_CE,motif_CE
LOC_Os01g07120,LOC_Os09g36740,motif,merged
LOC_Os01g07120,LOC_Os09g21120,motif,merged
LOC_Os01g07120,LOC_Os04g23210,motif_CE,motif_CE
LOC_Os01g07120,ChrSy.fgenesh.gene.46,motif,merged
LOC_Os01g07120,LOC_Os07g25790,motif,merged
LOC_Os01g07120,LOC_Os06g08100,motif,merged
LOC_Os01g07120,LOC_Os04g38480,motif_CE,motif_CE
LOC_Os01g07120,LOC_Os07g30640,motif,merged
LOC_Os01g07120,LOC_Os08g12140,motif_CE,motif_CE
LOC_Os01g07120,LOC_Os04g31570,motif,merged
LOC_Os01g07120,LOC_Os12g14059,motif,merged
LOC_Os01g07120,LOC_Os02g47260,motif,merged
LOC_Os01g07120,LOC_Os04g29850,motif,merged
LOC_Os01g07120,LOC_Os02g57460,motif_CE,motif_CE
LOC_Os01g07120,LOC_Os09g12150,"motif, motif_CE",merged
LOC_Os01g07120,LOC_Os10g30680,motif,merged
LOC_Os01g07120,LOC_Os07g27650,motif,merged
LOC_Os01g07120,LOC_Os10g03430,motif_CE,motif_CE
LOC_Os01g07120,LOC_Os03g58640,FunTFBS,FunTFBS
LOC_Os01g07120,LOC_Os03g15900,motif_CE,motif_CE
LOC_Os01g07120,LOC_Os03g59020,"motif, motif_CE",merged
LOC_Os01g07120,LOC_Os07g30620,motif,merged
LOC_Os01g07120,LOC_Os03g10220,motif_CE,motif_CE
LOC_Os01g07120,LOC_Os06g30620,motif,merged
LOC_Os01g07120,LOC_Os11g10140,motif,merged
LOC_Os01g07120,LOC_Os10g27120,motif_CE,motif_CE
LOC_Os01g07120,LOC_Os08g28510,motif,merged
LOC_Os01g07120,LOC_Os07g46510,motif,merged
LOC_Os01g07120,LOC_Os01g39120,motif,merged
LOC_Os01g07120,LOC_Os10g39590,"motif, motif_CE",merged
LOC_Os01g07120,LOC_Os01g60660,FunTFBS,FunTFBS
LOC_Os01g07120,LOC_Os08g06220,"FunTFBS, motif",merged
LOC_Os01g07120,LOC_Os09g27140,motif,merged
LOC_Os01g07120,LOC_Os07g18090,motif,merged
LOC_Os01g07120,LOC_Os01g18770,motif,merged
LOC_Os01g07120,LOC_Os12g41880,motif,merged
LOC_Os01g07120,LOC_Os02g28690,motif,merged
LOC_Os01g07120,LOC_Os05g43360,motif,merged
LOC_Os01g07120,LOC_Os06g40270,motif,merged
LOC_Os01g07120,LOC_Os07g32880,motif_CE,motif_CE
LOC_Os01g07120,LOC_Os12g08820,motif_CE,motif_CE
LOC_Os01g07120,LOC_Os05g02080,motif,merged
LOC_Os01g07120,LOC_Os04g27600,motif,merged
LOC_Os01g07120,LOC_Os03g13030,"motif, motif_CE",merged
LOC_Os01g07120,LOC_Os12g31000,"motif, motif_CE",merged
LOC_Os01g07120,LOC_Os03g42990,motif,merged
LOC_Os01g07120,LOC_Os11g06240,motif,merged
LOC_Os01g07120,LOC_Os07g35230,motif,merged
LOC_Os01g07120,LOC_Os12g25810,motif,merged
LOC_Os01g07120,LOC_Os06g06870,FunTFBS,FunTFBS
LOC_Os01g07120,LOC_Os08g15090,motif,merged
LOC_Os01g07120,LOC_Os08g04870,motif,merged
LOC_Os01g07120,LOC_Os03g62070,motif_CE,motif_CE
LOC_Os01g07120,LOC_Os04g38980,motif_CE,motif_CE
LOC_Os01g07120,LOC_Os03g55014,"FunTFBS, motif",merged
LOC_Os01g07120,LOC_Os02g21460,motif,merged
LOC_Os01g07120,LOC_Os07g43604,FunTFBS,FunTFBS
LOC_Os01g07120,LOC_Os06g06660,motif,merged
LOC_Os01g07120,LOC_Os05g31560,motif,merged
LOC_Os01g07120,LOC_Os05g15580,motif,merged
LOC_Os01g07120,LOC_Os09g31060,motif_CE,motif_CE
LOC_Os01g07120,LOC_Os02g07190,motif,merged
LOC_Os01g07120,LOC_Os02g05130,motif,merged
LOC_Os01g07120,LOC_Os10g20390,motif,merged
LOC_Os01g07120,LOC_Os07g37240,"motif, motif_CE",merged
LOC_Os01g07120,LOC_Os02g48530,motif,merged
LOC_Os01g07120,LOC_Os04g44170,motif,merged
LOC_Os01g07120,LOC_Os01g05060,motif,merged
LOC_Os01g07120,LOC_Os03g20590,motif_CE,motif_CE
LOC_Os01g07120,LOC_Os01g68940,"motif, motif_CE",merged
LOC_Os01g07120,LOC_Os01g13180,"FunTFBS, motif",merged
LOC_Os01g07120,LOC_Os08g13300,motif,merged
LOC_Os01g07120,LOC_Os06g48260,motif,merged
LOC_Os01g07120,LOC_Os07g32960,motif,merged
LOC_Os01g07120,LOC_Os12g33780,motif,merged
LOC_Os01g07120,LOC_Os11g30530,motif,merged
LOC_Os01g07120,LOC_Os02g12490,motif,merged
LOC_Os01g07120,LOC_Os12g37519,"motif, motif_CE",merged
LOC_Os01g07120,LOC_Os01g68770,motif,merged
LOC_Os01g07120,LOC_Os09g32240,motif_CE,motif_CE
LOC_Os01g07120,LOC_Os01g08670,motif,merged
LOC_Os01g07120,LOC_Os05g38190,"motif, motif_CE",merged
LOC_Os01g07120,LOC_Os01g10010,"motif, motif_CE",merged
LOC_Os01g07120,LOC_Os05g07590,motif,merged
LOC_Os01g07120,LOC_Os11g35762,motif,merged
LOC_Os01g07120,LOC_Os12g05394,motif_CE,motif_CE
LOC_Os01g07120,LOC_Os06g41610,motif,merged
LOC_Os01g07120,LOC_Os04g40040,motif_CE,motif_CE
LOC_Os01g07120,LOC_Os08g33790,motif,merged
LOC_Os01g07120,LOC_Os08g36580,motif,merged
LOC_Os01g07120,LOC_Os03g44880,motif_CE,motif_CE
LOC_Os01g07120,LOC_Os09g02870,motif,merged
LOC_Os01g07120,LOC_Os12g07520,motif,merged
LOC_Os01g07120,LOC_Os03g16874,"FunTFBS, motif",merged
LOC_Os01g07120,LOC_Os02g55570,"motif, motif_CE",merged
LOC_Os01g07120,LOC_Os02g21880,motif,merged
LOC_Os01g07120,LOC_Os01g08640,motif,merged
LOC_Os01g07120,LOC_Os04g18140,motif,merged
LOC_Os01g07120,LOC_Os10g39900,motif,merged
LOC_Os01g07120,LOC_Os01g58500,motif_CE,motif_CE
LOC_Os01g07120,LOC_Os02g10110,motif,merged
LOC_Os01g07120,LOC_Os12g07200,FunTFBS,FunTFBS
LOC_Os01g07120,LOC_Os07g31430,"motif, motif_CE",merged
LOC_Os01g07120,LOC_Os01g64256,motif,merged
LOC_Os01g07120,LOC_Os01g59320,"motif, motif_CE",merged
LOC_Os01g07120,LOC_Os03g03790,motif,merged
LOC_Os01g07120,LOC_Os10g17454,"motif, motif_CE",merged
LOC_Os01g07120,LOC_Os08g38490,motif,merged
LOC_Os01g07120,LOC_Os02g47570,motif_CE,motif_CE
LOC_Os01g07120,LOC_Os09g25040,motif_CE,motif_CE
LOC_Os01g07120,LOC_Os04g46910,motif,merged
LOC_Os01g07120,LOC_Os03g51900,motif_CE,motif_CE
LOC_Os01g07120,LOC_Os01g47340,motif,merged
LOC_Os01g07120,LOC_Os08g06270,motif_CE,motif_CE
LOC_Os01g07120,LOC_Os02g36940,motif,merged
LOC_Os01g07120,LOC_Os02g57580,motif_CE,motif_CE
LOC_Os01g07120,LOC_Os06g15620,motif,merged
LOC_Os01g07120,LOC_Os03g08250,motif_CE,motif_CE
LOC_Os01g07120,LOC_Os07g14090,motif,merged
LOC_Os01g07120,LOC_Os03g64080,"motif, motif_CE",merged
LOC_Os01g07120,LOC_Os10g21950,motif,merged
LOC_Os01g07120,LOC_Os04g17700,motif_CE,motif_CE
LOC_Os01g07120,LOC_Os11g02410,motif,merged
LOC_Os01g07120,LOC_Os04g38480,"motif, motif_CE",merged
LOC_Os01g07120,LOC_Os06g47570,motif,merged
LOC_Os01g07120,LOC_Os05g42110,motif_CE,motif_CE
LOC_Os01g07120,LOC_Os03g30230,motif,merged
LOC_Os01g07120,LOC_Os02g36040,motif,merged
LOC_Os01g07120,LOC_Os02g57460,"motif, motif_CE",merged
LOC_Os01g07120,LOC_Os11g33134,motif,merged
LOC_Os01g07120,LOC_Os04g42010,FunTFBS,FunTFBS
LOC_Os01g07120,LOC_Os10g25210,"motif, motif_CE",merged
LOC_Os01g07120,LOC_Os08g05520,motif,merged
LOC_Os01g07120,LOC_Os02g30590,motif,merged
LOC_Os01g07120,LOC_Os06g13630,motif,merged
LOC_Os01g07120,LOC_Os11g01090,motif,merged
LOC_Os01g07120,LOC_Os06g06520,motif,merged
LOC_Os01g07120,LOC_Os11g14940,motif,merged
LOC_Os01g07120,LOC_Os11g05640,motif,merged
LOC_Os01g07120,LOC_Os10g27120,"motif, motif_CE",merged
LOC_Os01g07120,LOC_Os05g50370,motif,merged
LOC_Os01g07120,LOC_Os03g07290,motif,merged
LOC_Os01g07120,LOC_Os09g08400,motif,merged
LOC_Os01g07120,LOC_Os03g14820,motif,merged
LOC_Os01g07120,LOC_Os01g04630,motif_CE,motif_CE
LOC_Os01g07120,LOC_Os06g48720,FunTFBS,FunTFBS
LOC_Os01g07120,LOC_Os04g44670,motif_CE,motif_CE
LOC_Os01g07120,LOC_Os02g54910,motif,merged
LOC_Os01g07120,LOC_Os04g33710,FunTFBS,FunTFBS
LOC_Os01g07120,LOC_Os06g43430,motif,merged
LOC_Os01g07120,LOC_Os01g57410,motif,merged
LOC_Os01g07120,LOC_Os05g49330,motif,merged
LOC_Os01g07120,LOC_Os04g51700,motif_CE,motif_CE
LOC_Os01g07120,LOC_Os05g48170,motif,merged
LOC_Os01g07120,LOC_Os02g51660,motif,merged
LOC_Os01g07120,LOC_Os01g61210,motif_CE,motif_CE
LOC_Os01g07120,LOC_Os01g12464,"FunTFBS, motif, motif_CE",merged
LOC_Os01g07120,LOC_Os06g34860,motif,merged
LOC_Os01g07120,LOC_Os09g09210,motif_CE,motif_CE
LOC_Os01g07120,LOC_Os02g58340,motif,merged
LOC_Os01g07120,LOC_Os06g13380,motif,merged
LOC_Os01g07120,LOC_Os03g01970,"FunTFBS, motif",merged
LOC_Os01g07120,LOC_Os05g16370,motif,merged
LOC_Os01g07120,LOC_Os02g03480,motif,merged
LOC_Os01g07120,LOC_Os04g49080,motif,merged
LOC_Os01g07120,LOC_Os02g15360,motif_CE,motif_CE
LOC_Os01g07120,LOC_Os04g31140,motif,merged
LOC_Os01g07120,LOC_Os08g42510,motif,merged
LOC_Os01g07120,LOC_Os01g73160,motif,merged
LOC_Os01g07120,LOC_Os01g24530,motif,merged
LOC_Os01g07120,LOC_Os03g19400,motif_CE,motif_CE
LOC_Os01g07120,LOC_Os08g14650,motif_CE,motif_CE
LOC_Os01g07120,LOC_Os03g62070,"motif, motif_CE",merged
LOC_Os01g07120,LOC_Os10g16890,motif,merged
LOC_Os01g07120,LOC_Os02g24550,motif,merged
LOC_Os01g07120,LOC_Os03g24170,motif_CE,motif_CE
LOC_Os01g07120,LOC_Os05g22970,motif_CE,motif_CE
LOC_Os01g07120,LOC_Os04g31520,motif,merged
LOC_Os01g07120,LOC_Os05g38400,motif,merged
LOC_Os01g07120,LOC_Os04g10040,motif,merged
LOC_Os01g07120,LOC_Os06g40240,motif,merged
LOC_Os01g07120,LOC_Os09g30190,motif_CE,motif_CE
LOC_Os01g07120,LOC_Os01g61370,motif_CE,motif_CE
LOC_Os01g07120,LOC_Os09g31210,motif,merged
LOC_Os01g07120,LOC_Os10g38040,FunTFBS,FunTFBS
LOC_Os01g07120,LOC_Os08g44370,motif_CE,motif_CE
LOC_Os01g07120,LOC_Os07g12810,"motif, motif_CE",merged
LOC_Os01g07120,LOC_Os06g31770,motif,merged
LOC_Os01g07120,LOC_Os01g34360,"FunTFBS, motif",merged
LOC_Os01g07120,LOC_Os07g13990,motif,merged
LOC_Os01g07120,LOC_Os08g04850,motif,merged
LOC_Os01g07120,LOC_Os10g06650,motif,merged
LOC_Os01g07120,LOC_Os02g57290,FunTFBS,FunTFBS
LOC_Os01g07120,LOC_Os02g39155,motif_CE,motif_CE
LOC_Os01g07120,LOC_Os02g17650,"motif, motif_CE",merged
LOC_Os01g07120,LOC_Os02g36560,motif,merged
LOC_Os01g07120,LOC_Os08g04540,motif,merged
LOC_Os01g07120,LOC_Os11g26530,motif,merged
LOC_Os01g07120,LOC_Os03g11600,FunTFBS,FunTFBS
LOC_Os01g07120,LOC_Os03g63420,motif_CE,motif_CE
LOC_Os01g07120,LOC_Os11g43530,motif_CE,motif_CE
LOC_Os01g07120,LOC_Os02g52470,motif,merged
LOC_Os01g07120,LOC_Os05g06150,motif,merged
LOC_Os01g07120,LOC_Os03g27950,motif,merged
LOC_Os01g07120,LOC_Os02g18380,motif,merged
LOC_Os01g07120,LOC_Os05g38000,"motif, motif_CE",merged
LOC_Os01g07120,LOC_Os12g42720,motif,merged
LOC_Os01g07120,LOC_Os02g45090,motif_CE,motif_CE
LOC_Os01g07120,LOC_Os08g27970,motif,merged
LOC_Os01g07120,LOC_Os06g20180,motif,merged
LOC_Os01g07120,LOC_Os05g12330,motif,merged
LOC_Os01g07120,LOC_Os12g24250,motif_CE,motif_CE
LOC_Os01g07120,LOC_Os07g19080,motif,merged
LOC_Os01g07120,LOC_Os09g30360,motif_CE,motif_CE
LOC_Os01g07120,LOC_Os12g09600,FunTFBS,FunTFBS
LOC_Os01g07120,LOC_Os09g13900,motif,merged
LOC_Os01g07120,LOC_Os02g52640,"motif, motif_CE",merged
LOC_Os01g07120,LOC_Os09g32240,"motif, motif_CE",merged
LOC_Os01g07120,LOC_Os12g33790,motif,merged
LOC_Os01g07120,LOC_Os08g36230,motif,merged
LOC_Os01g07120,LOC_Os06g34320,"FunTFBS, motif",merged
LOC_Os01g07120,LOC_Os05g46650,motif,merged
LOC_Os01g07120,LOC_Os08g32720,motif,merged
LOC_Os01g07120,LOC_Os06g47630,motif_CE,motif_CE
LOC_Os01g07120,LOC_Os03g26880,motif,merged
LOC_Os01g07120,LOC_Os01g64530,motif,merged
LOC_Os01g07120,LOC_Os09g07120,motif_CE,motif_CE
LOC_Os01g07120,LOC_Os07g40030,motif,merged
LOC_Os01g07120,LOC_Os04g41500,motif,merged
LOC_Os01g07120,LOC_Os02g53150,motif,merged
LOC_Os01g07120,LOC_Os09g18450,motif,merged
LOC_Os01g07120,LOC_Os02g19220,motif,merged
LOC_Os01g07120,LOC_Os01g08930,motif,merged
LOC_Os01g07120,LOC_Os08g27630,motif_CE,motif_CE
LOC_Os01g07120,LOC_Os04g54960,motif,merged
LOC_Os01g07120,LOC_Os04g26210,motif,merged
LOC_Os01g07120,LOC_Os02g24820,motif,merged
LOC_Os01g07120,LOC_Os01g14410,motif_CE,motif_CE
LOC_Os01g07120,LOC_Os12g22750,motif,merged
LOC_Os01g07120,LOC_Os08g19810,motif,merged
LOC_Os01g07120,LOC_Os04g37640,motif,merged
LOC_Os01g07120,LOC_Os04g52420,motif_CE,motif_CE
LOC_Os01g07120,LOC_Os05g18419,motif,merged
LOC_Os01g07120,LOC_Os06g01370,motif_CE,motif_CE
LOC_Os01g07120,LOC_Os01g51410,motif_CE,motif_CE
LOC_Os01g07120,LOC_Os03g63140,motif_CE,motif_CE
LOC_Os01g07120,LOC_Os09g25040,"motif, motif_CE",merged
LOC_Os01g07120,LOC_Os03g44840,motif,merged
LOC_Os01g07120,LOC_Os03g26370,motif,merged
LOC_Os01g07120,LOC_Os07g17910,motif,merged
LOC_Os01g07120,LOC_Os04g46790,motif,merged
LOC_Os01g07120,LOC_Os12g21610,motif,merged
LOC_Os01g07120,LOC_Os04g48570,motif,merged
LOC_Os01g07120,LOC_Os10g41880,motif,merged
LOC_Os01g07120,LOC_Os02g16600,motif_CE,motif_CE
LOC_Os01g07120,LOC_Os03g08250,"motif, motif_CE",merged
LOC_Os01g07120,LOC_Os03g17780,"FunTFBS, motif",merged
LOC_Os01g07120,LOC_Os03g04260,motif_CE,motif_CE
LOC_Os01g07120,LOC_Os08g36410,motif_CE,motif_CE
LOC_Os01g07120,LOC_Os08g01980,motif,merged
LOC_Os01g07120,LOC_Os09g38890,motif,merged
LOC_Os01g07120,LOC_Os05g42110,"motif, motif_CE",merged
LOC_Os01g07120,LOC_Os01g47310,motif,merged
LOC_Os01g07120,LOC_Os03g56670,motif_CE,motif_CE
LOC_Os01g07120,LOC_Os03g49680,motif,merged
LOC_Os01g07120,LOC_Os10g30490,motif,merged
LOC_Os01g07120,LOC_Os04g14850,motif,merged
LOC_Os01g07120,LOC_Os10g02140,motif,merged
LOC_Os01g07120,LOC_Os07g34370,motif,merged
LOC_Os01g07120,LOC_Os04g01990,motif,merged
LOC_Os01g07120,LOC_Os05g33530,motif,merged
LOC_Os01g07120,LOC_Os03g53000,motif,merged
LOC_Os01g07120,LOC_Os07g13590,motif,merged
LOC_Os01g07120,LOC_Os06g49700,motif,merged
LOC_Os01g07120,LOC_Os07g27430,motif,merged
LOC_Os01g07120,LOC_Os01g49340,"motif, motif_CE",merged
LOC_Os01g07120,LOC_Os01g04630,"motif, motif_CE",merged
LOC_Os01g07120,LOC_Os05g46360,motif,merged
LOC_Os01g07120,LOC_Os08g44030,motif,merged
LOC_Os01g07120,LOC_Os11g09450,motif,merged
LOC_Os01g07120,LOC_Os11g18690,motif,merged
LOC_Os01g07120,LOC_Os01g09212,motif,merged
LOC_Os01g07120,LOC_Os03g44500,motif_CE,motif_CE
LOC_Os01g07120,LOC_Os01g65840,motif,merged
LOC_Os01g07120,LOC_Os09g13100,motif,merged
LOC_Os01g07120,LOC_Os06g27920,motif_CE,motif_CE
LOC_Os01g07120,LOC_Os02g39650,motif,merged
LOC_Os01g07120,LOC_Os05g46270,motif_CE,motif_CE
LOC_Os01g07120,LOC_Os03g14349,motif,merged
LOC_Os01g07120,LOC_Os03g21950,motif,merged
LOC_Os01g07120,LOC_Os05g11890,motif,merged
LOC_Os01g07120,LOC_Os10g11110,motif,merged
LOC_Os01g07120,LOC_Os05g35720,motif_CE,motif_CE
LOC_Os01g07120,LOC_Os08g37080,motif,merged
LOC_Os01g07120,LOC_Os02g04924,motif,merged
LOC_Os01g07120,LOC_Os08g32130,motif,merged
LOC_Os01g07120,LOC_Os12g34220,motif,merged
LOC_Os01g07120,LOC_Os12g14870,motif,merged
LOC_Os01g07120,LOC_Os06g06280,motif,merged
LOC_Os01g07120,LOC_Os01g27710,FunTFBS,FunTFBS
LOC_Os01g07120,LOC_Os04g54710,motif,merged
LOC_Os01g07120,LOC_Os03g54160,motif,merged
LOC_Os01g07120,LOC_Os03g42610,motif,merged
LOC_Os01g07120,LOC_Os09g07820,motif,merged
LOC_Os01g07120,LOC_Os10g37850,FunTFBS,FunTFBS
LOC_Os01g07120,LOC_Os02g40514,motif,merged
LOC_Os01g07120,LOC_Os04g34580,"motif, motif_CE",merged
LOC_Os01g07120,LOC_Os06g15910,motif,merged
LOC_Os01g07120,LOC_Os03g19400,"motif, motif_CE",merged
LOC_Os01g07120,LOC_Os07g40790,motif_CE,motif_CE
LOC_Os01g07120,LOC_Os05g26194,motif,merged
LOC_Os01g07120,LOC_Os06g22400,motif,merged
LOC_Os01g07120,LOC_Os09g23170,"FunTFBS, motif",merged
LOC_Os01g07120,LOC_Os07g47570,motif_CE,motif_CE
LOC_Os01g07120,LOC_Os12g42150,motif_CE,motif_CE
LOC_Os01g07120,LOC_Os10g33990,motif,merged
LOC_Os01g07120,LOC_Os10g32150,motif,merged
LOC_Os01g07120,LOC_Os05g22970,"motif, motif_CE",merged
LOC_Os01g07120,LOC_Os10g42520,FunTFBS,FunTFBS
LOC_Os01g07120,LOC_Os10g29000,motif,merged
LOC_Os01g07120,LOC_Os11g40490,motif,merged
LOC_Os01g07120,LOC_Os08g08220,motif_CE,motif_CE
LOC_Os01g07120,LOC_Os11g34010,FunTFBS,FunTFBS
LOC_Os01g07120,LOC_Os08g16190,motif,merged
LOC_Os01g07120,LOC_Os08g02410,"motif, motif_CE",merged
LOC_Os01g07120,LOC_Os05g49670,motif,merged
LOC_Os01g07120,LOC_Os06g01240,motif,merged
LOC_Os01g07120,LOC_Os04g05630,motif,merged
LOC_Os01g07120,LOC_Os05g11750,motif,merged
LOC_Os01g07120,LOC_Os01g29690,FunTFBS,FunTFBS
LOC_Os01g07120,LOC_Os11g02510,"FunTFBS, motif",merged
LOC_Os01g07120,LOC_Os03g52410,motif,merged
LOC_Os01g07120,LOC_Os06g16190,motif,merged
LOC_Os01g07120,LOC_Os01g09510,motif_CE,motif_CE
LOC_Os01g07120,LOC_Os08g27410,motif,merged
LOC_Os01g07120,LOC_Os08g10010,motif,merged
LOC_Os01g07120,LOC_Os07g08300,motif,merged
LOC_Os01g07120,LOC_Os03g29730,motif_CE,motif_CE
LOC_Os01g07120,LOC_Os03g32526,"motif, motif_CE",merged
LOC_Os01g07120,LOC_Os05g51870,motif,merged
LOC_Os01g07120,LOC_Os03g61340,motif_CE,motif_CE
LOC_Os01g07120,LOC_Os09g39790,FunTFBS,FunTFBS
LOC_Os01g07120,LOC_Os10g37620,motif,merged
LOC_Os01g07120,LOC_Os07g40070,motif,merged
LOC_Os01g07120,LOC_Os04g09870,motif,merged
LOC_Os01g07120,LOC_Os11g02470,motif,merged
LOC_Os01g07120,LOC_Os08g29460,motif,merged
LOC_Os01g07120,LOC_Os05g41710,FunTFBS,FunTFBS
LOC_Os01g07120,LOC_Os05g35110,motif,merged
LOC_Os01g07120,LOC_Os06g08005,motif_CE,motif_CE
LOC_Os01g07120,LOC_Os09g30360,"motif, motif_CE",merged
LOC_Os01g07120,LOC_Os02g31240,motif,merged
LOC_Os01g07120,LOC_Os05g49164,motif,merged
LOC_Os01g07120,LOC_Os08g16630,motif,merged
LOC_Os01g07120,LOC_Os05g46570,FunTFBS,FunTFBS
LOC_Os01g07120,LOC_Os01g14890,motif,merged
LOC_Os01g07120,LOC_Os09g01940,motif,merged
LOC_Os01g07120,LOC_Os10g14070,motif_CE,motif_CE
LOC_Os01g07120,LOC_Os04g18570,motif,merged
LOC_Os01g07120,LOC_Os08g22950,motif,merged
LOC_Os01g07120,LOC_Os09g07120,"motif, motif_CE",merged
LOC_Os01g07120,LOC_Os01g12220,"FunTFBS, motif",merged
LOC_Os01g07120,LOC_Os11g12800,"FunTFBS, motif, motif_CE",merged
LOC_Os01g07120,LOC_Os06g39850,motif,merged
LOC_Os01g07120,LOC_Os02g43510,FunTFBS,FunTFBS
LOC_Os01g07120,LOC_Os12g44080,motif,merged
LOC_Os01g07120,LOC_Os02g24980,motif_CE,motif_CE
LOC_Os01g07120,LOC_Os01g20060,motif,merged
LOC_Os01g07120,LOC_Os06g41750,"FunTFBS, motif, motif_CE",merged
LOC_Os01g07120,LOC_Os07g06199,motif_CE,motif_CE
LOC_Os01g07120,LOC_Os11g19970,motif,merged
LOC_Os01g07120,LOC_Os08g27630,"motif, motif_CE",merged
LOC_Os01g07120,LOC_Os03g02790,motif,merged
LOC_Os01g07120,LOC_Os01g08814,motif,merged
LOC_Os01g07120,LOC_Os06g51250,motif,merged
LOC_Os01g07120,LOC_Os07g16530,motif,merged
LOC_Os01g07120,LOC_Os06g07540,"FunTFBS, motif",merged
LOC_Os01g07120,LOC_Os01g14410,"motif, motif_CE",merged
LOC_Os01g07120,LOC_Os02g35010,motif,merged
LOC_Os01g07120,LOC_Os02g39580,motif,merged
LOC_Os01g07120,LOC_Os05g05590,motif,merged
LOC_Os01g07120,LOC_Os01g47620,"motif, motif_CE",merged
LOC_Os01g07120,LOC_Os05g24430,motif,merged
LOC_Os01g07120,LOC_Os05g11710,motif_CE,motif_CE
LOC_Os01g07120,LOC_Os02g45140,motif,merged
LOC_Os01g07120,LOC_Os03g63140,"motif, motif_CE",merged
LOC_Os01g07120,LOC_Os07g48710,motif,merged
LOC_Os01g07120,LOC_Os06g09960,motif,merged
LOC_Os01g07120,LOC_Os08g14780,motif,merged
LOC_Os01g07120,LOC_Os08g11050,motif,merged
LOC_Os01g07120,LOC_Os02g40430,"motif, motif_CE",merged
LOC_Os01g07120,LOC_Os02g47570,"motif, motif_CE",merged
LOC_Os01g07120,LOC_Os05g41270,motif,merged
LOC_Os01g07120,LOC_Os04g46430,motif,merged
LOC_Os01g07120,LOC_Os07g06800,motif,merged
LOC_Os01g07120,LOC_Os02g57580,"motif, motif_CE",merged
LOC_Os01g07120,LOC_Os10g18220,motif,merged
LOC_Os01g07120,LOC_Os01g58754,motif_CE,motif_CE
LOC_Os01g07120,LOC_Os08g20720,"FunTFBS, motif",merged
LOC_Os01g07120,LOC_Os11g08410,motif,merged
LOC_Os01g07120,LOC_Os06g19880,motif,merged
LOC_Os01g07120,LOC_Os05g22370,"FunTFBS, motif",merged
LOC_Os01g07120,LOC_Os08g03270,motif,merged
LOC_Os01g07120,LOC_Os06g04910,motif,merged
LOC_Os01g07120,LOC_Os10g32780,motif_CE,motif_CE
LOC_Os01g07120,LOC_Os11g35180,motif,merged
LOC_Os01g07120,LOC_Os01g49890,motif,merged
LOC_Os01g07120,LOC_Os06g33750,motif,merged
LOC_Os01g07120,LOC_Os12g04800,motif,merged
LOC_Os01g07120,LOC_Os06g12070,motif_CE,motif_CE
LOC_Os01g07120,LOC_Os09g10860,motif,merged
LOC_Os01g07120,LOC_Os01g62860,motif,merged
LOC_Os01g07120,LOC_Os05g09460,motif,merged
LOC_Os01g07120,LOC_Os10g33970,"motif, motif_CE",merged
LOC_Os01g07120,LOC_Os02g54890,motif,merged
LOC_Os01g07120,LOC_Os12g39350,motif_CE,motif_CE
LOC_Os01g07120,LOC_Os12g35650,motif,merged
LOC_Os01g07120,LOC_Os08g39170,motif,merged
LOC_Os01g07120,LOC_Os02g08070,motif,merged
LOC_Os01g07120,LOC_Os07g12290,motif_CE,motif_CE
LOC_Os01g07120,LOC_Os11g27700,motif,merged
LOC_Os01g07120,LOC_Os07g37045,motif,merged
LOC_Os01g07120,LOC_Os03g45410,"motif, motif_CE",merged
LOC_Os01g07120,LOC_Os01g15770,motif,merged
LOC_Os01g07120,LOC_Os02g11740,motif,merged
LOC_Os01g07120,LOC_Os05g35720,"motif, motif_CE",merged
LOC_Os01g07120,LOC_Os06g08080,motif,merged
LOC_Os01g07120,LOC_Os03g50940,motif,merged
LOC_Os01g07120,LOC_Os02g35090,motif,merged
LOC_Os01g07120,LOC_Os11g05110,motif,merged
LOC_Os01g07120,LOC_Os09g26590,motif,merged
LOC_Os01g07120,LOC_Os09g24300,motif,merged
LOC_Os01g07120,LOC_Os10g01430,motif,merged
LOC_Os01g07120,LOC_Os11g43430,motif,merged
LOC_Os01g07120,LOC_Os02g02970,motif,merged
LOC_Os01g07120,LOC_Os06g39580,motif,merged
LOC_Os01g07120,LOC_Os12g40180,motif_CE,motif_CE
LOC_Os01g07120,LOC_Os09g25480,motif,merged
LOC_Os01g07120,LOC_Os01g40080,motif,merged
LOC_Os01g07120,LOC_Os02g56565,FunTFBS,FunTFBS
LOC_Os01g07120,LOC_Os04g39814,motif,merged
LOC_Os01g07120,LOC_Os05g16360,motif,merged
LOC_Os01g07120,LOC_Os02g16470,motif,merged
LOC_Os01g07120,LOC_Os07g40790,"motif, motif_CE",merged
LOC_Os01g07120,LOC_Os06g12640,"motif, motif_CE",merged
LOC_Os01g07120,LOC_Os12g42150,"motif, motif_CE",merged
LOC_Os01g07120,LOC_Os08g30240,motif_CE,motif_CE
LOC_Os01g07120,LOC_Os06g40600,FunTFBS,FunTFBS
LOC_Os01g07120,LOC_Os05g15100,FunTFBS,FunTFBS
LOC_Os01g07120,LOC_Os07g05145,motif,merged
LOC_Os01g07120,LOC_Os01g45080,motif,merged
LOC_Os01g07120,LOC_Os08g36690,motif,merged
LOC_Os01g07120,LOC_Os08g03230,motif,merged
LOC_Os01g07120,LOC_Os12g43790,motif,merged
LOC_Os01g07120,LOC_Os02g40410,motif_CE,motif_CE
LOC_Os01g07120,LOC_Os03g24390,motif,merged
LOC_Os01g07120,LOC_Os08g08220,"motif, motif_CE",merged
LOC_Os01g07120,LOC_Os05g06270,motif,merged
LOC_Os01g07120,LOC_Os05g02750,motif,merged
LOC_Os01g07120,LOC_Os01g72590,motif,merged
LOC_Os01g07120,LOC_Os07g07520,motif,merged
LOC_Os01g07120,LOC_Os11g13620,motif,merged
LOC_Os01g07120,LOC_Os12g06630,motif,merged
LOC_Os01g07120,LOC_Os01g55090,"motif, motif_CE",merged
LOC_Os01g07120,LOC_Os05g34040,motif_CE,motif_CE
LOC_Os01g07120,LOC_Os05g32220,FunTFBS,FunTFBS
LOC_Os01g07120,LOC_Os03g07360,motif,merged
LOC_Os01g07120,LOC_Os05g50220,motif_CE,motif_CE
LOC_Os01g07120,LOC_Os06g09120,motif,merged
LOC_Os01g07120,LOC_Os01g09510,"motif, motif_CE",merged
LOC_Os01g07120,LOC_Os10g42448,motif,merged
LOC_Os01g07120,LOC_Os02g39155,"motif, motif_CE",merged
LOC_Os01g07120,LOC_Os12g05640,"motif, motif_CE",merged
LOC_Os01g07120,LOC_Os01g28894,motif,merged
LOC_Os01g07120,LOC_Os03g61340,"motif, motif_CE",merged
LOC_Os01g07120,LOC_Os10g38360,motif,merged
LOC_Os01g07120,LOC_Os08g10070,motif,merged
LOC_Os01g07120,LOC_Os03g63420,"motif, motif_CE",merged
LOC_Os01g07120,LOC_Os09g29570,motif,merged
LOC_Os01g07120,LOC_Os12g21870,motif_CE,motif_CE
LOC_Os01g07120,LOC_Os07g37680,motif_CE,motif_CE
LOC_Os01g07120,LOC_Os07g02790,motif,merged
LOC_Os01g07120,LOC_Os07g02490,motif,merged
LOC_Os01g07120,LOC_Os05g26049,motif,merged
LOC_Os01g07120,LOC_Os09g14050,motif,merged
LOC_Os01g07120,LOC_Os06g08005,"motif, motif_CE",merged
LOC_Os01g07120,LOC_Os02g19140,"motif, motif_CE",merged
LOC_Os01g07120,LOC_Os03g26830,motif,merged
LOC_Os01g07120,LOC_Os08g35060,"motif, motif_CE",merged
LOC_Os01g07120,LOC_Os03g22190,motif,merged
LOC_Os01g07120,LOC_Os03g33540,motif,merged
LOC_Os01g07120,LOC_Os10g20970,motif,merged
LOC_Os01g07120,LOC_Os01g46720,motif,merged
LOC_Os01g07120,LOC_Os06g20050,"FunTFBS, motif",merged
LOC_Os01g07120,LOC_Os06g42824,"FunTFBS, motif, motif_CE",merged
LOC_Os01g07120,LOC_Os04g35390,motif,merged
LOC_Os01g07120,LOC_Os03g53260,motif,merged
LOC_Os01g07120,LOC_Os06g38056,motif,merged
LOC_Os01g07120,LOC_Os04g08470,motif,merged
LOC_Os01g07120,LOC_Os11g29850,motif,merged
LOC_Os01g07120,LOC_Os04g13290,motif_CE,motif_CE
LOC_Os01g07120,LOC_Os11g45410,motif,merged
LOC_Os01g07120,LOC_Os12g41620,motif_CE,motif_CE
LOC_Os01g07120,LOC_Os02g42220,motif,merged
LOC_Os01g07120,LOC_Os05g07010,motif,merged
LOC_Os01g07120,LOC_Os12g13824,motif,merged
LOC_Os01g07120,LOC_Os03g05020,"FunTFBS, motif, motif_CE",merged
LOC_Os01g07120,LOC_Os05g50170,motif,merged
LOC_Os01g07120,LOC_Os02g39764,motif,merged
LOC_Os01g07120,LOC_Os12g36780,motif,merged
LOC_Os01g07120,LOC_Os06g49530,motif_CE,motif_CE
LOC_Os01g07120,LOC_Os09g24860,motif,merged
LOC_Os01g07120,LOC_Os01g18680,"FunTFBS, motif",merged
LOC_Os01g07120,LOC_Os09g14550,motif,merged
LOC_Os01g07120,LOC_Os01g51410,"motif, motif_CE",merged
LOC_Os01g07120,LOC_Os01g31590,"FunTFBS, motif",merged
LOC_Os01g07120,LOC_Os05g05720,motif_CE,motif_CE
LOC_Os01g07120,LOC_Os04g46270,motif,merged
LOC_Os01g07120,LOC_Os03g20560,"motif, motif_CE",merged
LOC_Os01g07120,LOC_Os04g12620,motif,merged
LOC_Os01g07120,LOC_Os01g58754,"motif, motif_CE",merged
LOC_Os01g07120,LOC_Os01g31780,"FunTFBS, motif",merged
LOC_Os01g07120,LOC_Os03g04260,"motif, motif_CE",merged
LOC_Os01g07120,LOC_Os11g25650,motif,merged
LOC_Os01g07120,LOC_Os01g37900,motif,merged
LOC_Os01g07120,LOC_Os02g39350,motif_CE,motif_CE
LOC_Os01g07120,LOC_Os06g12070,"motif, motif_CE",merged
LOC_Os01g07120,LOC_Os07g23710,motif_CE,motif_CE
LOC_Os01g07120,LOC_Os12g40970,motif,merged
LOC_Os01g07120,LOC_Os02g17580,"FunTFBS, motif",merged
LOC_Os01g07120,LOC_Os12g39350,"motif, motif_CE",merged
LOC_Os01g07120,LOC_Os07g45290,FunTFBS,FunTFBS
LOC_Os01g07120,LOC_Os01g11040,motif,merged
LOC_Os01g07120,LOC_Os03g46030,motif,merged
LOC_Os01g07120,LOC_Os10g20660,motif,merged
LOC_Os01g07120,LOC_Os05g04540,motif,merged
LOC_Os01g07120,LOC_Os03g19040,"motif, motif_CE",merged
LOC_Os01g07120,LOC_Os11g04790,motif,merged
LOC_Os01g07120,LOC_Os06g11110,motif,merged
LOC_Os01g07120,LOC_Os08g33620,motif,merged
LOC_Os01g07120,LOC_Os06g42310,"FunTFBS, motif",merged
LOC_Os01g07120,LOC_Os02g56480,motif,merged
LOC_Os01g07120,LOC_Os04g04240,motif,merged
LOC_Os01g07120,LOC_Os11g39820,motif,merged
LOC_Os01g07120,LOC_Os12g11140,motif,merged
LOC_Os01g07120,LOC_Os06g06540,motif,merged
LOC_Os01g07120,LOC_Os02g04750,motif,merged
LOC_Os01g07120,LOC_Os01g28160,motif,merged
LOC_Os01g07120,LOC_Os12g21930,motif,merged
LOC_Os01g07120,LOC_Os12g25700,motif,merged
LOC_Os01g07120,LOC_Os08g31860,motif,merged
LOC_Os01g07120,LOC_Os10g02780,motif,merged
LOC_Os01g07120,LOC_Os04g43420,motif,merged
LOC_Os01g07120,LOC_Os02g41940,FunTFBS,FunTFBS
LOC_Os01g07120,LOC_Os05g46300,motif,merged
LOC_Os01g07120,LOC_Os06g45910,motif,merged
LOC_Os01g07120,LOC_Os02g28680,motif,merged
LOC_Os01g07120,LOC_Os12g31670,motif,merged
LOC_Os01g07120,LOC_Os06g49620,motif,merged
LOC_Os01g07120,LOC_Os12g25760,motif,merged
LOC_Os01g07120,LOC_Os09g08520,motif,merged
LOC_Os01g07120,LOC_Os07g07530,"motif, motif_CE",merged
LOC_Os01g07120,LOC_Os09g39380,"motif, motif_CE",merged
LOC_Os01g07120,LOC_Os08g31814,motif,merged
LOC_Os01g07120,LOC_Os02g24155,motif,merged
LOC_Os01g07120,LOC_Os06g38850,motif,merged
LOC_Os01g07120,LOC_Os11g10820,motif,merged
LOC_Os01g07120,LOC_Os01g70590,motif,merged
LOC_Os01g07120,LOC_Os07g05740,motif,merged
LOC_Os01g07120,LOC_Os03g50480,motif_CE,motif_CE
LOC_Os01g07120,LOC_Os05g32600,motif,merged
LOC_Os01g07120,LOC_Os03g15010,"FunTFBS, motif, motif_CE",merged
LOC_Os01g07120,LOC_Os07g29320,motif,merged
LOC_Os01g07120,LOC_Os06g12850,motif,merged
LOC_Os01g07120,LOC_Os05g50220,"motif, motif_CE",merged
LOC_Os01g07120,LOC_Os10g24680,motif,merged
LOC_Os01g07120,LOC_Os02g17700,motif,merged
LOC_Os01g07120,LOC_Os01g55410,"motif, motif_CE",merged
LOC_Os01g07120,LOC_Os12g43480,motif,merged
LOC_Os01g07120,LOC_Os04g12070,motif,merged
LOC_Os01g07120,LOC_Os08g38420,motif,merged
LOC_Os01g07120,LOC_Os03g27340,"motif, motif_CE",merged
LOC_Os01g07120,LOC_Os12g17610,motif,merged
LOC_Os01g07120,LOC_Os08g27090,motif,merged
LOC_Os01g07120,LOC_Os05g06960,motif,merged
LOC_Os01g07120,LOC_Os03g08140,motif_CE,motif_CE
LOC_Os01g07120,LOC_Os12g15505,motif,merged
LOC_Os01g07120,LOC_Os01g39540,motif,merged
LOC_Os01g07120,LOC_Os01g67134,motif_CE,motif_CE
LOC_Os01g07120,LOC_Os10g23884,motif,merged
LOC_Os01g07120,LOC_Os08g14760,motif,merged
LOC_Os01g07120,LOC_Os10g05500,motif,merged
LOC_Os01g07120,LOC_Os01g40950,motif_CE,motif_CE
LOC_Os01g07120,LOC_Os06g03410,motif,merged
LOC_Os01g07120,LOC_Os04g35520,motif,merged
LOC_Os01g07120,LOC_Os06g44380,motif_CE,motif_CE
LOC_Os01g07120,LOC_Os01g70190,"FunTFBS, motif",merged
LOC_Os01g07120,LOC_Os07g16150,motif,merged
LOC_Os01g07120,LOC_Os09g20500,motif,merged
LOC_Os01g07120,LOC_Os04g34760,motif,merged
LOC_Os01g07120,LOC_Os03g56350,motif,merged
LOC_Os01g07120,LOC_Os01g71100,motif,merged
LOC_Os01g07120,LOC_Os11g41610,motif,merged
LOC_Os01g07120,LOC_Os03g27360,FunTFBS,FunTFBS
LOC_Os01g07120,LOC_Os04g14680,motif_CE,motif_CE
LOC_Os01g07120,LOC_Os09g04360,motif,merged
LOC_Os01g07120,LOC_Os04g52560,motif_CE,motif_CE
LOC_Os01g07120,LOC_Os04g51240,motif_CE,motif_CE
LOC_Os01g07120,LOC_Os02g14080,motif,merged
LOC_Os01g07120,LOC_Os04g35770,motif,merged
LOC_Os01g07120,LOC_Os01g42540,motif,merged
LOC_Os01g07120,LOC_Os02g34830,motif,merged
LOC_Os01g07120,LOC_Os01g52060,motif_CE,motif_CE
LOC_Os01g07120,LOC_Os07g12600,motif,merged
LOC_Os01g07120,LOC_Os10g30270,"FunTFBS, motif",merged
LOC_Os01g07120,LOC_Os05g40490,FunTFBS,FunTFBS
LOC_Os01g07120,LOC_Os01g33940,motif,merged
LOC_Os01g07120,LOC_Os01g71460,motif,merged
LOC_Os01g07120,LOC_Os04g17220,motif,merged
LOC_Os01g07120,LOC_Os11g03690,motif,merged
LOC_Os01g07120,LOC_Os04g42270,motif_CE,motif_CE
LOC_Os01g07120,LOC_Os08g31690,motif,merged
LOC_Os01g07120,LOC_Os09g03780,motif,merged
LOC_Os01g07120,LOC_Os01g26130,motif,merged
LOC_Os01g07120,LOC_Os05g51960,motif,merged
LOC_Os01g07120,LOC_Os01g40620,motif_CE,motif_CE
LOC_Os01g07120,LOC_Os08g09640,motif,merged
LOC_Os01g07120,LOC_Os02g13670,motif,merged
LOC_Os01g07120,LOC_Os05g49100,motif,merged
LOC_Os01g07120,LOC_Os03g50364,motif_CE,motif_CE
LOC_Os01g07120,LOC_Os08g06410,FunTFBS,FunTFBS
LOC_Os01g07120,LOC_Os01g49680,motif,merged
LOC_Os01g07120,LOC_Os02g17840,motif,merged
LOC_Os01g07120,LOC_Os12g32130,motif,merged
LOC_Os01g07120,LOC_Os09g23380,motif,merged
LOC_Os01g07120,LOC_Os10g32780,"motif, motif_CE",merged
LOC_Os01g07120,LOC_Os07g11440,motif_CE,motif_CE
LOC_Os01g07120,LOC_Os05g19260,motif,merged
LOC_Os01g07120,LOC_Os04g35230,motif,merged
LOC_Os01g07120,LOC_Os01g58114,motif,merged
LOC_Os01g07120,LOC_Os10g33104,motif,merged
LOC_Os01g07120,LOC_Os10g41770,motif_CE,motif_CE
LOC_Os01g07120,LOC_Os06g03130,motif,merged
LOC_Os01g07120,LOC_Os01g67160,motif,merged
LOC_Os01g07120,LOC_Os06g42740,motif,merged
LOC_Os01g07120,LOC_Os04g11240,motif,merged
LOC_Os01g07120,LOC_Os06g06700,motif,merged
LOC_Os01g07120,LOC_Os05g46110,motif,merged
LOC_Os01g07120,LOC_Os06g30390,"motif, motif_CE",merged
LOC_Os01g07120,LOC_Os03g53500,motif_CE,motif_CE
LOC_Os01g07120,LOC_Os08g05720,motif,merged
LOC_Os01g07120,LOC_Os07g39900,motif,merged
LOC_Os01g07120,LOC_Os02g37440,motif,merged
LOC_Os01g07120,LOC_Os07g40110,motif,merged
LOC_Os01g07120,LOC_Os06g46550,motif,merged
LOC_Os01g07120,LOC_Os07g21990,motif,merged
LOC_Os01g07120,LOC_Os11g24090,motif,merged
LOC_Os01g07120,LOC_Os03g46052,"motif, motif_CE",merged
LOC_Os01g07120,LOC_Os12g06670,motif,merged
LOC_Os01g07120,LOC_Os07g12290,"motif, motif_CE",merged
LOC_Os01g07120,LOC_Os03g44642,motif,merged
LOC_Os01g07120,LOC_Os02g10540,motif_CE,motif_CE
LOC_Os01g07120,LOC_Os07g02270,motif,merged
LOC_Os01g07120,LOC_Os05g01210,motif,merged
LOC_Os01g07120,LOC_Os12g32930,"FunTFBS, motif",merged
LOC_Os01g07120,LOC_Os03g34020,motif,merged
LOC_Os01g07120,LOC_Os02g51830,"FunTFBS, motif, motif_CE",merged
LOC_Os01g07120,LOC_Os03g52620,motif_CE,motif_CE
LOC_Os01g07120,LOC_Os04g50660,motif_CE,motif_CE
LOC_Os01g07120,LOC_Os03g46490,motif,merged
LOC_Os01g07120,LOC_Os08g44260,motif,merged
LOC_Os01g07120,LOC_Os07g11280,motif,merged
LOC_Os01g07120,LOC_Os07g46400,motif,merged
LOC_Os01g07120,LOC_Os12g43960,motif,merged
LOC_Os01g07120,LOC_Os02g07090,motif,merged
LOC_Os01g07120,LOC_Os03g46190,"motif, motif_CE",merged
LOC_Os01g07120,LOC_Os03g42520,motif,merged
LOC_Os01g07120,LOC_Os03g51260,motif,merged
LOC_Os01g07120,LOC_Os03g56490,motif,merged
LOC_Os01g07120,LOC_Os03g17440,motif_CE,motif_CE
LOC_Os01g07120,LOC_Os03g19427,"motif, motif_CE",merged
LOC_Os01g07120,ChrSy.fgenesh.gene.74,"FunTFBS, motif",merged
LOC_Os01g07120,LOC_Os02g48260,motif,merged
LOC_Os01g07120,LOC_Os05g35900,"FunTFBS, motif",merged
LOC_Os01g07120,LOC_Os03g33670,motif,merged
LOC_Os01g07120,LOC_Os08g43120,motif,merged
LOC_Os01g07120,LOC_Os08g29669,motif,merged
LOC_Os01g07120,LOC_Os02g38890,motif,merged
LOC_Os01g07120,LOC_Os10g19919,motif,merged
LOC_Os01g07120,LOC_Os10g10929,motif,merged
LOC_Os01g07120,LOC_Os04g34230,motif,merged
LOC_Os01g07120,LOC_Os02g26404,"motif, motif_CE",merged
LOC_Os01g07120,LOC_Os03g58204,motif,merged
LOC_Os01g07120,LOC_Os09g13150,motif,merged
LOC_Os01g07120,LOC_Os06g14030,motif,merged
LOC_Os01g07120,LOC_Os12g37430,motif,merged
LOC_Os01g07120,LOC_Os02g45580,FunTFBS,FunTFBS
LOC_Os01g07120,LOC_Os06g24920,motif,merged
LOC_Os01g07120,LOC_Os12g01290,motif,merged
LOC_Os01g07120,LOC_Os12g41962,motif,merged
LOC_Os01g07120,LOC_Os01g74600,motif,merged
LOC_Os01g07120,LOC_Os12g30750,motif,merged
LOC_Os01g07120,LOC_Os11g03080,"FunTFBS, motif",merged
LOC_Os01g07120,LOC_Os03g24210,motif,merged
LOC_Os01g07120,LOC_Os08g43300,motif_CE,motif_CE
LOC_Os01g07120,LOC_Os11g01800,motif,merged
LOC_Os01g07120,ChrUn.fgenesh.gene.28,motif,merged
LOC_Os01g07120,LOC_Os01g70150,motif,merged
LOC_Os01g07120,LOC_Os12g42010,motif,merged
LOC_Os01g07120,LOC_Os12g09470,motif,merged
LOC_Os01g07120,LOC_Os10g20720,"FunTFBS, motif",merged
LOC_Os01g07120,LOC_Os12g04880,FunTFBS,FunTFBS
LOC_Os01g07120,LOC_Os11g30950,motif,merged
LOC_Os01g07120,LOC_Os03g16660,"FunTFBS, motif",merged
LOC_Os01g07120,LOC_Os03g49650,motif,merged
LOC_Os01g07120,LOC_Os03g04230,FunTFBS,FunTFBS
LOC_Os01g07120,LOC_Os04g32180,motif,merged
LOC_Os01g07120,LOC_Os02g30230,motif,merged
LOC_Os01g07120,LOC_Os09g25190,motif,merged
LOC_Os01g07120,LOC_Os12g36540,motif,merged
LOC_Os01g07120,LOC_Os02g32000,motif,merged
LOC_Os01g07120,LOC_Os12g42330,motif,merged
LOC_Os01g07120,LOC_Os03g34300,motif,merged
LOC_Os01g07120,LOC_Os05g45270,motif_CE,motif_CE
LOC_Os01g07120,LOC_Os04g51320,"FunTFBS, motif",merged
LOC_Os01g07120,LOC_Os02g32170,motif,merged
LOC_Os01g07120,LOC_Os03g15680,motif_CE,motif_CE
LOC_Os01g07120,LOC_Os05g14120,"FunTFBS, motif",merged
LOC_Os01g07120,LOC_Os07g28280,motif,merged
LOC_Os01g07120,LOC_Os09g02070,FunTFBS,FunTFBS
LOC_Os01g07120,LOC_Os08g39470,motif,merged
LOC_Os01g07120,LOC_Os02g33850,"motif, motif_CE",merged
LOC_Os01g07120,LOC_Os06g31380,motif,merged
LOC_Os01g07120,LOC_Os01g08610,motif,merged
LOC_Os01g07120,LOC_Os01g60020,motif,merged
LOC_Os01g07120,LOC_Os12g23700,motif,merged
LOC_Os01g07120,LOC_Os06g49170,motif,merged
LOC_Os01g07120,LOC_Os12g09710,motif_CE,motif_CE
LOC_Os01g07120,LOC_Os12g32250,motif,merged
LOC_Os01g07120,LOC_Os11g41210,motif,merged
LOC_Os01g07120,LOC_Os10g25980,motif,merged
LOC_Os01g07120,LOC_Os03g07070,motif,merged
LOC_Os01g07120,LOC_Os04g14680,"motif, motif_CE",merged
LOC_Os01g07120,LOC_Os02g19860,motif_CE,motif_CE
LOC_Os01g07120,LOC_Os01g42934,motif,merged
LOC_Os01g07120,LOC_Os07g17510,motif,merged
LOC_Os01g07120,LOC_Os06g49460,motif_CE,motif_CE
LOC_Os01g07120,LOC_Os07g49530,motif_CE,motif_CE
LOC_Os01g07120,LOC_Os07g19110,motif,merged
LOC_Os01g07120,LOC_Os12g41620,"motif, motif_CE",merged
LOC_Os01g07120,LOC_Os04g25290,motif,merged
LOC_Os01g07120,LOC_Os03g48940,motif,merged
LOC_Os01g07120,LOC_Os02g53340,"FunTFBS, motif, motif_CE",merged
LOC_Os01g07120,LOC_Os07g10290,motif,merged
LOC_Os01g07120,LOC_Os10g11400,motif,merged
LOC_Os01g07120,LOC_Os07g10660,FunTFBS,FunTFBS
LOC_Os01g07120,LOC_Os06g50000,motif_CE,motif_CE
LOC_Os01g07120,LOC_Os09g22140,motif,merged
LOC_Os01g07120,LOC_Os12g04400,motif,merged
LOC_Os01g07120,LOC_Os10g01070,motif,merged
LOC_Os01g07120,LOC_Os07g19070,motif_CE,motif_CE
LOC_Os01g07120,LOC_Os04g16170,motif,merged
LOC_Os01g07120,LOC_Os04g20450,motif,merged
LOC_Os01g07120,LOC_Os03g40290,motif,merged
LOC_Os01g07120,LOC_Os04g45360,FunTFBS,FunTFBS
LOC_Os01g07120,LOC_Os09g29370,FunTFBS,FunTFBS
LOC_Os01g07120,LOC_Os12g11360,motif,merged
LOC_Os01g07120,LOC_Os03g21070,FunTFBS,FunTFBS
LOC_Os01g07120,LOC_Os08g11470,motif,merged
LOC_Os01g07120,LOC_Os01g05980,motif,merged
LOC_Os01g07120,LOC_Os03g35720,FunTFBS,FunTFBS
LOC_Os01g07120,LOC_Os05g16240,motif,merged
LOC_Os01g07120,LOC_Os08g03830,motif,merged
LOC_Os01g07120,LOC_Os04g38250,motif_CE,motif_CE
LOC_Os01g07120,LOC_Os02g50540,motif,merged
LOC_Os01g07120,LOC_Os09g25100,motif,merged
LOC_Os01g07120,LOC_Os09g26400,motif,merged
LOC_Os01g07120,LOC_Os01g49960,motif,merged
LOC_Os01g07120,LOC_Os07g39720,motif,merged
LOC_Os01g07120,LOC_Os04g30360,motif,merged
LOC_Os01g07120,LOC_Os02g39600,motif_CE,motif_CE
LOC_Os01g07120,LOC_Os04g50660,"motif, motif_CE",merged
LOC_Os01g07120,LOC_Os01g03464,motif,merged
LOC_Os01g07120,LOC_Os01g22720,"FunTFBS, motif",merged
LOC_Os01g07120,LOC_Os02g51790,motif,merged
LOC_Os01g07120,LOC_Os06g24260,motif,merged
LOC_Os01g07120,LOC_Os07g29240,motif,merged
LOC_Os01g07120,LOC_Os10g31910,motif_CE,motif_CE
LOC_Os01g07120,LOC_Os12g27320,motif,merged
LOC_Os01g07120,LOC_Os10g29660,motif,merged
LOC_Os01g07120,LOC_Os01g42980,motif,merged
LOC_Os01g07120,LOC_Os10g22970,motif,merged
LOC_Os01g07120,LOC_Os11g34480,motif,merged
LOC_Os01g07120,LOC_Os03g15810,motif_CE,motif_CE
LOC_Os01g07120,LOC_Os03g61610,motif,merged
LOC_Os01g07120,LOC_Os03g06070,motif,merged
LOC_Os01g07120,LOC_Os08g06490,motif,merged
LOC_Os01g07120,LOC_Os01g70990,motif_CE,motif_CE
LOC_Os01g07120,LOC_Os05g45420,motif,merged
LOC_Os01g07120,LOC_Os06g07878,motif,merged
LOC_Os01g07120,LOC_Os03g17440,"motif, motif_CE",merged
LOC_Os01g07120,LOC_Os05g20160,motif,merged
LOC_Os01g07120,LOC_Os10g42500,"FunTFBS, motif, motif_CE",merged
LOC_Os01g07120,LOC_Os10g30951,motif,merged
LOC_Os01g07120,LOC_Os05g30890,FunTFBS,FunTFBS
LOC_Os01g07120,LOC_Os09g27030,motif,merged
LOC_Os01g07120,LOC_Os05g15220,motif,merged
LOC_Os01g07120,LOC_Os10g23320,motif,merged
LOC_Os01g07120,LOC_Os12g36000,motif,merged
LOC_Os01g07120,LOC_Os01g73080,motif,merged
LOC_Os01g07120,LOC_Os01g17180,motif,merged
LOC_Os01g07120,LOC_Os06g40420,motif,merged
LOC_Os01g07120,LOC_Os08g16780,motif_CE,motif_CE
LOC_Os01g07120,LOC_Os01g34390,motif_CE,motif_CE
LOC_Os01g07120,LOC_Os01g13840,motif,merged
LOC_Os01g07120,LOC_Os08g15600,"FunTFBS, motif",merged
LOC_Os01g07120,LOC_Os09g38850,motif,merged
LOC_Os01g07120,LOC_Os02g40830,motif_CE,motif_CE
LOC_Os01g07120,LOC_Os09g26890,motif,merged
LOC_Os01g07120,LOC_Os05g37010,motif,merged
LOC_Os01g07120,LOC_Os08g27290,motif,merged
LOC_Os01g07120,LOC_Os04g39040,motif_CE,motif_CE
LOC_Os01g07120,LOC_Os11g08970,motif,merged
LOC_Os01g07120,LOC_Os05g03450,motif,merged
LOC_Os01g07120,LOC_Os01g44394,"FunTFBS, motif",merged
LOC_Os01g07120,LOC_Os02g30420,motif,merged
LOC_Os01g07120,LOC_Os03g24950,"FunTFBS, motif",merged
LOC_Os01g07120,LOC_Os08g38570,motif,merged
LOC_Os01g07120,LOC_Os01g38530,motif,merged
LOC_Os01g07120,LOC_Os01g09310,motif,merged
LOC_Os01g07120,LOC_Os07g42770,motif_CE,motif_CE
LOC_Os01g07120,LOC_Os06g09550,motif,merged
LOC_Os01g07120,LOC_Os03g46500,motif,merged
LOC_Os01g07120,LOC_Os06g23740,motif,merged
LOC_Os01g07120,LOC_Os11g24800,motif,merged
LOC_Os01g07120,LOC_Os01g67134,"motif, motif_CE",merged
LOC_Os01g07120,LOC_Os03g15680,"motif, motif_CE",merged
LOC_Os01g07120,LOC_Os06g49350,motif,merged
LOC_Os01g07120,LOC_Os05g28320,"FunTFBS, motif",merged
LOC_Os01g07120,LOC_Os09g32169,"FunTFBS, motif",merged
LOC_Os01g07120,LOC_Os07g03230,motif,merged
LOC_Os01g07120,LOC_Os03g08130,motif,merged
LOC_Os01g07120,LOC_Os04g57470,motif,merged
LOC_Os01g07120,LOC_Os10g33980,FunTFBS,FunTFBS
LOC_Os01g07120,LOC_Os04g14210,motif,merged
LOC_Os01g07120,LOC_Os02g43490,motif_CE,motif_CE
LOC_Os01g07120,LOC_Os11g45890,motif,merged
LOC_Os01g07120,LOC_Os08g41840,motif_CE,motif_CE
LOC_Os01g07120,LOC_Os07g38270,motif,merged
LOC_Os01g07120,LOC_Os05g40330,motif,merged
LOC_Os01g07120,LOC_Os01g66020,motif_CE,motif_CE
LOC_Os01g07120,LOC_Os02g50360,motif,merged
LOC_Os01g07120,LOC_Os12g37620,"motif, motif_CE",merged
LOC_Os01g07120,LOC_Os01g13800,motif,merged
LOC_Os01g07120,LOC_Os03g46440,motif_CE,motif_CE
LOC_Os01g07120,LOC_Os09g21770,motif,merged
LOC_Os01g07120,LOC_Os02g28920,motif,merged
LOC_Os01g07120,LOC_Os07g09100,motif,merged
LOC_Os01g07120,LOC_Os03g50610,motif,merged
LOC_Os01g07120,LOC_Os06g49460,"motif, motif_CE",merged
LOC_Os01g07120,LOC_Os07g05270,motif,merged
LOC_Os01g07120,LOC_Os06g20580,motif,merged
LOC_Os01g07120,LOC_Os07g49530,"motif, motif_CE",merged
LOC_Os01g07120,LOC_Os05g43210,motif,merged
LOC_Os01g07120,LOC_Os07g36700,motif,merged
LOC_Os01g07120,LOC_Os02g09540,motif_CE,motif_CE
LOC_Os01g07120,LOC_Os04g11500,motif,merged
LOC_Os01g07120,LOC_Os05g50130,motif,merged
LOC_Os01g07120,LOC_Os09g09790,motif,merged
LOC_Os01g07120,LOC_Os07g08030,"FunTFBS, motif, motif_CE",merged
LOC_Os01g07120,LOC_Os02g17470,motif,merged
LOC_Os01g07120,LOC_Os01g20120,motif,merged
LOC_Os01g07120,LOC_Os01g73110,FunTFBS,FunTFBS
LOC_Os01g07120,LOC_Os06g02070,motif,merged
LOC_Os01g07120,LOC_Os04g51240,"motif, motif_CE",merged
LOC_Os01g07120,LOC_Os01g52060,"motif, motif_CE",merged
LOC_Os01g07120,LOC_Os12g06930,motif,merged
LOC_Os01g07120,LOC_Os06g50000,"motif, motif_CE",merged
LOC_Os01g07120,LOC_Os06g14190,motif,merged
LOC_Os01g07120,LOC_Os08g17180,motif,merged
LOC_Os01g07120,LOC_Os06g15900,motif,merged
LOC_Os01g07120,LOC_Os04g32430,motif,merged
LOC_Os01g07120,LOC_Os02g55610,FunTFBS,FunTFBS
LOC_Os01g07120,LOC_Os01g13350,motif,merged
LOC_Os01g07120,LOC_Os07g07709,motif_CE,motif_CE
LOC_Os01g07120,LOC_Os01g29804,motif_CE,motif_CE
LOC_Os01g07120,LOC_Os07g19070,"motif, motif_CE",merged
LOC_Os01g07120,LOC_Os05g32020,motif,merged
LOC_Os01g07120,LOC_Os03g45730,motif,merged
LOC_Os01g07120,LOC_Os02g37610,motif_CE,motif_CE
LOC_Os01g07120,LOC_Os03g15120,motif_CE,motif_CE
LOC_Os01g07120,LOC_Os02g38990,motif,merged
LOC_Os01g07120,LOC_Os08g12320,motif,merged
LOC_Os01g07120,LOC_Os12g22330,motif,merged
LOC_Os01g07120,LOC_Os04g44290,motif_CE,motif_CE
LOC_Os01g07120,LOC_Os04g04010,motif,merged
LOC_Os01g07120,LOC_Os08g04590,motif,merged
LOC_Os01g07120,LOC_Os01g06650,motif,merged
LOC_Os01g07120,LOC_Os04g25490,motif,merged
LOC_Os01g07120,LOC_Os07g41330,"motif, motif_CE",merged
LOC_Os01g07120,LOC_Os01g69090,FunTFBS,FunTFBS
LOC_Os01g07120,LOC_Os05g10600,motif,merged
LOC_Os01g07120,LOC_Os02g50480,motif,merged
LOC_Os01g07120,LOC_Os06g28520,motif,merged
LOC_Os01g07120,LOC_Os01g36790,motif,merged
LOC_Os01g07120,LOC_Os07g19390,FunTFBS,FunTFBS
LOC_Os01g07120,LOC_Os09g28540,motif,merged
LOC_Os01g07120,LOC_Os08g43130,motif,merged
LOC_Os01g07120,LOC_Os02g06520,motif,merged
LOC_Os01g07120,LOC_Os04g19490,motif,merged
LOC_Os01g07120,LOC_Os11g09940,motif,merged
LOC_Os01g07120,LOC_Os03g53500,"motif, motif_CE",merged
LOC_Os01g07120,LOC_Os02g16680,motif,merged
LOC_Os01g07120,LOC_Os11g43760,motif,merged
LOC_Os01g07120,LOC_Os02g40140,motif,merged
LOC_Os01g07120,LOC_Os07g04490,motif,merged
LOC_Os01g07120,LOC_Os05g28290,motif,merged
LOC_Os01g07120,LOC_Os10g32540,FunTFBS,FunTFBS
LOC_Os01g07120,LOC_Os09g14740,FunTFBS,FunTFBS
LOC_Os01g07120,LOC_Os12g03610,motif,merged
LOC_Os01g07120,LOC_Os02g04740,motif,merged
LOC_Os01g07120,LOC_Os11g38640,motif,merged
LOC_Os01g07120,LOC_Os01g70990,"motif, motif_CE",merged
LOC_Os01g07120,LOC_Os04g51140,motif,merged
LOC_Os01g07120,LOC_Os10g37079,motif,merged
LOC_Os01g07120,LOC_Os01g14070,motif_CE,motif_CE
LOC_Os01g07120,LOC_Os04g43880,motif,merged
LOC_Os01g07120,LOC_Os11g40330,motif,merged
LOC_Os01g07120,LOC_Os09g36760,motif,merged
LOC_Os01g07120,LOC_Os11g42900,motif,merged
LOC_Os01g07120,LOC_Os03g54230,FunTFBS,FunTFBS
LOC_Os01g07120,LOC_Os05g13530,motif,merged
LOC_Os01g07120,LOC_Os12g12830,motif,merged
LOC_Os01g07120,LOC_Os06g09600,motif,merged
LOC_Os01g07120,LOC_Os01g03510,"motif, motif_CE",merged
LOC_Os01g07120,LOC_Os02g40940,motif,merged
LOC_Os01g07120,LOC_Os04g38500,motif,merged
LOC_Os01g07120,LOC_Os01g57790,motif,merged
LOC_Os01g07120,LOC_Os08g16780,"motif, motif_CE",merged
LOC_Os01g07120,LOC_Os07g02760,motif,merged
LOC_Os01g07120,LOC_Os02g29480,"FunTFBS, motif",merged
LOC_Os01g07120,LOC_Os04g54040,motif,merged
LOC_Os01g07120,LOC_Os06g19444,motif,merged
LOC_Os01g07120,LOC_Os09g02240,motif,merged
LOC_Os01g07120,LOC_Os06g45370,"motif, motif_CE",merged
LOC_Os01g07120,LOC_Os07g02840,motif,merged
LOC_Os01g07120,LOC_Os04g22420,FunTFBS,FunTFBS
LOC_Os01g07120,LOC_Os07g13130,motif,merged
LOC_Os01g07120,LOC_Os09g12900,motif,merged
LOC_Os01g07120,LOC_Os04g39040,"motif, motif_CE",merged
LOC_Os01g07120,LOC_Os06g33970,motif,merged
LOC_Os01g07120,LOC_Os07g41300,motif,merged
LOC_Os01g07120,LOC_Os06g44760,"FunTFBS, motif",merged
LOC_Os01g07120,LOC_Os08g04200,motif,merged
LOC_Os01g07120,LOC_Os01g08790,motif_CE,motif_CE
LOC_Os01g07120,LOC_Os05g27480,motif,merged
LOC_Os01g07120,LOC_Os02g21390,motif,merged
LOC_Os01g07120,LOC_Os02g16560,motif_CE,motif_CE
LOC_Os01g07120,LOC_Os11g17910,motif,merged
LOC_Os01g07120,LOC_Os11g45430,motif,merged
LOC_Os01g07120,LOC_Os04g41280,motif_CE,motif_CE
LOC_Os01g07120,LOC_Os03g26470,motif,merged
LOC_Os01g07120,LOC_Os05g29676,motif_CE,motif_CE
LOC_Os01g07120,LOC_Os10g19240,motif,merged
LOC_Os01g07120,LOC_Os07g42770,"motif, motif_CE",merged
LOC_Os01g07120,LOC_Os05g07000,motif_CE,motif_CE
LOC_Os01g07120,LOC_Os08g36600,motif,merged
LOC_Os01g07120,LOC_Os11g38030,motif,merged
LOC_Os01g07120,LOC_Os03g56620,FunTFBS,FunTFBS
LOC_Os01g07120,LOC_Os02g43490,"motif, motif_CE",merged
LOC_Os01g07120,LOC_Os12g32950,motif,merged
LOC_Os01g07120,LOC_Os05g06360,motif_CE,motif_CE
LOC_Os01g07120,LOC_Os08g32390,motif,merged
LOC_Os01g07120,LOC_Os06g37830,motif,merged
LOC_Os01g07120,LOC_Os01g37800,motif_CE,motif_CE
LOC_Os01g07120,LOC_Os05g05430,motif,merged
LOC_Os01g07120,LOC_Os03g46440,"motif, motif_CE",merged
LOC_Os01g07120,LOC_Os02g27340,motif,merged
LOC_Os01g07120,LOC_Os09g35720,motif,merged
LOC_Os01g07120,LOC_Os02g37210,motif,merged
LOC_Os01g07120,LOC_Os10g03360,motif,merged
LOC_Os01g07120,LOC_Os08g29200,motif,merged
LOC_Os01g07120,LOC_Os07g42690,motif,merged
LOC_Os01g07120,LOC_Os02g09540,"motif, motif_CE",merged
LOC_Os01g07120,LOC_Os01g45640,motif,merged
LOC_Os01g07120,LOC_Os01g70320,motif,merged
LOC_Os01g07120,LOC_Os02g15850,"motif, motif_CE",merged
LOC_Os01g07120,LOC_Os02g19860,"motif, motif_CE",merged
LOC_Os01g07120,LOC_Os07g14750,"FunTFBS, motif",merged
LOC_Os01g07120,LOC_Os05g19920,motif,merged
LOC_Os01g07120,LOC_Os03g63910,motif_CE,motif_CE
LOC_Os01g07120,LOC_Os02g06310,motif,merged
LOC_Os01g07120,LOC_Os02g52480,motif,merged
LOC_Os01g07120,LOC_Os03g41920,motif,merged
LOC_Os01g07120,LOC_Os02g51570,motif_CE,motif_CE
LOC_Os01g07120,LOC_Os08g02190,motif,merged
LOC_Os01g07120,LOC_Os08g05950,"FunTFBS, motif, motif_CE",merged
LOC_Os01g07120,LOC_Os04g50188,"FunTFBS, motif",merged
LOC_Os01g07120,LOC_Os12g43090,motif,merged
LOC_Os01g07120,LOC_Os04g50990,FunTFBS,FunTFBS
LOC_Os01g07120,LOC_Os03g03110,"FunTFBS, motif, motif_CE",merged
LOC_Os01g07120,LOC_Os02g56600,"FunTFBS, motif",merged
LOC_Os01g07120,LOC_Os01g41410,"FunTFBS, motif",merged
LOC_Os01g07120,LOC_Os08g05140,motif_CE,motif_CE
LOC_Os01g07120,LOC_Os02g56160,motif_CE,motif_CE
LOC_Os01g07120,LOC_Os12g18670,FunTFBS,FunTFBS
LOC_Os01g07120,LOC_Os01g74460,"FunTFBS, motif",merged
LOC_Os01g07120,LOC_Os10g32160,motif,merged
LOC_Os01g07120,LOC_Os02g36700,motif,merged
LOC_Os01g07120,LOC_Os01g72940,motif,merged
LOC_Os01g07120,LOC_Os04g43440,motif,merged
LOC_Os01g07120,LOC_Os05g44330,"FunTFBS, motif",merged
LOC_Os01g07120,LOC_Os01g26290,motif,merged
LOC_Os01g07120,LOC_Os05g44060,motif,merged
LOC_Os01g07120,LOC_Os07g45194,motif,merged
LOC_Os01g07120,LOC_Os04g40370,motif,merged
LOC_Os01g07120,LOC_Os01g56050,motif,merged
LOC_Os01g07120,LOC_Os03g04770,"motif, motif_CE",merged
LOC_Os01g07120,LOC_Os04g38250,"motif, motif_CE",merged
LOC_Os01g07120,LOC_Os02g29400,motif_CE,motif_CE
LOC_Os01g07120,LOC_Os06g08740,motif_CE,motif_CE
LOC_Os01g07120,LOC_Os03g54910,motif,merged
LOC_Os01g07120,LOC_Os10g24400,motif,merged
LOC_Os01g07120,LOC_Os01g41550,motif,merged
LOC_Os01g07120,LOC_Os05g34560,motif,merged
LOC_Os01g07120,LOC_Os02g28240,motif,merged
LOC_Os01g07120,LOC_Os08g12840,"FunTFBS, motif",merged
LOC_Os01g07120,LOC_Os02g39600,"motif, motif_CE",merged
LOC_Os01g07120,LOC_Os11g10200,motif,merged
LOC_Os01g07120,LOC_Os06g06420,"FunTFBS, motif, motif_CE",merged
LOC_Os01g07120,LOC_Os07g36960,motif,merged
LOC_Os01g07120,LOC_Os06g21430,motif,merged
LOC_Os01g07120,LOC_Os10g25220,"FunTFBS, motif, motif_CE",merged
LOC_Os01g07120,LOC_Os03g22780,"motif, motif_CE",merged
LOC_Os01g07120,LOC_Os10g21690,motif,merged
LOC_Os01g07120,LOC_Os10g31910,"motif, motif_CE",merged
LOC_Os01g07120,LOC_Os01g46090,motif_CE,motif_CE
LOC_Os01g07120,LOC_Os01g14070,"motif, motif_CE",merged
LOC_Os01g07120,LOC_Os10g30340,motif,merged
LOC_Os01g07120,LOC_Os02g52260,motif_CE,motif_CE
LOC_Os01g07120,LOC_Os06g04920,motif,merged
LOC_Os01g07120,LOC_Os12g42620,motif,merged
LOC_Os01g07120,LOC_Os04g48970,motif,merged
LOC_Os01g07120,LOC_Os01g66230,"motif, motif_CE",merged
LOC_Os01g07120,LOC_Os06g46830,motif,merged
LOC_Os01g07120,LOC_Os07g04510,motif,merged
LOC_Os01g07120,LOC_Os10g06580,motif,merged
LOC_Os01g07120,LOC_Os07g08480,motif,merged
LOC_Os01g07120,LOC_Os04g46700,motif,merged
LOC_Os01g07120,LOC_Os08g31660,"motif, motif_CE",merged
LOC_Os01g07120,LOC_Os07g36250,motif,merged
LOC_Os01g07120,LOC_Os10g36110,motif,merged
LOC_Os01g07120,LOC_Os08g42600,motif,merged
LOC_Os01g07120,LOC_Os11g42060,"FunTFBS, motif",merged
LOC_Os01g07120,LOC_Os01g09860,motif,merged
LOC_Os01g07120,LOC_Os03g61840,motif,merged
LOC_Os01g07120,LOC_Os05g44950,FunTFBS,FunTFBS
LOC_Os01g07120,LOC_Os10g16670,motif,merged
LOC_Os01g07120,LOC_Os04g47790,motif,merged
LOC_Os01g07120,LOC_Os02g05140,motif,merged
LOC_Os01g07120,LOC_Os03g16650,motif,merged
LOC_Os01g07120,LOC_Os02g09690,motif_CE,motif_CE
LOC_Os01g07120,LOC_Os03g06139,motif_CE,motif_CE
LOC_Os01g07120,LOC_Os06g31860,motif,merged
LOC_Os01g07120,LOC_Os02g40830,"motif, motif_CE",merged
LOC_Os01g07120,LOC_Os01g08790,"motif, motif_CE",merged
LOC_Os01g07120,LOC_Os06g39250,motif_CE,motif_CE
LOC_Os01g07120,LOC_Os04g41280,"motif, motif_CE",merged
LOC_Os01g07120,LOC_Os06g37800,motif,merged
LOC_Os01g07120,LOC_Os02g32630,FunTFBS,FunTFBS
LOC_Os01g07120,LOC_Os07g42950,"motif, motif_CE",merged
LOC_Os01g07120,LOC_Os08g07530,motif,merged
LOC_Os01g07120,LOC_Os05g16100,motif,merged
LOC_Os01g07120,LOC_Os11g07420,motif,merged
LOC_Os01g07120,LOC_Os07g18140,"FunTFBS, motif",merged
LOC_Os01g07120,LOC_Os07g16330,"FunTFBS, motif, motif_CE",merged
LOC_Os01g07120,LOC_Os07g19470,motif_CE,motif_CE
LOC_Os01g07120,LOC_Os01g60790,FunTFBS,FunTFBS
LOC_Os01g07120,LOC_Os12g41610,motif,merged
LOC_Os01g07120,LOC_Os05g17640,motif,merged
LOC_Os01g07120,LOC_Os10g36020,"motif, motif_CE",merged
LOC_Os01g07120,LOC_Os05g23570,motif,merged
LOC_Os01g07120,LOC_Os08g41840,"motif, motif_CE",merged
LOC_Os01g07120,LOC_Os12g38900,motif,merged
LOC_Os01g07120,LOC_Os11g29330,FunTFBS,FunTFBS
LOC_Os01g07120,LOC_Os08g42140,motif,merged
LOC_Os01g07120,LOC_Os04g22780,motif,merged
LOC_Os01g07120,LOC_Os01g12610,FunTFBS,FunTFBS
LOC_Os01g07120,LOC_Os11g04090,motif,merged
LOC_Os01g07120,LOC_Os07g02780,"motif, motif_CE",merged
LOC_Os01g07120,LOC_Os07g47160,motif,merged
LOC_Os01g07120,LOC_Os07g45980,motif,merged
LOC_Os01g07120,ChrUn.fgenesh.gene.38,motif,merged
LOC_Os01g07120,LOC_Os02g28590,motif,merged
LOC_Os01g07120,LOC_Os07g23560,FunTFBS,FunTFBS
LOC_Os01g07120,LOC_Os02g27840,motif,merged
LOC_Os01g07120,LOC_Os06g20380,motif,merged
LOC_Os01g07120,LOC_Os10g41420,motif,merged
LOC_Os01g07120,LOC_Os03g47820,motif,merged
LOC_Os01g07120,LOC_Os03g47252,"FunTFBS, motif",merged
LOC_Os01g07120,LOC_Os12g13750,motif,merged
LOC_Os01g07120,LOC_Os10g24510,motif,merged
LOC_Os01g07120,LOC_Os01g61290,motif,merged
LOC_Os01g07120,LOC_Os12g07430,motif,merged
LOC_Os01g07120,LOC_Os11g20610,motif,merged
LOC_Os01g07120,LOC_Os11g28980,motif,merged
LOC_Os01g07120,LOC_Os10g36030,"motif, motif_CE",merged
LOC_Os01g07120,LOC_Os02g17450,motif,merged
LOC_Os01g07120,LOC_Os04g24930,motif,merged
LOC_Os01g07120,LOC_Os10g08050,motif,merged
LOC_Os01g07120,LOC_Os09g36930,"motif, motif_CE",merged
LOC_Os01g07120,LOC_Os04g08300,motif,merged
LOC_Os01g07120,LOC_Os05g12808,motif_CE,motif_CE
LOC_Os01g07120,LOC_Os08g34270,"motif, motif_CE",merged
LOC_Os01g07120,LOC_Os10g24110,motif,merged
LOC_Os01g07120,LOC_Os11g07070,"motif, motif_CE",merged
LOC_Os01g07120,LOC_Os02g48470,"motif, motif_CE",merged
LOC_Os01g07120,LOC_Os10g12640,motif,merged
LOC_Os01g07120,LOC_Os05g32460,motif,merged
LOC_Os01g07120,LOC_Os03g02050,motif,merged
LOC_Os01g07120,LOC_Os02g49790,"motif, motif_CE",merged
LOC_Os01g07120,LOC_Os01g46250,"motif, motif_CE",merged
LOC_Os01g07120,LOC_Os02g56160,"motif, motif_CE",merged
LOC_Os01g07120,LOC_Os02g37610,"motif, motif_CE",merged
LOC_Os01g07120,LOC_Os08g05770,"motif, motif_CE",merged
LOC_Os01g07120,LOC_Os06g07270,FunTFBS,FunTFBS
LOC_Os01g07120,LOC_Os05g14990,FunTFBS,FunTFBS
LOC_Os01g07120,LOC_Os01g12540,motif_CE,motif_CE
LOC_Os01g07120,LOC_Os03g57540,motif,merged
LOC_Os01g07120,LOC_Os05g07790,motif,merged
LOC_Os01g07120,LOC_Os07g44560,"motif, motif_CE",merged
LOC_Os01g07120,LOC_Os12g40300,motif,merged
LOC_Os01g07120,LOC_Os03g35420,motif,merged
LOC_Os01g07120,LOC_Os07g40120,motif,merged
LOC_Os01g07120,LOC_Os04g08070,motif,merged
LOC_Os01g07120,LOC_Os07g46700,"motif, motif_CE",merged
LOC_Os01g07120,LOC_Os07g08190,motif,merged
LOC_Os01g07120,LOC_Os05g01920,motif_CE,motif_CE
LOC_Os01g07120,LOC_Os12g35140,motif,merged
LOC_Os01g07120,LOC_Os03g46740,motif,merged
LOC_Os01g07120,LOC_Os01g51230,motif_CE,motif_CE
LOC_Os01g07120,LOC_Os03g04330,motif,merged
LOC_Os01g07120,LOC_Os06g08810,motif_CE,motif_CE
LOC_Os01g07120,LOC_Os11g07550,motif,merged
LOC_Os01g07120,LOC_Os03g07610,motif,merged
LOC_Os01g07120,LOC_Os01g16310,FunTFBS,FunTFBS
LOC_Os01g07120,LOC_Os02g29400,"motif, motif_CE",merged
LOC_Os01g07120,LOC_Os05g45320,motif,merged
LOC_Os01g07120,LOC_Os08g22440,motif,merged
LOC_Os01g07120,LOC_Os03g63390,motif,merged
LOC_Os01g07120,LOC_Os05g30190,motif,merged
LOC_Os01g07120,LOC_Os05g39590,motif,merged
LOC_Os01g07120,LOC_Os11g29400,motif,merged
LOC_Os01g07120,LOC_Os04g36910,motif,merged
LOC_Os01g07120,LOC_Os04g58380,"FunTFBS, motif",merged
LOC_Os01g07120,LOC_Os01g59520,motif_CE,motif_CE
LOC_Os01g07120,LOC_Os01g18060,motif_CE,motif_CE
LOC_Os01g07120,LOC_Os05g15360,motif_CE,motif_CE
LOC_Os01g07120,LOC_Os07g12090,motif,merged
LOC_Os01g07120,LOC_Os04g55230,motif,merged
LOC_Os01g07120,LOC_Os05g36900,"motif, motif_CE",merged
LOC_Os01g07120,LOC_Os01g46090,"motif, motif_CE",merged
LOC_Os01g07120,LOC_Os09g36830,"motif, motif_CE",merged
LOC_Os01g07120,LOC_Os01g44000,motif,merged
LOC_Os01g07120,LOC_Os02g36820,motif_CE,motif_CE
LOC_Os01g07120,LOC_Os02g07320,motif,merged
LOC_Os01g07120,LOC_Os02g52260,"motif, motif_CE",merged
LOC_Os01g07120,LOC_Os02g24480,motif,merged
LOC_Os01g07120,LOC_Os03g41100,motif,merged
LOC_Os01g07120,LOC_Os04g28440,motif,merged
LOC_Os01g07120,LOC_Os10g10680,motif,merged
LOC_Os01g07120,LOC_Os01g50120,"FunTFBS, motif, motif_CE",merged
LOC_Os01g07120,LOC_Os01g09720,FunTFBS,FunTFBS
LOC_Os01g07120,LOC_Os11g42740,motif,merged
LOC_Os01g07120,LOC_Os02g46400,motif,merged
LOC_Os01g07120,LOC_Os05g39800,motif_CE,motif_CE
LOC_Os01g07120,LOC_Os04g05230,motif,merged
LOC_Os01g07120,LOC_Os02g33580,motif,merged
LOC_Os01g07120,LOC_Os07g40390,motif,merged
LOC_Os01g07120,LOC_Os12g38040,motif,merged
LOC_Os01g07120,LOC_Os07g24498,motif,merged
LOC_Os01g07120,LOC_Os08g10340,motif,merged
LOC_Os01g07120,LOC_Os07g09580,FunTFBS,FunTFBS
LOC_Os01g07120,LOC_Os01g13960,FunTFBS,FunTFBS
LOC_Os01g07120,LOC_Os11g08420,FunTFBS,FunTFBS
LOC_Os01g07120,LOC_Os06g49320,motif,merged
LOC_Os01g07120,LOC_Os11g09800,motif,merged
LOC_Os01g07120,LOC_Os01g13880,FunTFBS,FunTFBS
LOC_Os01g07120,LOC_Os10g05800,FunTFBS,FunTFBS
LOC_Os01g07120,LOC_Os06g45220,motif_CE,motif_CE
LOC_Os01g07120,LOC_Os04g35220,motif,merged
LOC_Os01g07120,LOC_Os08g13060,"FunTFBS, motif",merged
LOC_Os01g07120,LOC_Os07g08710,motif,merged
LOC_Os01g07120,LOC_Os03g06139,"motif, motif_CE",merged
LOC_Os01g07120,LOC_Os12g15430,motif,merged
LOC_Os01g07120,LOC_Os12g21798,FunTFBS,FunTFBS
LOC_Os01g07120,LOC_Os04g17840,motif,merged
LOC_Os01g07120,LOC_Os10g02440,motif,merged
LOC_Os01g07120,LOC_Os11g18160,motif,merged
LOC_Os01g07120,LOC_Os11g22770,motif,merged
LOC_Os01g07120,LOC_Os10g41110,motif,merged
LOC_Os01g07120,LOC_Os03g01590,motif,merged
LOC_Os01g07120,LOC_Os04g45650,motif_CE,motif_CE
LOC_Os01g07120,LOC_Os02g16560,"motif, motif_CE",merged
LOC_Os01g07120,LOC_Os04g18530,motif,merged
LOC_Os01g07120,LOC_Os10g22330,motif,merged
LOC_Os01g07120,LOC_Os11g31220,motif,merged
LOC_Os01g07120,LOC_Os07g26570,motif,merged
LOC_Os01g07120,LOC_Os06g44550,motif,merged
LOC_Os01g07120,LOC_Os04g57410,motif,merged
LOC_Os01g07120,LOC_Os10g30880,motif,merged
LOC_Os01g07120,LOC_Os05g29676,"motif, motif_CE",merged
LOC_Os01g07120,LOC_Os01g48400,motif,merged
LOC_Os01g07120,LOC_Os12g18250,motif,merged
LOC_Os01g07120,LOC_Os08g43310,motif,merged
LOC_Os01g07120,LOC_Os07g22340,motif,merged
LOC_Os01g07120,LOC_Os02g38340,motif_CE,motif_CE
LOC_Os01g07120,LOC_Os02g16550,motif,merged
LOC_Os01g07120,LOC_Os07g46520,motif_CE,motif_CE
LOC_Os01g07120,LOC_Os04g55330,motif,merged
LOC_Os01g07120,LOC_Os01g01302,motif,merged
LOC_Os01g07120,LOC_Os11g26790,motif,merged
LOC_Os01g07120,LOC_Os02g31290,motif,merged
LOC_Os01g07120,LOC_Os04g56640,"FunTFBS, motif, motif_CE",merged
LOC_Os01g07120,LOC_Os06g19380,motif_CE,motif_CE
LOC_Os01g07120,LOC_Os11g48100,motif,merged
LOC_Os01g07120,LOC_Os12g29480,"FunTFBS, motif",merged
LOC_Os01g07120,LOC_Os09g06220,motif,merged
LOC_Os01g07120,LOC_Os04g21840,motif,merged
LOC_Os01g07120,LOC_Os01g28070,motif,merged
LOC_Os01g07120,LOC_Os08g09200,motif_CE,motif_CE
LOC_Os01g07120,LOC_Os10g24140,motif,merged
LOC_Os01g07120,LOC_Os02g54290,"FunTFBS, motif, motif_CE",merged
LOC_Os01g07120,LOC_Os10g02250,motif,merged
LOC_Os01g07120,LOC_Os11g05200,motif,merged
LOC_Os01g07120,LOC_Os01g07910,motif,merged
LOC_Os01g07120,LOC_Os11g13940,motif_CE,motif_CE
LOC_Os01g07120,LOC_Os07g45320,motif_CE,motif_CE
LOC_Os01g07120,LOC_Os12g32380,"motif, motif_CE",merged
LOC_Os01g07120,LOC_Os04g46100,motif,merged
LOC_Os01g07120,LOC_Os11g43630,motif_CE,motif_CE
LOC_Os01g07120,LOC_Os10g18500,motif,merged
LOC_Os01g07120,LOC_Os12g22020,motif,merged
LOC_Os01g07120,LOC_Os11g43740,FunTFBS,FunTFBS
LOC_Os01g07120,LOC_Os06g43980,motif,merged
LOC_Os01g07120,LOC_Os06g12120,motif,merged
LOC_Os01g07120,LOC_Os03g02540,motif_CE,motif_CE
LOC_Os01g07120,LOC_Os05g06680,motif,merged
LOC_Os01g07120,LOC_Os02g51570,"motif, motif_CE",merged
LOC_Os01g07120,LOC_Os02g49650,"motif, motif_CE",merged
LOC_Os01g07120,LOC_Os10g17020,motif,merged
LOC_Os01g07120,LOC_Os06g24630,motif,merged
LOC_Os01g07120,LOC_Os11g12650,motif,merged
LOC_Os01g07120,LOC_Os03g61960,motif,merged
LOC_Os01g07120,LOC_Os01g41300,motif,merged
LOC_Os01g07120,LOC_Os04g10370,"motif, motif_CE",merged
LOC_Os01g07120,LOC_Os02g16640,motif,merged
LOC_Os01g07120,LOC_Os06g50340,motif,merged
LOC_Os01g07120,LOC_Os04g34740,motif,merged
LOC_Os01g07120,LOC_Os08g29560,motif,merged
LOC_Os01g07120,LOC_Os03g15590,motif_CE,motif_CE
LOC_Os01g07120,LOC_Os07g02370,motif,merged
LOC_Os01g07120,LOC_Os02g10150,motif_CE,motif_CE
LOC_Os01g07120,LOC_Os01g37100,motif,merged
LOC_Os01g07120,LOC_Os05g49940,motif,merged
LOC_Os01g07120,LOC_Os08g23550,motif,merged
LOC_Os01g07120,LOC_Os08g05140,"motif, motif_CE",merged
LOC_Os01g07120,LOC_Os05g15700,motif,merged
LOC_Os01g07120,LOC_Os01g10480,"FunTFBS, motif",merged
LOC_Os01g07120,LOC_Os04g39220,FunTFBS,FunTFBS
LOC_Os01g07120,LOC_Os03g45400,motif,merged
LOC_Os01g07120,LOC_Os03g15710,"motif, motif_CE",merged
LOC_Os01g07120,LOC_Os09g28470,motif,merged
LOC_Os01g07120,LOC_Os05g41250,motif_CE,motif_CE
LOC_Os01g07120,LOC_Os05g01920,"motif, motif_CE",merged
LOC_Os01g07120,LOC_Os10g13800,motif_CE,motif_CE
LOC_Os01g07120,LOC_Os06g14560,motif,merged
LOC_Os01g07120,LOC_Os01g51230,"motif, motif_CE",merged
LOC_Os01g07120,LOC_Os07g13900,motif,merged
LOC_Os01g07120,LOC_Os07g47290,motif,merged
LOC_Os01g07120,LOC_Os10g02120,motif,merged
LOC_Os01g07120,LOC_Os10g07340,motif,merged
LOC_Os01g07120,LOC_Os01g54770,motif,merged
LOC_Os01g07120,LOC_Os11g20310,motif,merged
LOC_Os01g07120,LOC_Os01g67720,"motif, motif_CE",merged
LOC_Os01g07120,LOC_Os10g26730,"FunTFBS, motif, motif_CE",merged
LOC_Os01g07120,LOC_Os11g15570,"FunTFBS, motif, motif_CE",merged
LOC_Os01g07120,LOC_Os07g15580,motif,merged
LOC_Os01g07120,LOC_Os06g12860,motif,merged
LOC_Os01g07120,LOC_Os04g01610,motif,merged
LOC_Os01g07120,LOC_Os08g23710,motif,merged
LOC_Os01g07120,LOC_Os03g51100,motif,merged
LOC_Os01g07120,LOC_Os02g09780,motif,merged
LOC_Os01g07120,LOC_Os09g19940,motif,merged
LOC_Os01g07120,LOC_Os07g42390,motif,merged
LOC_Os01g07120,LOC_Os02g17870,motif_CE,motif_CE
LOC_Os01g07120,LOC_Os01g65590,motif,merged
LOC_Os01g07120,LOC_Os01g65904,motif,merged
LOC_Os01g07120,LOC_Os09g29420,motif_CE,motif_CE
LOC_Os01g07120,LOC_Os03g08284,motif,merged
LOC_Os01g07120,LOC_Os08g01630,FunTFBS,FunTFBS
LOC_Os01g07120,LOC_Os03g21110,motif,merged
LOC_Os01g07120,LOC_Os09g34330,motif_CE,motif_CE
LOC_Os01g07120,LOC_Os09g01320,motif,merged
LOC_Os01g07120,LOC_Os02g16544,motif,merged
LOC_Os01g07120,LOC_Os02g35610,motif_CE,motif_CE
LOC_Os01g07120,LOC_Os07g15920,motif,merged
LOC_Os01g07120,LOC_Os05g05260,motif_CE,motif_CE
LOC_Os01g07120,LOC_Os03g27460,motif_CE,motif_CE
LOC_Os01g07120,LOC_Os05g39800,"motif, motif_CE",merged
LOC_Os01g07120,LOC_Os06g21550,motif,merged
LOC_Os01g07120,LOC_Os01g56680,motif_CE,motif_CE
LOC_Os01g07120,LOC_Os03g41932,"FunTFBS, motif",merged
LOC_Os01g07120,LOC_Os12g06270,motif,merged
LOC_Os01g07120,LOC_Os02g33070,motif,merged
LOC_Os01g07120,LOC_Os11g35950,motif,merged
LOC_Os01g07120,LOC_Os05g26540,motif,merged
LOC_Os01g07120,LOC_Os11g05730,FunTFBS,FunTFBS
LOC_Os01g07120,LOC_Os06g15310,motif,merged
LOC_Os01g07120,LOC_Os02g04180,motif,merged
LOC_Os01g07120,LOC_Os12g32240,motif,merged
LOC_Os01g07120,LOC_Os05g04940,"motif, motif_CE",merged
LOC_Os01g07120,LOC_Os02g33840,motif,merged
LOC_Os01g07120,LOC_Os03g16860,motif,merged
LOC_Os01g07120,LOC_Os10g28640,motif,merged
LOC_Os01g07120,LOC_Os09g25770,motif,merged
LOC_Os01g07120,LOC_Os04g15570,motif,merged
LOC_Os01g07120,LOC_Os01g52670,motif,merged
LOC_Os01g07120,LOC_Os01g73120,motif,merged
LOC_Os01g07120,LOC_Os03g44780,"FunTFBS, motif",merged
LOC_Os01g07120,LOC_Os06g08620,motif_CE,motif_CE
LOC_Os01g07120,LOC_Os01g17020,motif,merged
LOC_Os01g07120,LOC_Os11g44350,motif,merged
LOC_Os01g07120,LOC_Os07g23140,motif,merged
LOC_Os01g07120,LOC_Os07g46520,"motif, motif_CE",merged
LOC_Os01g07120,LOC_Os11g16810,motif,merged
LOC_Os01g07120,LOC_Os12g13540,motif,merged
LOC_Os01g07120,LOC_Os07g26890,motif,merged
LOC_Os01g07120,LOC_Os06g19380,"motif, motif_CE",merged
LOC_Os01g07120,LOC_Os03g53730,motif_CE,motif_CE
LOC_Os01g07120,LOC_Os08g03990,FunTFBS,FunTFBS
LOC_Os01g07120,LOC_Os09g39640,motif_CE,motif_CE
LOC_Os01g07120,LOC_Os01g05680,motif,merged
LOC_Os01g07120,LOC_Os06g09840,motif_CE,motif_CE
LOC_Os01g07120,LOC_Os11g39640,motif,merged
LOC_Os01g07120,LOC_Os01g23060,motif,merged
LOC_Os01g07120,LOC_Os03g07540,motif_CE,motif_CE
LOC_Os01g07120,LOC_Os03g08940,"motif, motif_CE",merged
LOC_Os01g07120,LOC_Os05g05850,motif,merged
LOC_Os01g07120,LOC_Os10g28400,motif,merged
LOC_Os01g07120,LOC_Os11g30590,motif,merged
LOC_Os01g07120,LOC_Os03g07260,FunTFBS,FunTFBS
LOC_Os01g07120,LOC_Os07g45320,"motif, motif_CE",merged
LOC_Os01g07120,LOC_Os01g55220,motif_CE,motif_CE
LOC_Os01g07120,LOC_Os12g41570,motif,merged
LOC_Os01g07120,LOC_Os04g04070,motif,merged
LOC_Os01g07120,LOC_Os11g29274,motif,merged
LOC_Os01g07120,LOC_Os12g06870,motif,merged
LOC_Os01g07120,LOC_Os03g16250,motif,merged
LOC_Os01g07120,LOC_Os02g08050,motif,merged
LOC_Os01g07120,LOC_Os03g05430,motif_CE,motif_CE
LOC_Os01g07120,LOC_Os07g41550,motif,merged
LOC_Os01g07120,LOC_Os03g12760,motif,merged
LOC_Os01g07120,LOC_Os09g14120,motif,merged
LOC_Os01g07120,LOC_Os03g39230,motif,merged
LOC_Os01g07120,LOC_Os06g12630,motif,merged
LOC_Os01g07120,LOC_Os06g12060,"motif, motif_CE",merged
LOC_Os01g07120,LOC_Os06g27610,motif,merged
LOC_Os01g07120,LOC_Os01g02940,"motif, motif_CE",merged
LOC_Os01g07120,LOC_Os04g50184,motif,merged
LOC_Os01g07120,LOC_Os03g14610,motif_CE,motif_CE
LOC_Os01g07120,LOC_Os05g12000,motif,merged
LOC_Os01g07120,LOC_Os04g48060,motif_CE,motif_CE
LOC_Os01g07120,LOC_Os08g10570,motif_CE,motif_CE
LOC_Os01g07120,LOC_Os02g47590,motif,merged
LOC_Os01g07120,LOC_Os04g44710,motif_CE,motif_CE
LOC_Os01g07120,LOC_Os03g62720,motif,merged
LOC_Os01g07120,LOC_Os09g28810,motif_CE,motif_CE
LOC_Os01g07120,LOC_Os08g27260,motif,merged
LOC_Os01g07120,LOC_Os06g35950,motif_CE,motif_CE
LOC_Os01g07120,LOC_Os01g28980,"motif, motif_CE",merged
LOC_Os01g07120,LOC_Os07g36200,motif_CE,motif_CE
LOC_Os01g07120,LOC_Os05g12808,"motif, motif_CE",merged
LOC_Os01g07120,LOC_Os09g01670,motif,merged
LOC_Os01g07120,LOC_Os05g13330,motif,merged
LOC_Os01g07120,LOC_Os03g21500,motif_CE,motif_CE
LOC_Os01g07120,LOC_Os03g15590,"motif, motif_CE",merged
LOC_Os01g07120,LOC_Os02g01760,"motif, motif_CE",merged
LOC_Os01g07120,LOC_Os04g49580,motif,merged
LOC_Os01g07120,LOC_Os06g47410,motif_CE,motif_CE
LOC_Os01g07120,LOC_Os09g21110,motif,merged
LOC_Os01g07120,LOC_Os06g40040,motif,merged
LOC_Os01g07120,LOC_Os07g05970,motif,merged
LOC_Os01g07120,LOC_Os03g50570,"motif, motif_CE",merged
LOC_Os01g07120,LOC_Os09g15680,motif,merged
LOC_Os01g07120,LOC_Os02g09320,motif,merged
LOC_Os01g07120,LOC_Os03g31044,motif,merged
LOC_Os01g07120,LOC_Os10g13800,"motif, motif_CE",merged
LOC_Os01g07120,LOC_Os03g07370,motif_CE,motif_CE
LOC_Os01g07120,LOC_Os03g34150,motif,merged
LOC_Os01g07120,ChrSy.fgenesh.gene.82,motif,merged
LOC_Os01g07120,LOC_Os11g11520,"motif, motif_CE",merged
LOC_Os01g07120,LOC_Os06g13680,"motif, motif_CE",merged
LOC_Os01g07120,LOC_Os10g26020,motif,merged
LOC_Os01g07120,LOC_Os01g43140,motif,merged
LOC_Os01g07120,LOC_Os12g37780,motif_CE,motif_CE
LOC_Os01g07120,LOC_Os08g06130,FunTFBS,FunTFBS
LOC_Os01g07120,LOC_Os04g56350,"FunTFBS, motif, motif_CE",merged
LOC_Os01g07120,LOC_Os10g31000,"motif, motif_CE",merged
LOC_Os01g07120,LOC_Os05g11930,motif,merged
LOC_Os01g07120,LOC_Os10g32348,FunTFBS,FunTFBS
LOC_Os01g07120,LOC_Os08g02260,motif,merged
LOC_Os01g07120,LOC_Os08g09420,motif,merged
LOC_Os01g07120,LOC_Os02g35910,FunTFBS,FunTFBS
LOC_Os01g07120,LOC_Os04g11962,motif,merged
LOC_Os01g07120,LOC_Os07g18520,motif,merged
LOC_Os01g07120,LOC_Os02g36820,"motif, motif_CE",merged
LOC_Os01g07120,LOC_Os05g16340,motif,merged
LOC_Os01g07120,LOC_Os09g32968,motif,merged
LOC_Os01g07120,LOC_Os01g46300,motif,merged
LOC_Os01g07120,LOC_Os10g29020,motif,merged
LOC_Os01g07120,LOC_Os08g40410,motif,merged
LOC_Os01g07120,LOC_Os03g61690,motif,merged
LOC_Os01g07120,LOC_Os09g25390,motif,merged
LOC_Os01g07120,LOC_Os03g53140,motif,merged
LOC_Os01g07120,LOC_Os03g61890,"FunTFBS, motif",merged
LOC_Os01g07120,LOC_Os05g08820,motif,merged
LOC_Os01g07120,LOC_Os04g09654,"FunTFBS, motif",merged
LOC_Os01g07120,LOC_Os12g35010,motif,merged
LOC_Os01g07120,LOC_Os04g11140,motif,merged
LOC_Os01g07120,LOC_Os01g31124,"FunTFBS, motif",merged
LOC_Os01g07120,LOC_Os07g10300,motif,merged
LOC_Os01g07120,LOC_Os02g56190,"FunTFBS, motif, motif_CE",merged
LOC_Os01g07120,LOC_Os05g14440,motif,merged
LOC_Os01g07120,LOC_Os03g63700,"motif, motif_CE",merged
LOC_Os01g07120,LOC_Os06g33110,motif,merged
LOC_Os01g07120,LOC_Os12g16970,motif,merged
LOC_Os01g07120,LOC_Os08g44040,motif_CE,motif_CE
LOC_Os01g07120,LOC_Os12g39240,motif,merged
LOC_Os01g07120,LOC_Os05g23398,"FunTFBS, motif",merged
LOC_Os01g07120,LOC_Os10g41670,FunTFBS,FunTFBS
LOC_Os01g07120,LOC_Os10g08080,"FunTFBS, motif",merged
LOC_Os01g07120,LOC_Os09g27460,motif,merged
LOC_Os01g07120,LOC_Os07g31000,motif,merged
LOC_Os01g07120,LOC_Os05g06310,"motif, motif_CE",merged
LOC_Os01g07120,LOC_Os06g39220,motif,merged
LOC_Os01g07120,LOC_Os08g29060,motif,merged
LOC_Os01g07120,LOC_Os01g54230,motif,merged
LOC_Os01g07120,LOC_Os10g32810,motif_CE,motif_CE
LOC_Os01g07120,LOC_Os06g08620,"motif, motif_CE",merged
LOC_Os01g07120,LOC_Os11g19660,"FunTFBS, motif",merged
LOC_Os01g07120,LOC_Os09g12310,motif,merged
LOC_Os01g07120,LOC_Os04g52300,motif_CE,motif_CE
LOC_Os01g07120,LOC_Os04g44810,"motif, motif_CE",merged
LOC_Os01g07120,LOC_Os01g07060,motif,merged
LOC_Os01g07120,LOC_Os01g64510,motif,merged
LOC_Os01g07120,LOC_Os03g58900,motif_CE,motif_CE
LOC_Os01g07120,LOC_Os09g20240,motif,merged
LOC_Os01g07120,LOC_Os02g21050,FunTFBS,FunTFBS
LOC_Os01g07120,LOC_Os01g07610,motif_CE,motif_CE
LOC_Os01g07120,LOC_Os11g38390,motif,merged
LOC_Os01g07120,LOC_Os09g34260,motif,merged
LOC_Os01g07120,LOC_Os12g09200,"motif, motif_CE",merged
LOC_Os01g07120,LOC_Os07g32590,motif,merged
LOC_Os01g07120,LOC_Os02g34590,motif,merged
LOC_Os01g07120,LOC_Os03g18840,motif_CE,motif_CE
LOC_Os01g07120,LOC_Os12g43950,"motif, motif_CE",merged
LOC_Os01g07120,LOC_Os03g07540,"motif, motif_CE",merged
LOC_Os01g07120,LOC_Os02g15030,motif,merged
LOC_Os01g07120,LOC_Os12g40720,motif,merged
LOC_Os01g07120,LOC_Os02g43380,motif_CE,motif_CE
LOC_Os01g07120,LOC_Os08g40630,motif,merged
LOC_Os01g07120,LOC_Os09g16380,motif,merged
LOC_Os01g07120,LOC_Os10g40080,motif,merged
LOC_Os01g07120,LOC_Os12g43620,motif,merged
LOC_Os01g07120,ChrSy.fgenesh.gene.6,motif,merged
LOC_Os01g07120,LOC_Os08g44490,motif,merged
LOC_Os01g07120,LOC_Os06g40020,motif_CE,motif_CE
LOC_Os01g07120,LOC_Os01g55220,"motif, motif_CE",merged
LOC_Os01g07120,LOC_Os12g34500,"motif, motif_CE",merged
LOC_Os01g07120,LOC_Os02g30550,"motif, motif_CE",merged
LOC_Os01g07120,LOC_Os10g03310,motif,merged
LOC_Os01g07120,LOC_Os09g29750,"motif, motif_CE",merged
LOC_Os01g07120,LOC_Os04g04230,motif,merged
LOC_Os01g07120,LOC_Os11g09100,motif,merged
LOC_Os01g07120,LOC_Os06g11260,motif,merged
LOC_Os01g07120,LOC_Os06g08090,motif,merged
LOC_Os01g07120,LOC_Os04g56654,motif_CE,motif_CE
LOC_Os01g07120,LOC_Os02g19340,motif,merged
LOC_Os01g07120,LOC_Os03g49524,motif,merged
LOC_Os01g07120,LOC_Os01g57310,motif,merged
LOC_Os01g07120,LOC_Os07g27150,motif,merged
LOC_Os01g07120,LOC_Os07g20160,motif,merged
LOC_Os01g07120,LOC_Os04g42700,motif,merged
LOC_Os01g07120,LOC_Os02g52430,motif,merged
LOC_Os01g07120,LOC_Os02g35780,motif,merged
LOC_Os01g07120,LOC_Os07g28960,motif,merged
LOC_Os01g07120,LOC_Os08g32750,motif,merged
LOC_Os01g07120,LOC_Os04g18244,motif,merged
LOC_Os01g07120,LOC_Os04g48060,"motif, motif_CE",merged
LOC_Os01g07120,LOC_Os01g08830,motif,merged
LOC_Os01g07120,LOC_Os12g43870,motif,merged
LOC_Os01g07120,LOC_Os05g15540,motif,merged
LOC_Os01g07120,LOC_Os12g20090,motif,merged
LOC_Os01g07120,LOC_Os11g02790,motif,merged
LOC_Os01g07120,LOC_Os08g25080,motif,merged
LOC_Os01g07120,LOC_Os11g07030,motif_CE,motif_CE
LOC_Os01g07120,LOC_Os06g35950,"motif, motif_CE",merged
LOC_Os01g07120,LOC_Os09g01660,motif,merged
LOC_Os01g07120,LOC_Os12g32960,motif_CE,motif_CE
LOC_Os01g07120,LOC_Os08g05160,motif,merged
LOC_Os01g07120,LOC_Os03g05100,motif_CE,motif_CE
LOC_Os01g07120,LOC_Os07g14620,FunTFBS,FunTFBS
LOC_Os01g07120,LOC_Os04g35930,motif,merged
LOC_Os01g07120,LOC_Os03g21500,"motif, motif_CE",merged
LOC_Os01g07120,LOC_Os07g06990,motif,merged
LOC_Os01g07120,LOC_Os01g37380,motif,merged
LOC_Os01g07120,LOC_Os02g31140,motif_CE,motif_CE
LOC_Os01g07120,LOC_Os02g14500,"motif, motif_CE",merged
LOC_Os01g07120,LOC_Os01g47610,motif,merged
LOC_Os01g07120,LOC_Os12g39340,motif_CE,motif_CE
LOC_Os01g07120,LOC_Os05g15200,motif,merged
LOC_Os01g07120,LOC_Os11g02600,FunTFBS,FunTFBS
LOC_Os01g07120,LOC_Os07g09660,motif,merged
LOC_Os01g07120,LOC_Os03g36670,motif,merged
LOC_Os01g07120,LOC_Os03g07370,"motif, motif_CE",merged
LOC_Os01g07120,LOC_Os02g49260,motif_CE,motif_CE
LOC_Os01g07120,LOC_Os01g73420,"FunTFBS, motif",merged
LOC_Os01g07120,LOC_Os09g32540,motif,merged
LOC_Os01g07120,LOC_Os05g08750,motif,merged
LOC_Os01g07120,LOC_Os09g13530,motif,merged
LOC_Os01g07120,LOC_Os08g44060,motif,merged
LOC_Os01g07120,LOC_Os12g37780,"motif, motif_CE",merged
LOC_Os01g07120,LOC_Os06g36060,motif_CE,motif_CE
LOC_Os01g07120,LOC_Os03g50500,motif,merged
LOC_Os01g07120,LOC_Os08g03579,motif_CE,motif_CE
LOC_Os01g07120,LOC_Os04g33040,motif,merged
LOC_Os01g07120,LOC_Os06g31630,motif,merged
LOC_Os01g07120,LOC_Os04g05420,motif,merged
LOC_Os01g07120,LOC_Os01g52390,FunTFBS,FunTFBS
LOC_Os01g07120,LOC_Os12g33580,"motif, motif_CE",merged
LOC_Os01g07120,LOC_Os07g41460,motif,merged
LOC_Os01g07120,LOC_Os12g09290,"FunTFBS, motif, motif_CE",merged
LOC_Os01g07120,LOC_Os03g43020,motif,merged
LOC_Os01g07120,LOC_Os09g38800,motif,merged
LOC_Os01g07120,LOC_Os12g03760,motif,merged
LOC_Os01g07120,LOC_Os06g40440,motif,merged
LOC_Os01g07120,LOC_Os01g39870,motif_CE,motif_CE
LOC_Os01g07120,LOC_Os09g29420,"motif, motif_CE",merged
LOC_Os01g07120,LOC_Os10g18520,motif,merged
LOC_Os01g07120,LOC_Os02g29500,motif,merged
LOC_Os01g07120,LOC_Os10g29410,motif,merged
LOC_Os01g07120,LOC_Os09g34330,"motif, motif_CE",merged
LOC_Os01g07120,LOC_Os02g35610,"motif, motif_CE",merged
LOC_Os01g07120,LOC_Os08g16910,motif_CE,motif_CE
LOC_Os01g07120,LOC_Os05g05260,"motif, motif_CE",merged
LOC_Os01g07120,LOC_Os05g11340,motif,merged
LOC_Os01g07120,LOC_Os08g10890,motif,merged
LOC_Os01g07120,LOC_Os07g48120,motif,merged
LOC_Os01g07120,LOC_Os04g47780,motif,merged
LOC_Os01g07120,LOC_Os08g07520,motif,merged
LOC_Os01g07120,LOC_Os09g39540,motif,merged
LOC_Os01g07120,LOC_Os07g29810,motif,merged
LOC_Os01g07120,LOC_Os04g35864,motif,merged
LOC_Os01g07120,LOC_Os11g09850,motif,merged
LOC_Os01g07120,LOC_Os02g06754,motif,merged
LOC_Os01g07120,LOC_Os02g12510,motif,merged
LOC_Os01g07120,LOC_Os08g16600,"motif, motif_CE",merged
LOC_Os01g07120,LOC_Os08g44040,"motif, motif_CE",merged
LOC_Os01g07120,LOC_Os09g26580,motif_CE,motif_CE
LOC_Os01g07120,LOC_Os05g15180,motif,merged
LOC_Os01g07120,LOC_Os09g01280,motif,merged
LOC_Os01g07120,LOC_Os05g39230,motif,merged
LOC_Os01g07120,LOC_Os01g07320,motif_CE,motif_CE
LOC_Os01g07120,LOC_Os07g16920,motif,merged
LOC_Os01g07120,LOC_Os02g36360,motif_CE,motif_CE
LOC_Os01g07120,LOC_Os06g13710,motif,merged
LOC_Os01g07120,LOC_Os01g39800,motif,merged
LOC_Os01g07120,LOC_Os04g38060,motif_CE,motif_CE
LOC_Os01g07120,LOC_Os11g31630,motif,merged
LOC_Os01g07120,LOC_Os10g32810,"motif, motif_CE",merged
LOC_Os01g07120,LOC_Os05g31020,motif,merged
LOC_Os01g07120,LOC_Os06g45410,motif,merged
LOC_Os01g07120,LOC_Os08g05910,motif,merged
LOC_Os01g07120,LOC_Os05g36990,motif,merged
LOC_Os01g07120,LOC_Os01g19570,motif,merged
LOC_Os01g07120,LOC_Os12g25720,motif,merged
LOC_Os01g07120,LOC_Os01g07610,"motif, motif_CE",merged
LOC_Os01g07120,LOC_Os01g73950,motif_CE,motif_CE
LOC_Os01g07120,LOC_Os01g20770,motif,merged
LOC_Os01g07120,LOC_Os12g11070,motif,merged
LOC_Os01g07120,LOC_Os09g12540,"FunTFBS, motif",merged
LOC_Os01g07120,LOC_Os12g18000,motif,merged
LOC_Os01g07120,LOC_Os12g39650,"motif, motif_CE",merged
LOC_Os01g07120,LOC_Os11g40270,motif,merged
LOC_Os01g07120,LOC_Os04g32190,motif,merged
LOC_Os01g07120,LOC_Os02g47430,motif,merged
LOC_Os01g07120,LOC_Os08g02340,"FunTFBS, motif, motif_CE",merged
LOC_Os01g07120,LOC_Os02g10490,"motif, motif_CE",merged
LOC_Os01g07120,LOC_Os02g47670,motif_CE,motif_CE
LOC_Os01g07120,LOC_Os07g40550,motif,merged
LOC_Os01g07120,LOC_Os09g36530,FunTFBS,FunTFBS
LOC_Os01g07120,LOC_Os03g05420,motif_CE,motif_CE
LOC_Os01g07120,LOC_Os11g14780,motif,merged
LOC_Os01g07120,LOC_Os03g22330,motif_CE,motif_CE
LOC_Os01g07120,LOC_Os11g40200,motif,merged
LOC_Os01g07120,LOC_Os04g56654,"motif, motif_CE",merged
LOC_Os01g07120,LOC_Os09g08330,FunTFBS,FunTFBS
LOC_Os01g07120,LOC_Os08g16210,motif,merged
LOC_Os01g07120,LOC_Os03g06960,FunTFBS,FunTFBS
LOC_Os01g07120,LOC_Os01g32080,motif,merged
LOC_Os01g07120,LOC_Os07g39730,motif,merged
LOC_Os01g07120,LOC_Os06g51400,motif,merged
LOC_Os01g07120,LOC_Os02g16230,motif,merged
LOC_Os01g07120,LOC_Os10g42400,motif,merged
LOC_Os01g07120,LOC_Os01g13720,motif_CE,motif_CE
LOC_Os01g07120,LOC_Os11g47360,motif,merged
LOC_Os01g07120,LOC_Os09g29850,motif,merged
LOC_Os01g07120,LOC_Os08g13070,motif,merged
LOC_Os01g07120,LOC_Os02g05320,motif,merged
LOC_Os01g07120,LOC_Os02g39170,motif_CE,motif_CE
LOC_Os01g07120,LOC_Os08g04170,motif_CE,motif_CE
LOC_Os01g07120,LOC_Os02g01970,"motif, motif_CE",merged
LOC_Os01g07120,LOC_Os11g30370,motif,merged
LOC_Os01g07120,LOC_Os05g34190,"FunTFBS, motif",merged
LOC_Os01g07120,LOC_Os12g32960,"motif, motif_CE",merged
LOC_Os01g07120,LOC_Os07g48910,motif,merged
LOC_Os01g07120,LOC_Os12g09739,motif_CE,motif_CE
LOC_Os01g07120,LOC_Os03g05100,"motif, motif_CE",merged
LOC_Os01g07120,LOC_Os04g33030,motif,merged
LOC_Os01g07120,LOC_Os01g70800,motif,merged
LOC_Os01g07120,LOC_Os04g25260,motif,merged
LOC_Os01g07120,LOC_Os09g28810,"motif, motif_CE",merged
LOC_Os01g07120,LOC_Os12g39340,"motif, motif_CE",merged
LOC_Os01g07120,LOC_Os11g15720,motif,merged
LOC_Os01g07120,LOC_Os03g02480,"motif, motif_CE",merged
LOC_Os01g07120,LOC_Os10g24200,motif,merged
LOC_Os01g07120,LOC_Os02g54930,motif,merged
LOC_Os01g07120,LOC_Os03g32700,motif,merged
LOC_Os01g07120,LOC_Os09g39140,motif,merged
LOC_Os01g07120,LOC_Os06g47410,"motif, motif_CE",merged
LOC_Os01g07120,LOC_Os12g21940,motif,merged
LOC_Os01g07120,LOC_Os10g39489,motif,merged
LOC_Os01g07120,LOC_Os04g21660,motif,merged
LOC_Os01g07120,LOC_Os03g55280,motif,merged
LOC_Os01g07120,LOC_Os08g44220,motif,merged
LOC_Os01g07120,LOC_Os01g41360,motif,merged
LOC_Os01g07120,LOC_Os03g38660,motif,merged
LOC_Os01g07120,LOC_Os02g18630,motif,merged
LOC_Os01g07120,LOC_Os08g30430,motif,merged
LOC_Os01g07120,LOC_Os01g42550,motif,merged
LOC_Os01g07120,LOC_Os08g25280,motif,merged
LOC_Os01g07120,LOC_Os06g36060,"motif, motif_CE",merged
LOC_Os01g07120,LOC_Os03g02030,motif,merged
LOC_Os01g07120,LOC_Os03g18700,motif,merged
LOC_Os01g07120,LOC_Os04g39210,motif,merged
LOC_Os01g07120,LOC_Os12g04160,FunTFBS,FunTFBS
LOC_Os01g07120,LOC_Os05g40120,motif,merged
LOC_Os01g07120,LOC_Os07g41800,motif_CE,motif_CE
LOC_Os01g07120,LOC_Os05g24910,motif,merged
LOC_Os01g07120,LOC_Os11g37460,motif,merged
LOC_Os01g07120,LOC_Os08g23160,motif,merged
LOC_Os01g07120,LOC_Os09g37540,motif,merged
LOC_Os01g07120,LOC_Os04g33480,motif_CE,motif_CE
LOC_Os01g07120,LOC_Os07g10250,motif,merged
LOC_Os01g07120,LOC_Os07g43450,motif,merged
LOC_Os01g07120,LOC_Os01g24930,motif,merged
LOC_Os01g07120,LOC_Os05g41120,motif_CE,motif_CE
LOC_Os01g07120,LOC_Os12g04740,FunTFBS,FunTFBS
LOC_Os01g07120,LOC_Os12g16310,motif_CE,motif_CE
LOC_Os01g07120,LOC_Os09g25900,motif_CE,motif_CE
LOC_Os01g07120,LOC_Os03g21650,motif,merged
LOC_Os01g07120,LOC_Os01g13150,motif_CE,motif_CE
LOC_Os01g07120,LOC_Os09g01180,motif,merged
LOC_Os01g07120,LOC_Os09g29910,motif,merged
LOC_Os01g07120,LOC_Os02g58510,"FunTFBS, motif, motif_CE",merged
LOC_Os01g07120,ChrUn.fgenesh.gene.65,motif,merged
LOC_Os01g07120,LOC_Os01g60050,"motif, motif_CE",merged
LOC_Os01g07120,LOC_Os03g61210,motif_CE,motif_CE
LOC_Os01g07120,LOC_Os10g41740,FunTFBS,FunTFBS
LOC_Os01g07120,LOC_Os01g48660,motif,merged
LOC_Os01g07120,LOC_Os01g03890,motif,merged
LOC_Os01g07120,LOC_Os03g44910,motif,merged
LOC_Os01g07120,LOC_Os07g14180,motif,merged
LOC_Os01g07120,LOC_Os07g46660,motif,merged
LOC_Os01g07120,LOC_Os08g16910,"motif, motif_CE",merged
LOC_Os01g07120,LOC_Os11g06000,"motif, motif_CE",merged
LOC_Os01g07120,LOC_Os07g40590,motif,merged
LOC_Os01g07120,LOC_Os02g10260,motif,merged
LOC_Os01g07120,LOC_Os05g39260,FunTFBS,FunTFBS
LOC_Os01g07120,LOC_Os05g51250,motif,merged
LOC_Os01g07120,LOC_Os11g14870,motif,merged
LOC_Os01g07120,LOC_Os09g27190,motif,merged
LOC_Os01g07120,LOC_Os01g03010,motif,merged
LOC_Os01g07120,LOC_Os05g42240,motif,merged
LOC_Os01g07120,LOC_Os02g42170,motif,merged
LOC_Os01g07120,LOC_Os02g43310,motif_CE,motif_CE
LOC_Os01g07120,LOC_Os02g28550,motif,merged
LOC_Os01g07120,LOC_Os04g32510,motif,merged
LOC_Os01g07120,LOC_Os04g24360,motif,merged
LOC_Os01g07120,LOC_Os01g12270,motif_CE,motif_CE
LOC_Os01g07120,LOC_Os06g13250,FunTFBS,FunTFBS
LOC_Os01g07120,LOC_Os06g16750,motif,merged
LOC_Os01g07120,LOC_Os05g32610,motif,merged
LOC_Os01g07120,LOC_Os09g01680,"FunTFBS, motif",merged
LOC_Os01g07120,LOC_Os03g47270,motif,merged
LOC_Os01g07120,LOC_Os02g08350,motif_CE,motif_CE
LOC_Os01g07120,LOC_Os03g13080,motif,merged
LOC_Os01g07120,LOC_Os04g38060,"motif, motif_CE",merged
LOC_Os01g07120,LOC_Os08g17650,motif,merged
LOC_Os01g07120,LOC_Os01g54000,motif,merged
LOC_Os01g07120,LOC_Os12g11010,motif,merged
LOC_Os01g07120,LOC_Os04g40930,motif,merged
LOC_Os01g07120,LOC_Os02g58500,FunTFBS,FunTFBS
LOC_Os01g07120,LOC_Os03g26310,motif,merged
LOC_Os01g07120,LOC_Os07g19050,motif_CE,motif_CE
LOC_Os01g07120,LOC_Os01g73950,"motif, motif_CE",merged
LOC_Os01g07120,LOC_Os01g34480,motif,merged
LOC_Os01g07120,LOC_Os10g29320,motif,merged
LOC_Os01g07120,LOC_Os01g51634,"motif, motif_CE",merged
LOC_Os01g07120,LOC_Os05g43590,motif,merged
LOC_Os01g07120,LOC_Os04g44400,motif_CE,motif_CE
LOC_Os01g07120,LOC_Os04g01190,motif,merged
LOC_Os01g07120,LOC_Os11g11340,motif_CE,motif_CE
LOC_Os01g07120,LOC_Os01g34900,"FunTFBS, motif",merged
LOC_Os01g07120,LOC_Os03g57690,motif,merged
LOC_Os01g07120,LOC_Os02g47670,"motif, motif_CE",merged
LOC_Os01g07120,LOC_Os03g41070,motif,merged
LOC_Os01g07120,LOC_Os12g18130,motif_CE,motif_CE
LOC_Os01g07120,LOC_Os02g58500,motif_CE,motif_CE
LOC_Os01g07120,LOC_Os08g36810,motif,merged
LOC_Os01g07120,LOC_Os06g42460,motif,merged
LOC_Os01g07120,LOC_Os07g06700,motif,merged
LOC_Os01g07120,LOC_Os03g05420,"motif, motif_CE",merged
LOC_Os01g07120,LOC_Os06g02360,motif,merged
LOC_Os01g07120,LOC_Os02g43380,"motif, motif_CE",merged
LOC_Os01g07120,LOC_Os07g04280,motif,merged
LOC_Os01g07120,LOC_Os01g55870,motif,merged
LOC_Os01g07120,LOC_Os05g28100,motif,merged
LOC_Os01g07120,LOC_Os06g40020,"motif, motif_CE",merged
LOC_Os01g07120,LOC_Os01g46650,motif_CE,motif_CE
LOC_Os01g07120,LOC_Os01g03020,motif_CE,motif_CE
LOC_Os01g07120,LOC_Os03g41580,motif,merged
LOC_Os01g07120,LOC_Os11g33250,motif,merged
LOC_Os01g07120,LOC_Os04g01130,"motif, motif_CE",merged
LOC_Os01g07120,LOC_Os08g19730,motif,merged
LOC_Os01g07120,LOC_Os03g62690,motif_CE,motif_CE
LOC_Os01g07120,LOC_Os12g12020,motif,merged
LOC_Os01g07120,LOC_Os08g37140,motif,merged
LOC_Os01g07120,LOC_Os08g32260,FunTFBS,FunTFBS
LOC_Os01g07120,LOC_Os04g23420,motif_CE,motif_CE
LOC_Os01g07120,LOC_Os09g33610,motif,merged
LOC_Os01g07120,LOC_Os04g40730,motif,merged
LOC_Os01g07120,LOC_Os03g51200,"motif, motif_CE",merged
LOC_Os01g07120,LOC_Os05g40180,motif_CE,motif_CE
LOC_Os01g07120,LOC_Os10g08260,motif,merged
LOC_Os01g07120,LOC_Os12g07670,"motif, motif_CE",merged
LOC_Os01g07120,LOC_Os04g56995,motif,merged
LOC_Os01g07120,LOC_Os04g53030,motif,merged
LOC_Os01g07120,LOC_Os06g48110,motif,merged
LOC_Os01g07120,LOC_Os02g28860,FunTFBS,FunTFBS
LOC_Os01g07120,LOC_Os09g36982,motif_CE,motif_CE
LOC_Os01g07120,LOC_Os12g20410,motif,merged
LOC_Os01g07120,LOC_Os07g44170,motif,merged
LOC_Os01g07120,LOC_Os01g36720,"FunTFBS, motif",merged
LOC_Os01g07120,LOC_Os03g58910,motif,merged
LOC_Os01g07120,LOC_Os02g09520,motif,merged
LOC_Os01g07120,LOC_Os06g10800,motif_CE,motif_CE
LOC_Os01g07120,LOC_Os04g13450,motif,merged
LOC_Os01g07120,LOC_Os03g20570,motif,merged
LOC_Os01g07120,LOC_Os03g25410,motif,merged
LOC_Os01g07120,LOC_Os04g29250,motif,merged
LOC_Os01g07120,LOC_Os11g39060,FunTFBS,FunTFBS
LOC_Os01g07120,LOC_Os07g41800,"motif, motif_CE",merged
LOC_Os01g07120,LOC_Os02g05610,motif,merged
LOC_Os01g07120,LOC_Os07g44990,motif,merged
LOC_Os01g07120,LOC_Os03g02150,motif,merged
LOC_Os01g07120,LOC_Os07g22000,motif,merged
LOC_Os01g07120,LOC_Os04g33480,"motif, motif_CE",merged
LOC_Os01g07120,LOC_Os03g14410,motif_CE,motif_CE
LOC_Os01g07120,LOC_Os05g50650,motif_CE,motif_CE
LOC_Os01g07120,LOC_Os05g42230,motif_CE,motif_CE
LOC_Os01g07120,LOC_Os09g11300,motif_CE,motif_CE
LOC_Os01g07120,LOC_Os05g37420,motif,merged
LOC_Os01g07120,LOC_Os05g44350,motif_CE,motif_CE
LOC_Os01g07120,LOC_Os11g19420,motif,merged
LOC_Os01g07120,LOC_Os08g37760,motif,merged
LOC_Os01g07120,LOC_Os08g09190,motif,merged
LOC_Os01g07120,LOC_Os01g54890,"motif, motif_CE",merged
LOC_Os01g07120,LOC_Os04g23720,motif,merged
LOC_Os01g07120,LOC_Os11g47120,motif,merged
LOC_Os01g07120,LOC_Os04g08460,motif,merged
LOC_Os01g07120,LOC_Os12g39890,motif,merged
LOC_Os01g07120,LOC_Os01g08760,motif_CE,motif_CE
LOC_Os01g07120,LOC_Os04g04254,motif,merged
LOC_Os01g07120,LOC_Os11g48064,motif,merged
LOC_Os01g07120,LOC_Os01g27530,"motif, motif_CE",merged
LOC_Os01g07120,LOC_Os06g30650,motif,merged
LOC_Os01g07120,LOC_Os02g47140,"FunTFBS, motif, motif_CE",merged
LOC_Os01g07120,LOC_Os01g68390,motif,merged
LOC_Os01g07120,LOC_Os11g40620,motif,merged
LOC_Os01g07120,LOC_Os01g53820,"FunTFBS, motif",merged
LOC_Os01g07120,LOC_Os10g26850,motif,merged
LOC_Os01g07120,LOC_Os01g57430,motif,merged
LOC_Os01g07120,LOC_Os09g08690,"motif, motif_CE",merged
LOC_Os01g07120,LOC_Os06g39515,motif,merged
LOC_Os01g07120,LOC_Os02g52934,motif,merged
LOC_Os01g07120,LOC_Os10g30960,"FunTFBS, motif",merged
LOC_Os01g07120,LOC_Os04g26890,"motif, motif_CE",merged
LOC_Os01g07120,LOC_Os01g12270,"motif, motif_CE",merged
LOC_Os01g07120,LOC_Os11g30880,motif,merged
LOC_Os01g07120,LOC_Os02g33890,motif,merged
LOC_Os01g07120,LOC_Os04g29060,"FunTFBS, motif",merged
LOC_Os01g07120,LOC_Os05g02250,"motif, motif_CE",merged
LOC_Os01g07120,LOC_Os06g44660,motif,merged
LOC_Os01g07120,LOC_Os07g24150,motif,merged
LOC_Os01g07120,LOC_Os01g47110,motif,merged
LOC_Os01g07120,LOC_Os11g31020,motif,merged
LOC_Os01g07120,LOC_Os06g03920,motif,merged
LOC_Os01g07120,LOC_Os06g12080,motif,merged
LOC_Os01g07120,LOC_Os06g20000,motif,merged
LOC_Os01g07120,LOC_Os02g43960,motif,merged
LOC_Os01g07120,LOC_Os04g52361,motif,merged
LOC_Os01g07120,LOC_Os09g28190,motif,merged
LOC_Os01g07120,LOC_Os08g28620,motif,merged
LOC_Os01g07120,LOC_Os10g25720,motif,merged
LOC_Os01g07120,LOC_Os03g07739,motif,merged
LOC_Os01g07120,LOC_Os01g08770,motif,merged
LOC_Os01g07120,LOC_Os05g40820,"motif, motif_CE",merged
LOC_Os01g07120,LOC_Os12g16030,motif,merged
LOC_Os01g07120,LOC_Os03g27850,motif,merged
LOC_Os01g07120,LOC_Os01g20140,motif,merged
LOC_Os01g07120,LOC_Os01g56990,"motif, motif_CE",merged
LOC_Os01g07120,LOC_Os08g39440,motif,merged
LOC_Os01g07120,LOC_Os04g28060,FunTFBS,FunTFBS
LOC_Os01g07120,LOC_Os08g04570,motif,merged
LOC_Os01g07120,LOC_Os06g48590,motif,merged
LOC_Os01g07120,LOC_Os03g57145,"FunTFBS, motif",merged
LOC_Os01g07120,LOC_Os12g17960,motif,merged
LOC_Os01g07120,LOC_Os01g56480,motif,merged
LOC_Os01g07120,LOC_Os09g26280,motif,merged
LOC_Os01g07120,LOC_Os03g22530,motif,merged
LOC_Os01g07120,LOC_Os07g30810,motif,merged
LOC_Os01g07120,LOC_Os11g27470,motif,merged
LOC_Os01g07120,LOC_Os02g06260,"motif, motif_CE",merged
LOC_Os01g07120,LOC_Os10g41850,FunTFBS,FunTFBS
LOC_Os01g07120,LOC_Os12g01940,"motif, motif_CE",merged
LOC_Os01g07120,LOC_Os10g42560,motif,merged
LOC_Os01g07120,LOC_Os09g03640,motif,merged
LOC_Os01g07120,LOC_Os04g22450,motif,merged
LOC_Os01g07120,LOC_Os09g20010,motif,merged
LOC_Os01g07120,LOC_Os12g03830,motif,merged
LOC_Os01g07120,LOC_Os02g28570,motif,merged
LOC_Os01g07120,LOC_Os10g36610,motif,merged
LOC_Os01g07120,LOC_Os01g03020,"motif, motif_CE",merged
LOC_Os01g07120,LOC_Os10g01540,motif_CE,motif_CE
LOC_Os01g07120,LOC_Os05g11350,motif,merged
LOC_Os01g07120,LOC_Os03g61360,motif,merged
LOC_Os01g07120,LOC_Os01g14932,"FunTFBS, motif, motif_CE",merged
LOC_Os01g07120,LOC_Os10g34890,motif,merged
LOC_Os01g07120,LOC_Os04g48630,motif,merged
LOC_Os01g07120,LOC_Os11g32560,motif,merged
LOC_Os01g07120,LOC_Os06g19460,"motif, motif_CE",merged
LOC_Os01g07120,LOC_Os02g18370,motif,merged
LOC_Os01g07120,LOC_Os01g21400,motif,merged
LOC_Os01g07120,LOC_Os08g38300,FunTFBS,FunTFBS
LOC_Os01g07120,LOC_Os04g23420,"motif, motif_CE",merged
LOC_Os01g07120,LOC_Os06g38320,motif,merged
LOC_Os01g07120,LOC_Os07g19220,motif,merged
LOC_Os01g07120,LOC_Os09g31990,motif_CE,motif_CE
LOC_Os01g07120,LOC_Os06g21360,motif,merged
LOC_Os01g07120,LOC_Os04g46800,motif,merged
LOC_Os01g07120,LOC_Os09g24590,motif_CE,motif_CE
LOC_Os01g07120,LOC_Os03g26030,motif,merged
LOC_Os01g07120,LOC_Os07g15660,motif,merged
LOC_Os01g07120,LOC_Os01g42640,motif,merged
LOC_Os01g07120,LOC_Os02g05040,motif,merged
LOC_Os01g07120,LOC_Os03g45040,motif,merged
LOC_Os01g07120,LOC_Os12g35360,motif,merged
LOC_Os01g07120,LOC_Os03g39380,motif_CE,motif_CE
LOC_Os01g07120,LOC_Os11g28210,"FunTFBS, motif",merged
LOC_Os01g07120,LOC_Os03g36700,motif_CE,motif_CE
LOC_Os01g07120,LOC_Os02g21540,motif,merged
LOC_Os01g07120,LOC_Os03g18550,motif_CE,motif_CE
LOC_Os01g07120,LOC_Os08g25230,motif,merged
LOC_Os01g07120,LOC_Os10g12812,motif,merged
LOC_Os01g07120,LOC_Os05g20150,motif,merged
LOC_Os01g07120,LOC_Os06g36950,motif,merged
LOC_Os01g07120,LOC_Os11g16430,motif,merged
LOC_Os01g07120,LOC_Os02g06320,motif,merged
LOC_Os01g07120,LOC_Os11g26290,motif,merged
LOC_Os01g07120,LOC_Os03g25670,motif,merged
LOC_Os01g07120,LOC_Os05g19390,motif,merged
LOC_Os01g07120,LOC_Os07g41150,motif,merged
LOC_Os01g07120,LOC_Os06g43170,motif,merged
LOC_Os01g07120,LOC_Os03g14410,"motif, motif_CE",merged
LOC_Os01g07120,LOC_Os05g31780,motif,merged
LOC_Os01g07120,LOC_Os01g06000,"motif, motif_CE",merged
LOC_Os01g07120,LOC_Os02g04945,motif,merged
LOC_Os01g07120,LOC_Os06g28390,motif,merged
LOC_Os01g07120,LOC_Os11g42770,motif,merged
LOC_Os01g07120,LOC_Os11g11090,motif,merged
LOC_Os01g07120,LOC_Os05g44350,"motif, motif_CE",merged
LOC_Os01g07120,LOC_Os03g16718,motif,merged
LOC_Os01g07120,LOC_Os02g50370,"motif, motif_CE",merged
LOC_Os01g07120,LOC_Os11g38170,motif,merged
LOC_Os01g07120,LOC_Os07g25580,motif,merged
LOC_Os01g07120,LOC_Os05g41120,"motif, motif_CE",merged
LOC_Os01g07120,LOC_Os04g14410,motif,merged
LOC_Os01g07120,LOC_Os03g04350,motif,merged
LOC_Os01g07120,LOC_Os03g22570,"motif, motif_CE",merged
LOC_Os01g07120,LOC_Os06g35490,motif,merged
LOC_Os01g07120,LOC_Os08g38510,motif,merged
LOC_Os01g07120,LOC_Os10g29440,motif,merged
LOC_Os01g07120,LOC_Os01g08760,"motif, motif_CE",merged
LOC_Os01g07120,LOC_Os03g30200,motif,merged
LOC_Os01g07120,LOC_Os01g37090,motif,merged
LOC_Os01g07120,LOC_Os01g29150,motif_CE,motif_CE
LOC_Os01g07120,LOC_Os11g07330,motif,merged
LOC_Os01g07120,LOC_Os07g47650,motif_CE,motif_CE
LOC_Os01g07120,LOC_Os01g11770,motif,merged
LOC_Os01g07120,LOC_Os07g06610,"FunTFBS, motif, motif_CE",merged
LOC_Os01g07120,LOC_Os04g59630,motif,merged
LOC_Os01g07120,LOC_Os03g64370,motif,merged
LOC_Os01g07120,LOC_Os07g14200,motif,merged
LOC_Os01g07120,LOC_Os09g31140,motif_CE,motif_CE
LOC_Os01g07120,LOC_Os05g25300,motif,merged
LOC_Os01g07120,LOC_Os08g20100,motif,merged
LOC_Os01g07120,LOC_Os08g32710,motif,merged
LOC_Os01g07120,LOC_Os05g07050,"FunTFBS, motif, motif_CE",merged
LOC_Os01g07120,LOC_Os03g38990,"FunTFBS, motif, motif_CE",merged
LOC_Os01g07120,LOC_Os12g32910,motif,merged
LOC_Os01g07120,LOC_Os12g02950,"FunTFBS, motif",merged
LOC_Os01g07120,LOC_Os10g08830,motif,merged
LOC_Os01g07120,LOC_Os06g39550,FunTFBS,FunTFBS
LOC_Os01g07120,LOC_Os01g40400,motif,merged
LOC_Os01g07120,LOC_Os12g06970,motif,merged
LOC_Os01g07120,LOC_Os03g22460,motif_CE,motif_CE
LOC_Os01g07120,LOC_Os12g06090,motif,merged
LOC_Os01g07120,LOC_Os08g15970,motif,merged
LOC_Os01g07120,LOC_Os01g21100,motif,merged
LOC_Os01g07120,LOC_Os02g50570,motif_CE,motif_CE
LOC_Os01g07120,LOC_Os09g37006,"FunTFBS, motif",merged
LOC_Os01g07120,LOC_Os02g41450,motif_CE,motif_CE
LOC_Os01g07120,LOC_Os09g20890,motif,merged
LOC_Os01g07120,LOC_Os02g30920,motif,merged
LOC_Os01g07120,LOC_Os03g52930,motif,merged
LOC_Os01g07120,LOC_Os01g10060,motif,merged
LOC_Os01g07120,LOC_Os08g13600,motif,merged
LOC_Os01g07120,LOC_Os09g02470,"FunTFBS, motif",merged
LOC_Os01g07120,LOC_Os04g02360,motif,merged
LOC_Os01g07120,LOC_Os06g32520,motif,merged
LOC_Os01g07120,LOC_Os09g33830,motif_CE,motif_CE
LOC_Os01g07120,LOC_Os05g50640,motif,merged
LOC_Os01g07120,LOC_Os01g68960,motif_CE,motif_CE
LOC_Os01g07120,LOC_Os03g01120,motif,merged
LOC_Os01g07120,LOC_Os08g07000,motif,merged
LOC_Os01g07120,LOC_Os12g13720,motif_CE,motif_CE
LOC_Os01g07120,LOC_Os03g07800,motif_CE,motif_CE
LOC_Os01g07120,LOC_Os10g30200,motif,merged
LOC_Os01g07120,LOC_Os09g34240,motif,merged
LOC_Os01g07120,LOC_Os04g44400,"motif, motif_CE",merged
LOC_Os01g07120,LOC_Os08g05950,motif_CE,motif_CE
LOC_Os01g07120,LOC_Os03g25640,motif,merged
LOC_Os01g07120,LOC_Os07g49220,"FunTFBS, motif, motif_CE",merged
LOC_Os01g07120,LOC_Os03g52280,"FunTFBS, motif, motif_CE",merged
LOC_Os01g07120,LOC_Os01g35780,motif,merged
LOC_Os01g07120,LOC_Os10g25450,motif,merged
LOC_Os01g07120,LOC_Os01g09665,motif,merged
LOC_Os01g07120,LOC_Os06g01830,FunTFBS,FunTFBS
LOC_Os01g07120,LOC_Os09g36890,motif_CE,motif_CE
LOC_Os01g07120,LOC_Os07g12270,motif,merged
LOC_Os01g07120,LOC_Os05g47890,FunTFBS,FunTFBS
LOC_Os01g07120,LOC_Os01g68670,motif,merged
LOC_Os01g07120,LOC_Os04g16690,motif,merged
LOC_Os01g07120,LOC_Os03g62690,"motif, motif_CE",merged
LOC_Os01g07120,LOC_Os07g19310,motif,merged
LOC_Os01g07120,LOC_Os04g57970,FunTFBS,FunTFBS
LOC_Os01g07120,LOC_Os11g33170,motif,merged
LOC_Os01g07120,LOC_Os01g66330,motif_CE,motif_CE
LOC_Os01g07120,LOC_Os01g27040,motif,merged
LOC_Os01g07120,LOC_Os05g40880,motif,merged
LOC_Os01g07120,LOC_Os11g04590,motif,merged
LOC_Os01g07120,LOC_Os09g13780,motif,merged
LOC_Os01g07120,LOC_Os01g10780,"FunTFBS, motif, motif_CE",merged
LOC_Os01g07120,LOC_Os10g07130,motif,merged
LOC_Os01g07120,LOC_Os09g32430,motif_CE,motif_CE
LOC_Os01g07120,LOC_Os05g37480,motif,merged
LOC_Os01g07120,LOC_Os05g40180,"motif, motif_CE",merged
LOC_Os01g07120,LOC_Os05g38320,motif,merged
LOC_Os01g07120,LOC_Os08g12580,motif,merged
LOC_Os01g07120,LOC_Os09g36982,"motif, motif_CE",merged
LOC_Os01g07120,LOC_Os06g04490,"FunTFBS, motif",merged
LOC_Os01g07120,LOC_Os09g23260,motif,merged
LOC_Os01g07120,LOC_Os04g19330,motif,merged
LOC_Os01g07120,LOC_Os03g32000,motif,merged
LOC_Os01g07120,LOC_Os02g37900,motif,merged
LOC_Os01g07120,LOC_Os09g12550,motif,merged
LOC_Os01g07120,LOC_Os03g36700,"motif, motif_CE",merged
LOC_Os01g07120,LOC_Os06g06420,motif_CE,motif_CE
LOC_Os01g07120,LOC_Os06g30230,motif_CE,motif_CE
LOC_Os01g07120,LOC_Os07g15670,motif_CE,motif_CE
LOC_Os01g07120,LOC_Os05g35810,motif,merged
LOC_Os01g07120,LOC_Os03g58500,motif,merged
LOC_Os01g07120,LOC_Os01g32140,motif_CE,motif_CE
LOC_Os01g07120,LOC_Os09g28950,motif,merged
LOC_Os01g07120,LOC_Os01g05289,motif,merged
LOC_Os01g07120,LOC_Os11g45720,motif,merged
LOC_Os01g07120,LOC_Os05g03830,motif,merged
LOC_Os01g07120,LOC_Os06g40250,motif,merged
LOC_Os01g07120,LOC_Os06g10960,motif,merged
LOC_Os01g07120,LOC_Os08g16740,motif_CE,motif_CE
LOC_Os01g07120,LOC_Os01g60650,motif_CE,motif_CE
LOC_Os01g07120,LOC_Os12g37939,motif,merged
LOC_Os01g07120,LOC_Os01g64900,"FunTFBS, motif",merged
LOC_Os01g07120,LOC_Os12g15560,FunTFBS,FunTFBS
LOC_Os01g07120,LOC_Os07g42610,motif_CE,motif_CE
LOC_Os01g07120,LOC_Os01g07000,motif_CE,motif_CE
LOC_Os01g07120,LOC_Os07g45170,motif,merged
LOC_Os01g07120,LOC_Os07g36830,motif_CE,motif_CE
LOC_Os01g07120,LOC_Os09g26740,"FunTFBS, motif",merged
LOC_Os01g07120,LOC_Os03g21020,motif_CE,motif_CE
LOC_Os01g07120,LOC_Os12g36870,motif,merged
LOC_Os01g07120,LOC_Os01g45380,motif,merged
LOC_Os01g07120,LOC_Os09g39830,motif,merged
LOC_Os01g07120,LOC_Os09g11300,"motif, motif_CE",merged
LOC_Os01g07120,LOC_Os05g20960,"FunTFBS, motif, motif_CE",merged
LOC_Os01g07120,LOC_Os08g32550,motif,merged
LOC_Os01g07120,LOC_Os11g06680,motif_CE,motif_CE
LOC_Os01g07120,LOC_Os03g43980,motif,merged
LOC_Os01g07120,LOC_Os02g05360,motif,merged
LOC_Os01g07120,LOC_Os02g24470,motif,merged
LOC_Os01g07120,LOC_Os05g12270,motif,merged
LOC_Os01g07120,LOC_Os07g12330,motif,merged
LOC_Os01g07120,LOC_Os07g29720,motif,merged
LOC_Os01g07120,LOC_Os03g25820,"motif, motif_CE",merged
LOC_Os01g07120,LOC_Os05g38270,motif,merged
LOC_Os01g07120,LOC_Os08g32610,motif,merged
LOC_Os01g07120,LOC_Os09g36840,motif,merged
LOC_Os01g07120,LOC_Os09g31140,"motif, motif_CE",merged
LOC_Os01g07120,LOC_Os02g09860,motif,merged
LOC_Os01g07120,LOC_Os07g30980,motif,merged
LOC_Os01g07120,LOC_Os02g37050,"motif, motif_CE",merged
LOC_Os01g07120,LOC_Os03g48260,"motif, motif_CE",merged
LOC_Os01g07120,LOC_Os08g02590,"motif, motif_CE",merged
LOC_Os01g07120,LOC_Os03g04560,"motif, motif_CE",merged
LOC_Os01g07120,LOC_Os08g13850,motif_CE,motif_CE
LOC_Os01g07120,LOC_Os12g05130,motif,merged
LOC_Os01g07120,LOC_Os09g16910,motif,merged
LOC_Os01g07120,LOC_Os08g28020,motif,merged
LOC_Os01g07120,LOC_Os04g27750,motif,merged
LOC_Os01g07120,LOC_Os03g22460,"motif, motif_CE",merged
LOC_Os01g07120,LOC_Os01g27320,motif,merged
LOC_Os01g07120,LOC_Os04g44080,motif,merged
LOC_Os01g07120,LOC_Os02g50570,"motif, motif_CE",merged
LOC_Os01g07120,ChrUn.fgenesh.gene.88,motif,merged
LOC_Os01g07120,LOC_Os07g46620,"motif, motif_CE",merged
LOC_Os01g07120,LOC_Os12g24590,motif,merged
LOC_Os01g07120,LOC_Os09g33830,"motif, motif_CE",merged
LOC_Os01g07120,LOC_Os01g46380,motif_CE,motif_CE
LOC_Os01g07120,LOC_Os02g22700,FunTFBS,FunTFBS
LOC_Os01g07120,LOC_Os01g68960,"motif, motif_CE",merged
LOC_Os01g07120,LOC_Os02g02570,"motif, motif_CE",merged
LOC_Os01g07120,LOC_Os05g45440,motif,merged
LOC_Os01g07120,LOC_Os04g42530,motif,merged
LOC_Os01g07120,LOC_Os03g52420,motif,merged
LOC_Os01g07120,LOC_Os08g07480,motif,merged
LOC_Os01g07120,LOC_Os03g01222,"FunTFBS, motif",merged
LOC_Os01g07120,LOC_Os12g02930,motif,merged
LOC_Os01g07120,LOC_Os09g30180,motif,merged
LOC_Os01g07120,LOC_Os02g06725,motif,merged
LOC_Os01g07120,LOC_Os04g09820,motif,merged
LOC_Os01g07120,LOC_Os09g31486,motif,merged
LOC_Os01g07120,LOC_Os08g31210,"FunTFBS, motif",merged
LOC_Os01g07120,LOC_Os02g14929,FunTFBS,FunTFBS
LOC_Os01g07120,LOC_Os08g22400,FunTFBS,FunTFBS
LOC_Os01g07120,LOC_Os07g36610,motif,merged
LOC_Os01g07120,LOC_Os05g15730,motif,merged
LOC_Os01g07120,LOC_Os11g18520,motif,merged
LOC_Os01g07120,LOC_Os06g07700,motif,merged
LOC_Os01g07120,LOC_Os04g43700,motif_CE,motif_CE
LOC_Os01g07120,LOC_Os12g31580,motif,merged
LOC_Os01g07120,LOC_Os01g14000,"FunTFBS, motif",merged
LOC_Os01g07120,LOC_Os08g20120,motif_CE,motif_CE
LOC_Os01g07120,LOC_Os02g14460,motif,merged
LOC_Os01g07120,LOC_Os08g44450,motif_CE,motif_CE
LOC_Os01g07120,LOC_Os10g39160,motif,merged
LOC_Os01g07120,LOC_Os03g21800,motif_CE,motif_CE
LOC_Os01g07120,LOC_Os10g24830,motif,merged
LOC_Os01g07120,LOC_Os01g06460,motif,merged
LOC_Os01g07120,LOC_Os08g32250,motif,merged
LOC_Os01g07120,LOC_Os02g32410,motif,merged
LOC_Os01g07120,LOC_Os03g43580,motif,merged
LOC_Os01g07120,LOC_Os03g64350,FunTFBS,FunTFBS
LOC_Os01g07120,LOC_Os02g44690,"FunTFBS, motif, motif_CE",merged
LOC_Os01g07120,LOC_Os06g40790,motif_CE,motif_CE
LOC_Os01g07120,LOC_Os09g32430,"motif, motif_CE",merged
LOC_Os01g07120,LOC_Os06g05750,motif,merged
LOC_Os01g07120,LOC_Os11g34320,motif,merged
LOC_Os01g07120,LOC_Os02g55260,motif,merged
LOC_Os01g07120,LOC_Os08g31110,motif_CE,motif_CE
LOC_Os01g07120,LOC_Os07g17950,motif,merged
LOC_Os01g07120,LOC_Os11g15000,FunTFBS,FunTFBS
LOC_Os01g07120,LOC_Os11g31120,motif,merged
LOC_Os01g07120,LOC_Os04g04300,motif,merged
LOC_Os01g07120,LOC_Os11g32740,motif,merged
LOC_Os01g07120,LOC_Os03g59020,motif_CE,motif_CE
LOC_Os01g07120,LOC_Os04g35010,motif,merged
LOC_Os01g07120,LOC_Os06g30230,"motif, motif_CE",merged
LOC_Os01g07120,LOC_Os07g15670,"motif, motif_CE",merged
LOC_Os01g07120,LOC_Os12g11610,motif,merged
LOC_Os01g07120,LOC_Os05g13930,motif,merged
LOC_Os01g07120,LOC_Os01g42490,motif_CE,motif_CE
LOC_Os01g07120,LOC_Os01g35590,motif,merged
LOC_Os01g07120,LOC_Os05g03520,motif,merged
LOC_Os01g07120,LOC_Os10g34884,"motif, motif_CE",merged
LOC_Os01g07120,LOC_Os03g44530,motif_CE,motif_CE
LOC_Os01g07120,LOC_Os01g53360,motif,merged
LOC_Os01g07120,LOC_Os05g49760,"motif, motif_CE",merged
LOC_Os01g07120,LOC_Os04g40740,FunTFBS,FunTFBS
LOC_Os01g07120,LOC_Os08g34960,motif_CE,motif_CE
LOC_Os01g07120,LOC_Os04g21720,motif_CE,motif_CE
LOC_Os01g07120,LOC_Os09g24440,motif_CE,motif_CE
LOC_Os01g07120,LOC_Os03g56320,motif,merged
LOC_Os01g07120,LOC_Os08g16740,"motif, motif_CE",merged
LOC_Os01g07120,LOC_Os10g35210,motif,merged
LOC_Os01g07120,LOC_Os06g48780,motif_CE,motif_CE
LOC_Os01g07120,LOC_Os02g43260,motif,merged
LOC_Os01g07120,LOC_Os03g21020,"motif, motif_CE",merged
LOC_Os01g07120,LOC_Os01g04600,motif_CE,motif_CE
LOC_Os01g07120,LOC_Os04g27570,motif,merged
LOC_Os01g07120,LOC_Os07g48330,"FunTFBS, motif",merged
LOC_Os01g07120,LOC_Os09g36490,motif,merged
LOC_Os01g07120,LOC_Os03g43390,motif,merged
LOC_Os01g07120,LOC_Os09g37770,motif,merged
LOC_Os01g07120,LOC_Os10g12500,motif,merged
LOC_Os01g07120,LOC_Os12g14374,motif,merged
LOC_Os01g07120,LOC_Os02g48280,motif_CE,motif_CE
LOC_Os01g07120,LOC_Os04g11830,motif_CE,motif_CE
LOC_Os01g07120,LOC_Os02g36130,motif,merged
LOC_Os01g07120,LOC_Os01g69290,motif,merged
LOC_Os01g07120,LOC_Os07g34280,motif,merged
LOC_Os01g07120,LOC_Os05g26140,motif,merged
LOC_Os01g07120,LOC_Os12g30555,motif_CE,motif_CE
LOC_Os01g07120,LOC_Os10g28790,motif,merged
LOC_Os01g07120,LOC_Os08g01680,motif,merged
LOC_Os01g07120,LOC_Os07g45490,FunTFBS,FunTFBS
LOC_Os01g07120,LOC_Os03g43070,motif,merged
LOC_Os01g07120,LOC_Os01g73670,motif,merged
LOC_Os01g07120,LOC_Os02g52980,motif,merged
LOC_Os01g07120,LOC_Os08g13850,"motif, motif_CE",merged
LOC_Os01g07120,LOC_Os01g71540,motif,merged
LOC_Os01g07120,LOC_Os06g02760,motif,merged
LOC_Os01g07120,LOC_Os09g01330,motif,merged
LOC_Os01g07120,LOC_Os05g49230,motif_CE,motif_CE
LOC_Os01g07120,LOC_Os03g05350,motif,merged
LOC_Os01g07120,LOC_Os07g41140,motif,merged
LOC_Os01g07120,LOC_Os08g30690,motif,merged
LOC_Os01g07120,LOC_Os12g05430,motif_CE,motif_CE
LOC_Os01g07120,LOC_Os02g26160,motif,merged
LOC_Os01g07120,LOC_Os06g13470,motif,merged
LOC_Os01g07120,LOC_Os06g22800,motif,merged
LOC_Os01g07120,LOC_Os04g10219,motif,merged
LOC_Os01g07120,LOC_Os01g03820,motif,merged
LOC_Os01g07120,LOC_Os12g14960,FunTFBS,FunTFBS
LOC_Os01g07120,LOC_Os12g11990,motif,merged
LOC_Os01g07120,LOC_Os03g61030,motif_CE,motif_CE
LOC_Os01g07120,LOC_Os03g01530,motif_CE,motif_CE
LOC_Os01g07120,LOC_Os03g22610,FunTFBS,FunTFBS
LOC_Os01g07120,LOC_Os04g55700,"motif, motif_CE",merged
LOC_Os01g07120,LOC_Os06g18690,motif,merged
LOC_Os01g07120,LOC_Os11g09140,motif_CE,motif_CE
LOC_Os01g07120,LOC_Os05g18700,motif,merged
LOC_Os01g07120,LOC_Os07g39500,motif,merged
LOC_Os01g07120,LOC_Os05g31130,motif,merged
LOC_Os01g07120,LOC_Os08g17350,motif,merged
LOC_Os01g07120,LOC_Os05g04720,FunTFBS,FunTFBS
LOC_Os01g07120,LOC_Os07g28360,"FunTFBS, motif",merged
LOC_Os01g07120,LOC_Os01g10420,motif,merged
LOC_Os01g07120,LOC_Os07g33570,"FunTFBS, motif",merged
LOC_Os01g07120,LOC_Os07g28900,motif,merged
LOC_Os01g07120,LOC_Os05g28870,motif,merged
LOC_Os01g07120,LOC_Os03g12010,motif,merged
LOC_Os01g07120,LOC_Os12g37280,motif,merged
LOC_Os01g07120,LOC_Os04g29950,motif,merged
LOC_Os01g07120,LOC_Os12g06335,"motif, motif_CE",merged
LOC_Os01g07120,LOC_Os10g06330,motif,merged
LOC_Os01g07120,LOC_Os01g12860,motif,merged
LOC_Os01g07120,LOC_Os02g38420,motif,merged
LOC_Os01g07120,LOC_Os05g07840,motif,merged
LOC_Os01g07120,LOC_Os03g01910,"FunTFBS, motif, motif_CE",merged
LOC_Os01g07120,LOC_Os08g35460,motif,merged
LOC_Os01g07120,LOC_Os02g55330,motif,merged
LOC_Os01g07120,LOC_Os04g11860,motif,merged
LOC_Os01g07120,LOC_Os11g08250,motif,merged
LOC_Os01g07120,LOC_Os08g20120,"motif, motif_CE",merged
LOC_Os01g07120,LOC_Os07g34120,motif,merged
LOC_Os01g07120,LOC_Os02g51740,motif_CE,motif_CE
LOC_Os01g07120,LOC_Os11g31590,motif,merged
LOC_Os01g07120,LOC_Os04g52725,motif,merged
LOC_Os01g07120,LOC_Os07g13319,FunTFBS,FunTFBS
LOC_Os01g07120,LOC_Os09g36890,"motif, motif_CE",merged
LOC_Os01g07120,LOC_Os12g08660,motif,merged
LOC_Os01g07120,LOC_Os08g30500,motif,merged
LOC_Os01g07120,LOC_Os02g09530,"motif, motif_CE",merged
LOC_Os01g07120,LOC_Os01g41340,motif,merged
LOC_Os01g07120,LOC_Os02g35820,motif,merged
LOC_Os01g07120,LOC_Os05g19764,motif,merged
LOC_Os01g07120,LOC_Os09g24640,motif_CE,motif_CE
LOC_Os01g07120,LOC_Os01g53060,motif_CE,motif_CE
LOC_Os01g07120,LOC_Os07g16170,motif,merged
LOC_Os01g07120,LOC_Os03g29850,motif,merged
LOC_Os01g07120,LOC_Os01g01830,motif,merged
LOC_Os01g07120,LOC_Os10g26670,motif_CE,motif_CE
LOC_Os01g07120,LOC_Os08g31110,"motif, motif_CE",merged
LOC_Os01g07120,LOC_Os04g07808,motif,merged
LOC_Os01g07120,LOC_Os03g14840,"motif, motif_CE",merged
LOC_Os01g07120,LOC_Os03g21170,motif,merged
LOC_Os01g07120,LOC_Os12g07990,motif,merged
LOC_Os01g07120,LOC_Os10g26730,motif_CE,motif_CE
LOC_Os01g07120,LOC_Os08g33720,motif_CE,motif_CE
LOC_Os01g07120,LOC_Os07g18180,motif,merged
LOC_Os01g07120,LOC_Os08g13530,motif,merged
LOC_Os01g07120,LOC_Os04g27200,motif,merged
LOC_Os01g07120,LOC_Os07g06130,motif_CE,motif_CE
LOC_Os01g07120,LOC_Os11g36450,motif,merged
LOC_Os01g07120,LOC_Os01g55900,motif_CE,motif_CE
LOC_Os01g07120,LOC_Os10g32190,motif,merged
LOC_Os01g07120,LOC_Os11g37910,motif,merged
LOC_Os01g07120,LOC_Os06g02510,motif,merged
LOC_Os01g07120,LOC_Os05g41590,motif,merged
LOC_Os01g07120,LOC_Os01g32560,"FunTFBS, motif, motif_CE",merged
LOC_Os01g07120,LOC_Os01g52420,motif,merged
LOC_Os01g07120,LOC_Os12g02830,motif_CE,motif_CE
LOC_Os01g07120,LOC_Os11g39650,motif,merged
LOC_Os01g07120,LOC_Os03g48050,motif,merged
LOC_Os01g07120,LOC_Os08g34960,"motif, motif_CE",merged
LOC_Os01g07120,LOC_Os06g19095,motif,merged
LOC_Os01g07120,LOC_Os09g24440,"motif, motif_CE",merged
LOC_Os01g07120,LOC_Os08g39500,motif_CE,motif_CE
LOC_Os01g07120,LOC_Os10g01960,motif,merged
LOC_Os01g07120,LOC_Os03g57210,motif,merged
LOC_Os01g07120,LOC_Os09g16500,motif,merged
LOC_Os01g07120,LOC_Os02g43670,motif,merged
LOC_Os01g07120,LOC_Os01g35580,motif,merged
LOC_Os01g07120,LOC_Os01g45320,motif,merged
LOC_Os01g07120,LOC_Os01g18310,motif,merged
LOC_Os01g07120,LOC_Os03g59530,motif_CE,motif_CE
LOC_Os01g07120,LOC_Os04g45750,motif_CE,motif_CE
LOC_Os01g07120,LOC_Os02g35120,motif,merged
LOC_Os01g07120,LOC_Os02g46730,motif,merged
LOC_Os01g07120,LOC_Os04g11830,"motif, motif_CE",merged
LOC_Os01g07120,LOC_Os08g05480,motif_CE,motif_CE
LOC_Os01g07120,LOC_Os09g21170,motif,merged
LOC_Os01g07120,LOC_Os04g46010,motif,merged
LOC_Os01g07120,LOC_Os11g09040,"motif, motif_CE",merged
LOC_Os01g07120,LOC_Os09g34160,motif_CE,motif_CE
LOC_Os01g07120,LOC_Os02g24030,motif_CE,motif_CE
LOC_Os01g07120,LOC_Os09g25840,motif,merged
LOC_Os01g07120,LOC_Os01g08570,motif,merged
LOC_Os01g07120,LOC_Os07g01120,motif,merged
LOC_Os01g07120,LOC_Os12g04640,motif,merged
LOC_Os01g07120,LOC_Os07g01960,motif,merged
LOC_Os01g07120,LOC_Os12g36750,motif,merged
LOC_Os01g07120,LOC_Os07g43470,motif,merged
LOC_Os01g07120,LOC_Os05g11230,motif,merged
LOC_Os01g07120,LOC_Os05g24390,motif,merged
LOC_Os01g07120,LOC_Os10g37400,motif,merged
LOC_Os01g07120,LOC_Os06g36740,motif,merged
LOC_Os01g07120,LOC_Os06g15200,motif,merged
LOC_Os01g07120,LOC_Os07g49130,motif,merged
LOC_Os01g07120,LOC_Os02g19070,motif,merged
LOC_Os01g07120,LOC_Os07g32890,FunTFBS,FunTFBS
LOC_Os01g07120,LOC_Os06g33350,motif,merged
LOC_Os01g07120,LOC_Os12g05430,"motif, motif_CE",merged
LOC_Os01g07120,LOC_Os12g11050,motif,merged
LOC_Os01g07120,LOC_Os04g48720,motif_CE,motif_CE
LOC_Os01g07120,LOC_Os01g12381,motif,merged
LOC_Os01g07120,LOC_Os08g33370,"FunTFBS, motif",merged
LOC_Os01g07120,LOC_Os04g28360,motif,merged
LOC_Os01g07120,LOC_Os09g37760,motif,merged
LOC_Os01g07120,LOC_Os06g09880,motif,merged
LOC_Os01g07120,LOC_Os05g17790,motif,merged
LOC_Os01g07120,LOC_Os06g43680,motif,merged
LOC_Os01g07120,LOC_Os07g14060,motif,merged
LOC_Os01g07120,LOC_Os06g29670,motif,merged
LOC_Os01g07120,LOC_Os06g25510,motif,merged
LOC_Os01g07120,LOC_Os04g52760,motif,merged
LOC_Os01g07120,LOC_Os03g50510,motif,merged
LOC_Os01g07120,LOC_Os11g05170,motif,merged
LOC_Os01g07120,LOC_Os08g40010,motif,merged
LOC_Os01g07120,LOC_Os10g34200,motif,merged
LOC_Os01g07120,LOC_Os10g28580,"FunTFBS, motif, motif_CE",merged
LOC_Os01g07120,LOC_Os09g27180,motif,merged
LOC_Os01g07120,LOC_Os11g29810,"motif, motif_CE",merged
LOC_Os01g07120,LOC_Os12g36640,FunTFBS,FunTFBS
LOC_Os01g07120,LOC_Os08g20379,motif,merged
LOC_Os01g07120,LOC_Os11g39120,motif,merged
LOC_Os01g07120,LOC_Os07g29560,motif,merged
LOC_Os01g07120,LOC_Os03g60020,motif,merged
LOC_Os01g07120,LOC_Os01g21750,motif,merged
LOC_Os01g07120,LOC_Os03g49640,motif,merged
LOC_Os01g07120,LOC_Os06g37870,motif,merged
LOC_Os01g07120,LOC_Os10g04750,motif,merged
LOC_Os01g07120,LOC_Os03g31500,motif,merged
LOC_Os01g07120,LOC_Os09g28380,"motif, motif_CE",merged
LOC_Os01g07120,LOC_Os11g04070,motif_CE,motif_CE
LOC_Os01g07120,LOC_Os07g37790,FunTFBS,FunTFBS
LOC_Os01g07120,LOC_Os10g39790,motif,merged
LOC_Os01g07120,LOC_Os02g56950,motif_CE,motif_CE
LOC_Os01g07120,LOC_Os11g47260,FunTFBS,FunTFBS
LOC_Os01g07120,LOC_Os05g17690,motif,merged
LOC_Os01g07120,LOC_Os04g53620,motif_CE,motif_CE
LOC_Os01g07120,LOC_Os03g21800,"motif, motif_CE",merged
LOC_Os01g07120,LOC_Os03g19740,motif,merged
LOC_Os01g07120,LOC_Os10g11220,motif,merged
LOC_Os01g07120,LOC_Os09g24640,"motif, motif_CE",merged
LOC_Os01g07120,LOC_Os01g53060,"motif, motif_CE",merged
LOC_Os01g07120,LOC_Os01g12120,motif,merged
LOC_Os01g07120,LOC_Os05g19590,"motif, motif_CE",merged
LOC_Os01g07120,LOC_Os03g20740,motif,merged
LOC_Os01g07120,LOC_Os09g13110,motif,merged
LOC_Os01g07120,LOC_Os02g06460,motif,merged
LOC_Os01g07120,LOC_Os10g37468,motif,merged
LOC_Os01g07120,LOC_Os01g69900,FunTFBS,FunTFBS
LOC_Os01g07120,LOC_Os10g04850,motif,merged
LOC_Os01g07120,LOC_Os06g18860,motif,merged
LOC_Os01g07120,LOC_Os05g07270,"motif, motif_CE",merged
LOC_Os01g07120,LOC_Os07g28860,motif,merged
LOC_Os01g07120,LOC_Os05g45360,motif,merged
LOC_Os01g07120,LOC_Os07g29700,motif,merged
LOC_Os01g07120,LOC_Os11g04409,motif,merged
LOC_Os01g07120,LOC_Os11g10500,motif,merged
LOC_Os01g07120,LOC_Os03g07850,"FunTFBS, motif, motif_CE",merged
LOC_Os01g07120,LOC_Os02g56110,motif_CE,motif_CE
LOC_Os01g07120,LOC_Os05g14660,motif,merged
LOC_Os01g07120,LOC_Os10g42439,motif_CE,motif_CE
LOC_Os01g07120,LOC_Os02g21680,"FunTFBS, motif",merged
LOC_Os01g07120,LOC_Os07g13530,motif,merged
LOC_Os01g07120,LOC_Os03g03080,motif,merged
LOC_Os01g07120,LOC_Os07g08180,motif_CE,motif_CE
LOC_Os01g07120,LOC_Os08g26470,motif,merged
LOC_Os01g07120,LOC_Os10g29310,motif,merged
LOC_Os01g07120,LOC_Os06g22410,motif,merged
LOC_Os01g07120,LOC_Os01g42490,"motif, motif_CE",merged
LOC_Os01g07120,LOC_Os04g14270,motif,merged
LOC_Os01g07120,LOC_Os01g54600,motif_CE,motif_CE
LOC_Os01g07120,LOC_Os06g48510,"FunTFBS, motif",merged
LOC_Os01g07120,LOC_Os10g29920,motif,merged
LOC_Os01g07120,LOC_Os08g36840,motif,merged
LOC_Os01g07120,LOC_Os11g36140,motif,merged
LOC_Os01g07120,LOC_Os05g46760,motif,merged
LOC_Os01g07120,LOC_Os08g39500,"motif, motif_CE",merged
LOC_Os01g07120,LOC_Os04g57730,motif,merged
LOC_Os01g07120,LOC_Os01g09670,"FunTFBS, motif",merged
LOC_Os01g07120,LOC_Os10g02980,FunTFBS,FunTFBS
LOC_Os01g07120,LOC_Os04g21720,"motif, motif_CE",merged
LOC_Os01g07120,LOC_Os01g32044,motif,merged
LOC_Os01g07120,LOC_Os02g51210,motif,merged
LOC_Os01g07120,LOC_Os07g44820,motif,merged
LOC_Os01g07120,LOC_Os06g07860,FunTFBS,FunTFBS
LOC_Os01g07120,LOC_Os01g44370,motif,merged
LOC_Os01g07120,LOC_Os06g36220,motif,merged
LOC_Os01g07120,LOC_Os12g05340,motif,merged
LOC_Os01g07120,LOC_Os11g43550,"motif, motif_CE",merged
LOC_Os01g07120,LOC_Os04g50040,motif,merged
LOC_Os01g07120,LOC_Os06g17590,motif,merged
LOC_Os01g07120,LOC_Os08g40860,motif,merged
LOC_Os01g07120,LOC_Os01g06540,motif,merged
LOC_Os01g07120,LOC_Os03g59530,"motif, motif_CE",merged
LOC_Os01g07120,LOC_Os07g24230,motif,merged
LOC_Os01g07120,LOC_Os04g45750,"motif, motif_CE",merged
LOC_Os01g07120,LOC_Os03g07100,motif,merged
LOC_Os01g07120,LOC_Os12g01100,motif,merged
LOC_Os01g07120,LOC_Os10g10450,motif,merged
LOC_Os01g07120,LOC_Os06g22530,"FunTFBS, motif",merged
LOC_Os01g07120,LOC_Os05g45580,motif,merged
LOC_Os01g07120,LOC_Os11g04370,motif,merged
LOC_Os01g07120,LOC_Os11g14370,motif,merged
LOC_Os01g07120,LOC_Os06g17140,"FunTFBS, motif",merged
LOC_Os01g07120,LOC_Os01g09790,motif,merged
LOC_Os01g07120,LOC_Os11g37190,motif_CE,motif_CE
LOC_Os01g07120,LOC_Os01g18950,motif,merged
LOC_Os01g07120,LOC_Os03g32630,"motif, motif_CE",merged
LOC_Os01g07120,LOC_Os07g47370,motif_CE,motif_CE
LOC_Os01g07120,LOC_Os08g32340,motif,merged
LOC_Os01g07120,LOC_Os05g31490,motif,merged
LOC_Os01g07120,LOC_Os02g53260,motif_CE,motif_CE
LOC_Os01g07120,LOC_Os12g01420,motif_CE,motif_CE
LOC_Os01g07120,LOC_Os01g63950,motif_CE,motif_CE
LOC_Os01g07120,LOC_Os04g14304,motif,merged
LOC_Os01g07120,LOC_Os12g36740,motif,merged
LOC_Os01g07120,LOC_Os07g08870,"motif, motif_CE",merged
LOC_Os01g07120,LOC_Os02g10280,motif,merged
LOC_Os01g07120,LOC_Os02g37470,motif,merged
LOC_Os01g07120,LOC_Os07g15440,motif,merged
LOC_Os01g07120,LOC_Os08g44440,motif,merged
LOC_Os01g07120,LOC_Os09g14320,motif,merged
LOC_Os01g07120,LOC_Os03g26760,"FunTFBS, motif",merged
LOC_Os01g07120,LOC_Os09g23050,motif,merged
LOC_Os01g07120,LOC_Os06g03910,motif,merged
LOC_Os01g07120,LOC_Os01g27200,motif,merged
LOC_Os01g07120,LOC_Os01g54900,motif_CE,motif_CE
LOC_Os01g07120,LOC_Os02g24330,motif_CE,motif_CE
LOC_Os01g07120,LOC_Os11g08460,motif,merged
LOC_Os01g07120,LOC_Os10g42390,motif,merged
LOC_Os01g07120,LOC_Os02g40550,motif,merged
LOC_Os01g07120,LOC_Os03g52290,motif,merged
LOC_Os01g07120,LOC_Os04g35500,motif,merged
LOC_Os01g07120,LOC_Os05g25070,"motif, motif_CE",merged
LOC_Os01g07120,LOC_Os11g06550,motif,merged
LOC_Os01g07120,LOC_Os05g14290,motif,merged
LOC_Os01g07120,LOC_Os01g15850,motif,merged
LOC_Os01g07120,LOC_Os02g43930,motif,merged
LOC_Os01g07120,LOC_Os05g17250,motif,merged
LOC_Os01g07120,LOC_Os09g31442,motif,merged
LOC_Os01g07120,LOC_Os07g28350,motif,merged
LOC_Os01g07120,LOC_Os02g07450,motif_CE,motif_CE
LOC_Os01g07120,LOC_Os11g06410,motif,merged
LOC_Os01g07120,LOC_Os07g11270,motif,merged
LOC_Os01g07120,LOC_Os03g61400,motif,merged
LOC_Os01g07120,LOC_Os06g07280,motif,merged
LOC_Os01g07120,ChrSy.fgenesh.gene.89,motif,merged
LOC_Os01g07120,LOC_Os01g24950,motif,merged
LOC_Os01g07120,LOC_Os04g53200,motif,merged
LOC_Os01g07120,LOC_Os11g46180,"FunTFBS, motif",merged
LOC_Os01g07120,LOC_Os07g47720,motif,merged
LOC_Os01g07120,LOC_Os05g09650,motif,merged
LOC_Os01g07120,LOC_Os01g44320,motif,merged
LOC_Os01g07120,LOC_Os02g32615,"FunTFBS, motif, motif_CE",merged
LOC_Os01g07120,LOC_Os07g31550,motif,merged
LOC_Os01g07120,LOC_Os04g38230,motif,merged
LOC_Os01g07120,LOC_Os07g12110,motif_CE,motif_CE
LOC_Os01g07120,LOC_Os01g10650,motif,merged
LOC_Os01g07120,LOC_Os07g28110,motif,merged
LOC_Os01g07120,LOC_Os10g07460,motif,merged
LOC_Os01g07120,LOC_Os12g33560,motif,merged
LOC_Os01g07120,LOC_Os04g56050,motif,merged
LOC_Os01g07120,LOC_Os07g38360,"motif, motif_CE",merged
LOC_Os01g07120,LOC_Os03g26420,motif,merged
LOC_Os01g07120,LOC_Os11g32870,motif_CE,motif_CE
LOC_Os01g07120,LOC_Os01g11080,motif,merged
LOC_Os01g07120,LOC_Os08g39480,motif_CE,motif_CE
LOC_Os01g07120,LOC_Os05g33240,motif,merged
LOC_Os01g07120,LOC_Os07g10640,motif,merged
LOC_Os01g07120,LOC_Os01g21690,motif,merged
LOC_Os01g07120,LOC_Os11g06960,motif,merged
LOC_Os01g07120,LOC_Os11g32360,motif,merged
LOC_Os01g07120,LOC_Os01g57480,motif,merged
LOC_Os01g07120,LOC_Os01g29507,motif,merged
LOC_Os01g07120,LOC_Os12g30430,motif,merged
LOC_Os01g07120,LOC_Os03g09920,"motif, motif_CE",merged
LOC_Os01g07120,LOC_Os11g40770,motif,merged
LOC_Os01g07120,LOC_Os06g42990,motif,merged
LOC_Os01g07120,LOC_Os03g53920,motif_CE,motif_CE
LOC_Os01g07120,LOC_Os01g28020,motif,merged
LOC_Os01g07120,LOC_Os12g07480,"motif, motif_CE",merged
LOC_Os01g07120,LOC_Os05g18200,motif,merged
LOC_Os01g07120,LOC_Os01g08680,motif,merged
LOC_Os01g07120,LOC_Os03g46070,motif,merged
LOC_Os01g07120,LOC_Os02g56110,"motif, motif_CE",merged
LOC_Os01g07120,LOC_Os11g22290,motif,merged
LOC_Os01g07120,LOC_Os03g04390,"FunTFBS, motif, motif_CE",merged
LOC_Os01g07120,LOC_Os05g47660,motif,merged
LOC_Os01g07120,LOC_Os06g42050,motif,merged
LOC_Os01g07120,LOC_Os07g06130,"motif, motif_CE",merged
LOC_Os01g07120,LOC_Os12g43590,motif_CE,motif_CE
LOC_Os01g07120,LOC_Os05g39080,"motif, motif_CE",merged
LOC_Os01g07120,LOC_Os03g21964,motif,merged
LOC_Os01g07120,LOC_Os03g61730,motif,merged
LOC_Os01g07120,LOC_Os01g54600,"motif, motif_CE",merged
LOC_Os01g07120,LOC_Os03g45410,motif_CE,motif_CE
LOC_Os01g07120,LOC_Os04g04620,motif,merged
LOC_Os01g07120,LOC_Os12g38220,motif,merged
LOC_Os01g07120,LOC_Os09g15389,motif_CE,motif_CE
LOC_Os01g07120,LOC_Os07g05020,motif,merged
LOC_Os01g07120,LOC_Os09g32770,motif_CE,motif_CE
LOC_Os01g07120,LOC_Os12g27500,motif,merged
LOC_Os01g07120,LOC_Os04g17310,motif,merged
LOC_Os01g07120,LOC_Os05g09310,motif,merged
LOC_Os01g07120,LOC_Os03g03680,motif,merged
LOC_Os01g07120,LOC_Os01g70640,motif,merged
LOC_Os01g07120,LOC_Os11g02964,motif_CE,motif_CE
LOC_Os01g07120,LOC_Os05g26026,motif,merged
LOC_Os01g07120,LOC_Os09g29760,motif_CE,motif_CE
LOC_Os01g07120,LOC_Os03g64150,motif,merged
LOC_Os01g07120,LOC_Os10g31950,motif,merged
LOC_Os01g07120,LOC_Os08g19310,FunTFBS,FunTFBS
LOC_Os01g07120,LOC_Os11g05400,"FunTFBS, motif, motif_CE",merged
LOC_Os01g07120,LOC_Os02g33570,motif,merged
LOC_Os01g07120,LOC_Os08g20630,motif,merged
LOC_Os01g07120,LOC_Os07g39300,motif,merged
LOC_Os01g07120,LOC_Os06g08200,motif,merged
LOC_Os01g07120,LOC_Os02g35520,motif,merged
LOC_Os01g07120,LOC_Os04g07540,motif,merged
LOC_Os01g07120,LOC_Os08g27230,motif,merged
LOC_Os01g07120,LOC_Os05g30890,"FunTFBS, motif",merged
LOC_Os01g07120,LOC_Os02g04860,motif,merged
LOC_Os01g07120,LOC_Os11g14240,motif,merged
LOC_Os01g07120,LOC_Os03g32270,motif,merged
LOC_Os01g07120,LOC_Os09g34160,"motif, motif_CE",merged
LOC_Os01g07120,LOC_Os05g34810,FunTFBS,FunTFBS
LOC_Os01g07120,LOC_Os03g62220,motif,merged
LOC_Os01g07120,LOC_Os09g31060,"motif, motif_CE",merged
LOC_Os01g07120,LOC_Os04g51480,motif,merged
LOC_Os01g07120,LOC_Os11g36600,motif,merged
LOC_Os01g07120,LOC_Os01g63950,"motif, motif_CE",merged
LOC_Os01g07120,LOC_Os04g47570,motif,merged
LOC_Os01g07120,LOC_Os07g29580,FunTFBS,FunTFBS
LOC_Os01g07120,LOC_Os10g02340,motif,merged
LOC_Os01g07120,LOC_Os03g47120,motif,merged
LOC_Os01g07120,LOC_Os02g28980,motif,merged
LOC_Os01g07120,LOC_Os04g09550,motif,merged
LOC_Os01g07120,LOC_Os02g21170,motif,merged
LOC_Os01g07120,LOC_Os08g44210,motif,merged
LOC_Os01g07120,LOC_Os07g01870,motif,merged
LOC_Os01g07120,LOC_Os09g24690,motif,merged
LOC_Os01g07120,LOC_Os04g23000,motif,merged
LOC_Os01g07120,LOC_Os01g54640,motif,merged
LOC_Os01g07120,LOC_Os05g38810,motif,merged
LOC_Os01g07120,LOC_Os08g02370,motif_CE,motif_CE
LOC_Os01g07120,LOC_Os02g24330,"motif, motif_CE",merged
LOC_Os01g07120,LOC_Os08g02340,motif_CE,motif_CE
LOC_Os01g07120,LOC_Os08g35060,motif_CE,motif_CE
LOC_Os01g07120,LOC_Os05g27490,motif,merged
LOC_Os01g07120,LOC_Os11g29750,motif,merged
LOC_Os01g07120,LOC_Os02g19840,motif,merged
LOC_Os01g07120,LOC_Os03g30680,"FunTFBS, motif",merged
LOC_Os01g07120,LOC_Os04g12890,motif,merged
LOC_Os01g07120,LOC_Os12g28780,motif,merged
LOC_Os01g07120,LOC_Os02g55270,"motif, motif_CE",merged
LOC_Os01g07120,LOC_Os06g07960,FunTFBS,FunTFBS
LOC_Os01g07120,LOC_Os02g12860,motif,merged
LOC_Os01g07120,LOC_Os08g07830,FunTFBS,FunTFBS
LOC_Os01g07120,LOC_Os10g39870,motif_CE,motif_CE
LOC_Os01g07120,LOC_Os10g29514,motif,merged
LOC_Os01g07120,LOC_Os08g31070,motif,merged
LOC_Os01g07120,LOC_Os11g35740,motif,merged
LOC_Os01g07120,LOC_Os03g29140,motif,merged
LOC_Os01g07120,LOC_Os11g25290,motif_CE,motif_CE
LOC_Os01g07120,LOC_Os03g46480,motif,merged
LOC_Os01g07120,LOC_Os12g02440,motif,merged
LOC_Os01g07120,LOC_Os09g11320,motif,merged
LOC_Os01g07120,LOC_Os05g20910,motif,merged
LOC_Os01g07120,LOC_Os10g35680,motif,merged
LOC_Os01g07120,LOC_Os02g49350,motif,merged
LOC_Os01g07120,ChrUn.fgenesh.gene.79,motif,merged
LOC_Os01g07120,LOC_Os02g54200,FunTFBS,FunTFBS
LOC_Os01g07120,LOC_Os02g10520,motif,merged
LOC_Os01g07120,LOC_Os07g42834,motif,merged
LOC_Os01g07120,LOC_Os07g12110,"motif, motif_CE",merged
LOC_Os01g07120,LOC_Os07g44499,motif,merged
LOC_Os01g07120,LOC_Os09g30280,motif_CE,motif_CE
LOC_Os01g07120,LOC_Os05g47490,motif,merged
LOC_Os01g07120,LOC_Os07g02080,motif,merged
LOC_Os01g07120,LOC_Os06g28110,motif,merged
LOC_Os01g07120,LOC_Os07g05210,motif_CE,motif_CE
LOC_Os01g07120,LOC_Os03g20560,motif_CE,motif_CE
LOC_Os01g07120,LOC_Os10g20670,motif,merged
LOC_Os01g07120,LOC_Os04g05340,motif,merged
LOC_Os01g07120,LOC_Os06g36770,motif,merged
LOC_Os01g07120,LOC_Os12g23110,motif,merged
LOC_Os01g07120,LOC_Os08g41320,FunTFBS,FunTFBS
LOC_Os01g07120,LOC_Os10g34270,motif,merged
LOC_Os01g07120,LOC_Os04g51270,motif_CE,motif_CE
LOC_Os01g07120,LOC_Os06g08840,motif_CE,motif_CE
LOC_Os01g07120,LOC_Os10g01060,"FunTFBS, motif",merged
LOC_Os01g07120,LOC_Os01g52460,motif,merged
LOC_Os01g07120,LOC_Os08g26080,motif,merged
LOC_Os01g07120,LOC_Os09g36420,"FunTFBS, motif",merged
LOC_Os01g07120,LOC_Os01g42140,motif_CE,motif_CE
LOC_Os01g07120,LOC_Os05g20090,motif,merged
LOC_Os01g07120,LOC_Os05g36940,motif,merged
LOC_Os01g07120,LOC_Os07g34006,motif,merged
LOC_Os01g07120,LOC_Os06g13730,motif,merged
LOC_Os01g07120,LOC_Os06g40990,FunTFBS,FunTFBS
LOC_Os01g07120,LOC_Os03g30250,motif,merged
LOC_Os01g07120,LOC_Os02g46170,motif_CE,motif_CE
LOC_Os01g07120,LOC_Os11g36170,motif,merged
LOC_Os01g07120,LOC_Os04g40500,motif,merged
LOC_Os01g07120,LOC_Os12g43830,motif,merged
LOC_Os01g07120,LOC_Os09g04410,motif,merged
LOC_Os01g07120,LOC_Os04g01520,motif_CE,motif_CE
LOC_Os01g07120,LOC_Os10g42439,"motif, motif_CE",merged
LOC_Os01g07120,LOC_Os07g25070,motif,merged
LOC_Os01g07120,LOC_Os02g38090,"motif, motif_CE",merged
LOC_Os01g07120,LOC_Os07g33954,"FunTFBS, motif, motif_CE",merged
LOC_Os01g07120,LOC_Os10g11180,motif,merged
LOC_Os01g07120,LOC_Os11g01180,motif_CE,motif_CE
LOC_Os01g07120,LOC_Os10g30760,motif,merged
LOC_Os01g07120,LOC_Os12g06800,"FunTFBS, motif",merged
LOC_Os01g07120,LOC_Os03g13120,motif,merged
LOC_Os01g07120,LOC_Os03g25140,"motif, motif_CE",merged
LOC_Os01g07120,LOC_Os01g43370,motif,merged
LOC_Os01g07120,LOC_Os01g15920,motif,merged
LOC_Os01g07120,LOC_Os10g40120,motif_CE,motif_CE
LOC_Os01g07120,LOC_Os09g02380,motif,merged
LOC_Os01g07120,LOC_Os09g25880,motif,merged
LOC_Os01g07120,LOC_Os07g34880,motif,merged
LOC_Os01g07120,LOC_Os11g36460,"FunTFBS, motif, motif_CE",merged
LOC_Os01g07120,LOC_Os03g11690,motif,merged
LOC_Os01g07120,LOC_Os01g05450,FunTFBS,FunTFBS
LOC_Os01g07120,LOC_Os03g24020,motif,merged
LOC_Os01g07120,LOC_Os03g06200,motif_CE,motif_CE
LOC_Os01g07120,LOC_Os12g25120,"FunTFBS, motif, motif_CE",merged
LOC_Os01g07120,LOC_Os01g61210,"motif, motif_CE",merged
LOC_Os01g07120,LOC_Os02g18620,motif,merged
LOC_Os01g07120,LOC_Os10g06540,motif_CE,motif_CE
LOC_Os01g07120,LOC_Os01g22430,motif,merged
LOC_Os01g07120,LOC_Os09g32025,motif_CE,motif_CE
LOC_Os01g07120,LOC_Os11g14250,motif,merged
LOC_Os01g07120,LOC_Os06g07460,motif,merged
LOC_Os01g07120,LOC_Os06g31400,motif,merged
LOC_Os01g07120,LOC_Os05g02070,"FunTFBS, motif, motif_CE",merged
LOC_Os01g07120,LOC_Os08g10240,motif,merged
LOC_Os01g07120,LOC_Os04g01490,motif,merged
LOC_Os01g07120,LOC_Os09g17890,motif,merged
LOC_Os01g07120,LOC_Os08g40919,"motif, motif_CE",merged
LOC_Os01g07120,LOC_Os05g23670,motif,merged
LOC_Os01g07120,LOC_Os07g36890,"FunTFBS, motif",merged
LOC_Os01g07120,LOC_Os02g18420,FunTFBS,FunTFBS
LOC_Os01g07120,LOC_Os06g36910,motif,merged
LOC_Os01g07120,LOC_Os08g26030,motif,merged
LOC_Os01g07120,LOC_Os06g30910,motif,merged
LOC_Os01g07120,LOC_Os02g30270,motif,merged
LOC_Os01g07120,LOC_Os10g03640,motif,merged
LOC_Os01g07120,LOC_Os10g43030,motif,merged
LOC_Os01g07120,LOC_Os08g06810,FunTFBS,FunTFBS
LOC_Os01g07120,LOC_Os09g30190,"motif, motif_CE",merged
LOC_Os01g07120,LOC_Os10g42100,motif,merged
LOC_Os01g07120,LOC_Os08g44370,"motif, motif_CE",merged
LOC_Os01g07120,LOC_Os01g72980,motif_CE,motif_CE
LOC_Os01g07120,LOC_Os11g19690,motif,merged
LOC_Os01g07120,LOC_Os07g16210,"FunTFBS, motif",merged
LOC_Os01g07120,LOC_Os02g16500,"motif, motif_CE",merged
LOC_Os01g07120,LOC_Os08g32050,"FunTFBS, motif",merged
LOC_Os01g07120,LOC_Os10g26190,motif,merged
LOC_Os01g07120,LOC_Os02g05460,motif,merged
LOC_Os01g07120,LOC_Os08g39060,motif_CE,motif_CE
LOC_Os01g07120,ChrUn.fgenesh.gene.91,motif_CE,motif_CE
LOC_Os01g07120,LOC_Os01g09870,motif,merged
LOC_Os01g07120,LOC_Os02g22070,motif_CE,motif_CE
LOC_Os01g07120,LOC_Os02g05430,motif,merged
LOC_Os01g07120,LOC_Os12g01420,"motif, motif_CE",merged
LOC_Os01g07120,LOC_Os12g24500,motif,merged
LOC_Os01g07120,LOC_Os07g10690,motif,merged
LOC_Os01g07120,LOC_Os12g04660,"FunTFBS, motif",merged
LOC_Os01g07120,LOC_Os09g35970,FunTFBS,FunTFBS
LOC_Os01g07120,LOC_Os11g43530,"motif, motif_CE",merged
LOC_Os01g07120,LOC_Os11g29530,motif,merged
LOC_Os01g07120,LOC_Os04g31190,motif_CE,motif_CE
LOC_Os01g07120,LOC_Os01g23780,motif,merged
LOC_Os01g07120,LOC_Os12g41820,motif_CE,motif_CE
LOC_Os01g07120,LOC_Os12g38670,motif_CE,motif_CE
LOC_Os01g07120,LOC_Os03g26800,"FunTFBS, motif",merged
LOC_Os01g07120,LOC_Os03g37820,motif,merged
LOC_Os01g07120,LOC_Os02g45090,"motif, motif_CE",merged
LOC_Os01g07120,LOC_Os09g21240,motif,merged
LOC_Os01g07120,LOC_Os05g31180,motif,merged
LOC_Os01g07120,LOC_Os01g51270,"FunTFBS, motif",merged
LOC_Os01g07120,LOC_Os04g39250,motif,merged
LOC_Os01g07120,LOC_Os05g43770,motif,merged
LOC_Os01g07120,LOC_Os06g36830,motif,merged
LOC_Os01g07120,LOC_Os01g57620,"motif, motif_CE",merged
LOC_Os01g07120,LOC_Os03g05225,motif,merged
LOC_Os01g07120,LOC_Os08g17870,motif,merged
LOC_Os01g07120,LOC_Os03g58650,motif_CE,motif_CE
LOC_Os01g07120,LOC_Os07g14460,motif,merged
LOC_Os01g07120,LOC_Os12g13170,motif,merged
LOC_Os01g07120,LOC_Os06g11850,motif,merged
LOC_Os01g07120,LOC_Os07g35860,motif_CE,motif_CE
LOC_Os01g07120,LOC_Os07g44940,motif_CE,motif_CE
LOC_Os01g07120,LOC_Os12g39750,motif,merged
LOC_Os01g07120,LOC_Os10g39870,"motif, motif_CE",merged
LOC_Os01g07120,LOC_Os03g22950,motif,merged
LOC_Os01g07120,LOC_Os06g50430,motif,merged
LOC_Os01g07120,LOC_Os06g45680,motif,merged
LOC_Os01g07120,LOC_Os07g48840,motif,merged
LOC_Os01g07120,LOC_Os06g41890,motif,merged
LOC_Os01g07120,LOC_Os09g07330,motif,merged
LOC_Os01g07120,LOC_Os01g27370,motif,merged
LOC_Os01g07120,LOC_Os03g13510,motif,merged
LOC_Os01g07120,LOC_Os04g24140,motif,merged
LOC_Os01g07120,LOC_Os07g47670,motif,merged
LOC_Os01g07120,LOC_Os02g26614,motif,merged
LOC_Os01g07120,LOC_Os09g30280,"motif, motif_CE",merged
LOC_Os01g07120,LOC_Os05g45760,motif,merged
LOC_Os01g07120,LOC_Os05g42330,motif,merged
LOC_Os01g07120,LOC_Os04g16570,motif,merged
LOC_Os01g07120,LOC_Os09g12510,motif,merged
LOC_Os01g07120,LOC_Os03g11270,FunTFBS,FunTFBS
LOC_Os01g07120,LOC_Os05g01110,motif_CE,motif_CE
LOC_Os01g07120,LOC_Os05g03500,motif,merged
LOC_Os01g07120,LOC_Os06g08840,"motif, motif_CE",merged
LOC_Os01g07120,LOC_Os01g48810,motif_CE,motif_CE
LOC_Os01g07120,LOC_Os06g29060,motif,merged
LOC_Os01g07120,LOC_Os12g01830,motif,merged
LOC_Os01g07120,LOC_Os07g45830,motif,merged
LOC_Os01g07120,LOC_Os01g02670,motif,merged
LOC_Os01g07120,LOC_Os02g53270,motif,merged
LOC_Os01g07120,LOC_Os03g56670,"motif, motif_CE",merged
LOC_Os01g07120,LOC_Os01g12840,motif_CE,motif_CE
LOC_Os01g07120,LOC_Os06g34060,motif,merged
LOC_Os01g07120,LOC_Os12g09120,motif,merged
LOC_Os01g07120,LOC_Os03g53920,"motif, motif_CE",merged
LOC_Os01g07120,LOC_Os12g09260,motif,merged
LOC_Os01g07120,LOC_Os03g08700,motif_CE,motif_CE
LOC_Os01g07120,LOC_Os01g47570,motif,merged
LOC_Os01g07120,LOC_Os04g27880,motif,merged
LOC_Os01g07120,LOC_Os01g05140,"motif, motif_CE",merged
LOC_Os01g07120,LOC_Os10g03720,motif,merged
LOC_Os01g07120,LOC_Os04g01520,"motif, motif_CE",merged
LOC_Os01g07120,LOC_Os07g31230,motif,merged
LOC_Os01g07120,LOC_Os11g26240,motif,merged
LOC_Os01g07120,LOC_Os07g29150,motif,merged
LOC_Os01g07120,LOC_Os07g17460,motif,merged
LOC_Os01g07120,LOC_Os01g73790,FunTFBS,FunTFBS
LOC_Os01g07120,LOC_Os06g49520,"FunTFBS, motif, motif_CE",merged
LOC_Os01g07120,LOC_Os05g43374,motif_CE,motif_CE
LOC_Os01g07120,LOC_Os01g20860,motif_CE,motif_CE
LOC_Os01g07120,LOC_Os03g38510,motif,merged
LOC_Os01g07120,LOC_Os01g31890,motif,merged
LOC_Os01g07120,LOC_Os12g05760,motif,merged
LOC_Os01g07120,LOC_Os06g38380,motif,merged
LOC_Os01g07120,LOC_Os08g02354,motif,merged
LOC_Os01g07120,LOC_Os10g40120,"motif, motif_CE",merged
LOC_Os01g07120,LOC_Os01g63530,motif,merged
LOC_Os01g07120,LOC_Os03g44500,"motif, motif_CE",merged
LOC_Os01g07120,LOC_Os07g22440,motif,merged
LOC_Os01g07120,LOC_Os10g28950,FunTFBS,FunTFBS
LOC_Os01g07120,LOC_Os09g23500,motif,merged
LOC_Os01g07120,LOC_Os01g54390,"FunTFBS, motif, motif_CE",merged
LOC_Os01g07120,LOC_Os02g19030,motif,merged
LOC_Os01g07120,LOC_Os06g49340,motif,merged
LOC_Os01g07120,LOC_Os11g37300,motif,merged
LOC_Os01g07120,LOC_Os11g17100,motif,merged
LOC_Os01g07120,LOC_Os07g46750,motif_CE,motif_CE
LOC_Os01g07120,LOC_Os11g02964,"motif, motif_CE",merged
LOC_Os01g07120,LOC_Os09g29760,"motif, motif_CE",merged
LOC_Os01g07120,LOC_Os03g17840,motif,merged
LOC_Os01g07120,LOC_Os02g55110,motif_CE,motif_CE
LOC_Os01g07120,LOC_Os02g31867,motif,merged
LOC_Os01g07120,LOC_Os11g30220,motif,merged
LOC_Os01g07120,LOC_Os01g10320,"motif, motif_CE",merged
LOC_Os01g07120,LOC_Os03g59540,motif_CE,motif_CE
LOC_Os01g07120,LOC_Os03g50110,motif_CE,motif_CE
LOC_Os01g07120,LOC_Os04g56360,motif,merged
LOC_Os01g07120,LOC_Os02g47620,motif,merged
LOC_Os01g07120,LOC_Os10g40490,"motif, motif_CE",merged
LOC_Os01g07120,LOC_Os10g35444,motif,merged
LOC_Os01g07120,LOC_Os01g58350,"FunTFBS, motif, motif_CE",merged
LOC_Os01g07120,LOC_Os06g02520,"motif, motif_CE",merged
LOC_Os01g07120,LOC_Os10g40070,"motif, motif_CE",merged
LOC_Os01g07120,LOC_Os06g51490,motif_CE,motif_CE
LOC_Os01g07120,LOC_Os09g12580,motif,merged
LOC_Os01g07120,LOC_Os12g43070,motif,merged
LOC_Os01g07120,LOC_Os12g37110,motif,merged
LOC_Os01g07120,LOC_Os08g13200,motif,merged
LOC_Os01g07120,LOC_Os02g22070,"motif, motif_CE",merged
LOC_Os01g07120,LOC_Os08g25380,motif_CE,motif_CE
LOC_Os01g07120,LOC_Os09g04850,motif,merged
LOC_Os01g07120,LOC_Os04g31190,"motif, motif_CE",merged
LOC_Os01g07120,LOC_Os01g09110,motif,merged
LOC_Os01g07120,LOC_Os10g34440,motif,merged
LOC_Os01g07120,LOC_Os03g29730,"motif, motif_CE",merged
LOC_Os01g07120,LOC_Os04g38990,motif,merged
LOC_Os01g07120,LOC_Os10g27174,motif_CE,motif_CE
LOC_Os01g07120,LOC_Os05g03080,motif,merged
LOC_Os01g07120,LOC_Os11g37830,motif,merged
LOC_Os01g07120,LOC_Os04g03200,motif,merged
LOC_Os01g07120,LOC_Os11g16500,motif,merged
LOC_Os01g07120,LOC_Os01g37810,motif,merged
LOC_Os01g07120,LOC_Os01g31810,motif_CE,motif_CE
LOC_Os01g07120,LOC_Os09g17690,motif,merged
LOC_Os01g07120,LOC_Os05g38700,motif,merged
LOC_Os01g07120,LOC_Os01g12520,motif,merged
LOC_Os01g07120,LOC_Os05g32930,motif,merged
LOC_Os01g07120,LOC_Os03g50100,"motif, motif_CE",merged
LOC_Os01g07120,LOC_Os03g33819,motif,merged
LOC_Os01g07120,LOC_Os07g06410,motif_CE,motif_CE
LOC_Os01g07120,LOC_Os02g53390,motif,merged
LOC_Os01g07120,LOC_Os10g35040,"motif, motif_CE",merged
LOC_Os01g07120,LOC_Os02g03810,FunTFBS,FunTFBS
LOC_Os01g07120,LOC_Os08g02370,"motif, motif_CE",merged
LOC_Os01g07120,LOC_Os09g06870,motif,merged
LOC_Os01g07120,LOC_Os03g27880,motif_CE,motif_CE
LOC_Os01g07120,LOC_Os01g58230,motif_CE,motif_CE
LOC_Os01g07120,LOC_Os04g03250,motif,merged
LOC_Os01g07120,LOC_Os03g55340,"motif, motif_CE",merged
LOC_Os01g07120,LOC_Os07g44940,"motif, motif_CE",merged
LOC_Os01g07120,LOC_Os06g07230,motif,merged
LOC_Os01g07120,LOC_Os01g16800,motif,merged
LOC_Os01g07120,LOC_Os09g19380,motif,merged
LOC_Os01g07120,LOC_Os08g31180,motif_CE,motif_CE
LOC_Os01g07120,LOC_Os03g20940,motif,merged
LOC_Os01g07120,LOC_Os04g28840,motif,merged
LOC_Os01g07120,LOC_Os06g15490,motif,merged
LOC_Os01g07120,LOC_Os02g32380,motif,merged
LOC_Os01g07120,LOC_Os12g08600,motif,merged
LOC_Os01g07120,LOC_Os06g45660,motif_CE,motif_CE
LOC_Os01g07120,LOC_Os05g11710,"motif, motif_CE",merged
LOC_Os01g07120,LOC_Os03g09300,motif,merged
LOC_Os01g07120,LOC_Os03g13630,motif,merged
LOC_Os01g07120,LOC_Os11g20260,motif,merged
LOC_Os01g07120,LOC_Os10g34540,motif,merged
LOC_Os01g07120,LOC_Os06g10560,motif,merged
LOC_Os01g07120,LOC_Os02g57210,"motif, motif_CE",merged
LOC_Os01g07120,LOC_Os04g34890,motif,merged
LOC_Os01g07120,LOC_Os05g01110,"motif, motif_CE",merged
LOC_Os01g07120,LOC_Os10g37060,motif_CE,motif_CE
LOC_Os01g07120,LOC_Os12g07760,motif,merged
LOC_Os01g07120,LOC_Os01g45070,motif,merged
LOC_Os01g07120,LOC_Os03g60520,"motif, motif_CE",merged
LOC_Os01g07120,LOC_Os11g02180,motif,merged
LOC_Os01g07120,LOC_Os07g24800,motif,merged
LOC_Os01g07120,LOC_Os03g05580,motif,merged
LOC_Os01g07120,LOC_Os07g33670,"motif, motif_CE",merged
LOC_Os01g07120,LOC_Os09g21670,motif_CE,motif_CE
LOC_Os01g07120,LOC_Os01g12464,FunTFBS,FunTFBS
LOC_Os01g07120,LOC_Os11g36890,motif,merged
LOC_Os01g07120,LOC_Os04g23220,motif,merged
LOC_Os01g07120,LOC_Os01g72500,motif,merged
LOC_Os01g07120,LOC_Os03g08700,"motif, motif_CE",merged
LOC_Os01g07120,LOC_Os11g39079,motif,merged
LOC_Os01g07120,LOC_Os05g02810,motif_CE,motif_CE
LOC_Os01g07120,LOC_Os01g38090,motif,merged
LOC_Os01g07120,LOC_Os03g37250,motif,merged
LOC_Os01g07120,LOC_Os07g13010,motif,merged
LOC_Os01g07120,LOC_Os05g24260,"FunTFBS, motif",merged
LOC_Os01g07120,LOC_Os01g48490,motif_CE,motif_CE
LOC_Os01g07120,LOC_Os10g40610,motif,merged
LOC_Os01g07120,LOC_Os01g68179,motif,merged
LOC_Os01g07120,LOC_Os11g07530,motif,merged
LOC_Os01g07120,LOC_Os02g44030,motif,merged
LOC_Os01g07120,LOC_Os10g02650,motif,merged
LOC_Os01g07120,LOC_Os03g22250,motif,merged
LOC_Os01g07120,LOC_Os01g19250,motif,merged
LOC_Os01g07120,LOC_Os08g16840,"FunTFBS, motif, motif_CE",merged
LOC_Os01g07120,LOC_Os08g01440,motif,merged
LOC_Os01g07120,LOC_Os12g35510,motif,merged
LOC_Os01g07120,LOC_Os05g41670,motif_CE,motif_CE
LOC_Os01g07120,LOC_Os12g29390,motif,merged
LOC_Os01g07120,LOC_Os05g03280,motif,merged
LOC_Os01g07120,LOC_Os05g23255,motif,merged
LOC_Os01g07120,LOC_Os03g42230,motif,merged
LOC_Os01g07120,LOC_Os03g16800,motif,merged
LOC_Os01g07120,LOC_Os09g13600,"motif, motif_CE",merged
LOC_Os01g07120,LOC_Os04g10470,motif,merged
LOC_Os01g07120,LOC_Os09g32944,motif,merged
LOC_Os01g07120,LOC_Os02g10870,motif,merged
LOC_Os01g07120,LOC_Os07g46750,"motif, motif_CE",merged
LOC_Os01g07120,LOC_Os02g38690,motif,merged
LOC_Os01g07120,LOC_Os12g04000,"motif, motif_CE",merged
LOC_Os01g07120,LOC_Os08g06690,motif,merged
LOC_Os01g07120,LOC_Os05g04160,"motif, motif_CE",merged
LOC_Os01g07120,LOC_Os10g34350,"motif, motif_CE",merged
LOC_Os01g07120,LOC_Os12g37720,motif_CE,motif_CE
LOC_Os01g07120,LOC_Os12g16640,motif_CE,motif_CE
LOC_Os01g07120,LOC_Os06g05368,motif,merged
LOC_Os01g07120,LOC_Os01g47230,motif,merged
LOC_Os01g07120,LOC_Os01g68230,motif,merged
LOC_Os01g07120,LOC_Os04g47560,motif,merged
LOC_Os01g07120,LOC_Os01g23660,motif,merged
LOC_Os01g07120,LOC_Os12g23210,motif,merged
LOC_Os01g07120,LOC_Os08g34990,motif,merged
LOC_Os01g07120,LOC_Os03g50110,"motif, motif_CE",merged
LOC_Os01g07120,LOC_Os01g23970,motif,merged
LOC_Os01g07120,LOC_Os01g59730,motif,merged
LOC_Os01g07120,LOC_Os06g42710,"FunTFBS, motif",merged
LOC_Os01g07120,LOC_Os10g23280,motif,merged
LOC_Os01g07120,LOC_Os01g41480,motif,merged
LOC_Os01g07120,LOC_Os05g12110,motif,merged
LOC_Os01g07120,LOC_Os02g13130,motif,merged
LOC_Os01g07120,LOC_Os03g37869,motif,merged
LOC_Os01g07120,LOC_Os08g16610,motif,merged
LOC_Os01g07120,LOC_Os01g09720,"FunTFBS, motif",merged
LOC_Os01g07120,LOC_Os06g51490,"motif, motif_CE",merged
LOC_Os01g07120,LOC_Os12g26444,motif,merged
LOC_Os01g07120,LOC_Os08g01859,motif_CE,motif_CE
LOC_Os01g07120,LOC_Os12g13450,motif,merged
LOC_Os01g07120,LOC_Os05g34040,"motif, motif_CE",merged
LOC_Os01g07120,LOC_Os04g30470,motif,merged
LOC_Os01g07120,LOC_Os07g31410,FunTFBS,FunTFBS
LOC_Os01g07120,LOC_Os02g20870,"FunTFBS, motif",merged
LOC_Os01g07120,LOC_Os04g46620,motif_CE,motif_CE
LOC_Os01g07120,LOC_Os02g02350,motif_CE,motif_CE
LOC_Os01g07120,LOC_Os12g26690,motif,merged
LOC_Os01g07120,LOC_Os05g31700,motif,merged
LOC_Os01g07120,LOC_Os03g40010,motif,merged
LOC_Os01g07120,LOC_Os03g16460,motif_CE,motif_CE
LOC_Os01g07120,LOC_Os02g33510,motif,merged
LOC_Os01g07120,LOC_Os03g44340,motif,merged
LOC_Os01g07120,ChrUn.fgenesh.gene.91,"motif, motif_CE",merged
LOC_Os01g07120,LOC_Os01g05050,motif,merged
LOC_Os01g07120,LOC_Os10g27174,"motif, motif_CE",merged
LOC_Os01g07120,LOC_Os05g22900,motif,merged
LOC_Os01g07120,LOC_Os11g29014,motif,merged
LOC_Os01g07120,LOC_Os02g37020,motif,merged
LOC_Os01g07120,LOC_Os01g31810,"motif, motif_CE",merged
LOC_Os01g07120,LOC_Os12g21870,"motif, motif_CE",merged
LOC_Os01g07120,LOC_Os09g37080,motif,merged
LOC_Os01g07120,LOC_Os03g49020,motif,merged
LOC_Os01g07120,LOC_Os12g41820,"motif, motif_CE",merged
LOC_Os01g07120,LOC_Os07g06410,"motif, motif_CE",merged
LOC_Os01g07120,LOC_Os06g12680,"motif, motif_CE",merged
LOC_Os01g07120,LOC_Os09g29060,motif,merged
LOC_Os01g07120,LOC_Os09g22030,"FunTFBS, motif, motif_CE",merged
LOC_Os01g07120,LOC_Os01g29270,motif,merged
LOC_Os01g07120,LOC_Os08g40710,motif,merged
LOC_Os01g07120,LOC_Os09g36820,motif_CE,motif_CE
LOC_Os01g07120,LOC_Os03g20500,motif,merged
LOC_Os01g07120,LOC_Os02g24642,motif,merged
LOC_Os01g07120,LOC_Os06g06160,motif_CE,motif_CE
LOC_Os01g07120,LOC_Os08g02130,motif_CE,motif_CE
LOC_Os01g07120,LOC_Os07g07550,motif,merged
LOC_Os01g07120,LOC_Os07g05580,motif_CE,motif_CE
LOC_Os01g07120,LOC_Os08g11310,motif_CE,motif_CE
LOC_Os01g07120,LOC_Os01g59940,motif,merged
LOC_Os01g07120,LOC_Os07g33220,"FunTFBS, motif",merged
LOC_Os01g07120,LOC_Os02g31074,motif,merged
LOC_Os01g07120,LOC_Os12g37620,motif_CE,motif_CE
LOC_Os01g07120,LOC_Os11g24420,motif,merged
LOC_Os01g07120,LOC_Os11g35360,motif_CE,motif_CE
LOC_Os01g07120,LOC_Os02g13190,motif,merged
LOC_Os01g07120,LOC_Os01g03600,motif,merged
LOC_Os01g07120,LOC_Os04g13290,"motif, motif_CE",merged
LOC_Os01g07120,LOC_Os03g19900,motif,merged
LOC_Os01g07120,LOC_Os02g38470,motif,merged
LOC_Os01g07120,LOC_Os06g45660,"motif, motif_CE",merged
LOC_Os01g07120,LOC_Os04g24180,motif,merged
LOC_Os01g07120,LOC_Os01g11020,motif,merged
LOC_Os01g07120,LOC_Os01g33090,motif,merged
LOC_Os01g07120,LOC_Os01g17279,motif,merged
LOC_Os01g07120,LOC_Os04g05410,motif,merged
LOC_Os01g07120,LOC_Os04g26420,motif,merged
LOC_Os01g07120,LOC_Os12g10450,motif,merged
LOC_Os01g07120,LOC_Os05g38560,motif_CE,motif_CE
LOC_Os01g07120,LOC_Os07g45160,motif,merged
LOC_Os01g07120,LOC_Os03g11130,FunTFBS,FunTFBS
LOC_Os01g07120,LOC_Os06g49530,"motif, motif_CE",merged
LOC_Os01g07120,LOC_Os01g47670,motif,merged
LOC_Os01g07120,LOC_Os03g31370,motif,merged
LOC_Os01g07120,LOC_Os01g39950,motif,merged
LOC_Os01g07120,LOC_Os07g15030,motif,merged
LOC_Os01g07120,LOC_Os03g24184,motif,merged
LOC_Os01g07120,LOC_Os01g06510,motif,merged
LOC_Os01g07120,LOC_Os12g02790,"FunTFBS, motif",merged
LOC_Os01g07120,LOC_Os10g37060,"motif, motif_CE",merged
LOC_Os01g07120,LOC_Os03g24300,FunTFBS,FunTFBS
LOC_Os01g07120,LOC_Os12g42440,motif,merged
LOC_Os01g07120,LOC_Os04g51680,"motif, motif_CE",merged
LOC_Os01g07120,LOC_Os11g29670,motif,merged
LOC_Os01g07120,LOC_Os05g29150,motif,merged
LOC_Os01g07120,LOC_Os01g45090,motif,merged
LOC_Os01g07120,LOC_Os02g21870,"motif, motif_CE",merged
LOC_Os01g07120,LOC_Os02g39350,"motif, motif_CE",merged
LOC_Os01g07120,LOC_Os12g31340,motif,merged
LOC_Os01g07120,LOC_Os12g26950,motif,merged
LOC_Os01g07120,LOC_Os07g23710,"motif, motif_CE",merged
LOC_Os01g07120,LOC_Os03g24380,motif,merged
LOC_Os01g07120,LOC_Os04g44990,motif,merged
LOC_Os01g07120,LOC_Os11g33270,motif,merged
LOC_Os01g07120,LOC_Os08g34850,motif,merged
LOC_Os01g07120,LOC_Os07g22830,motif,merged
LOC_Os01g07120,LOC_Os12g39930,"motif, motif_CE",merged
LOC_Os01g07120,LOC_Os04g52240,FunTFBS,FunTFBS
LOC_Os01g07120,LOC_Os02g32030,motif,merged
LOC_Os01g07120,LOC_Os08g05460,FunTFBS,FunTFBS
LOC_Os01g07120,LOC_Os05g22770,motif,merged
LOC_Os01g07120,LOC_Os07g33470,"motif, motif_CE",merged
LOC_Os01g07120,LOC_Os03g24300,motif_CE,motif_CE
LOC_Os01g07120,LOC_Os02g25440,FunTFBS,FunTFBS
LOC_Os01g07120,LOC_Os12g37830,motif,merged
LOC_Os01g07120,LOC_Os11g32369,motif,merged
LOC_Os01g07120,LOC_Os07g44004,motif,merged
LOC_Os01g07120,LOC_Os02g54120,motif,merged
LOC_Os01g07120,LOC_Os03g03470,"FunTFBS, motif, motif_CE",merged
LOC_Os01g07120,LOC_Os01g20860,"motif, motif_CE",merged
LOC_Os01g07120,LOC_Os01g57370,motif_CE,motif_CE
LOC_Os01g07120,LOC_Os04g39060,motif,merged
LOC_Os01g07120,LOC_Os05g41670,"motif, motif_CE",merged
LOC_Os01g07120,LOC_Os07g33080,motif,merged
LOC_Os01g07120,LOC_Os06g25420,"FunTFBS, motif, motif_CE",merged
LOC_Os01g07120,LOC_Os02g49610,motif,merged
LOC_Os01g07120,LOC_Os09g25400,motif,merged
LOC_Os01g07120,ChrSy.fgenesh.gene.30,motif,merged
LOC_Os01g07120,LOC_Os02g19080,motif,merged
LOC_Os01g07120,LOC_Os04g57140,FunTFBS,FunTFBS
LOC_Os01g07120,LOC_Os02g10000,motif,merged
LOC_Os01g07120,LOC_Os04g22690,motif,merged
LOC_Os01g07120,LOC_Os04g58350,"FunTFBS, motif",merged
LOC_Os01g07120,LOC_Os03g21419,motif_CE,motif_CE
LOC_Os01g07120,LOC_Os12g07380,motif,merged
LOC_Os01g07120,LOC_Os07g34470,motif,merged
LOC_Os01g07120,LOC_Os08g32570,motif,merged
LOC_Os01g07120,LOC_Os03g52400,FunTFBS,FunTFBS
LOC_Os01g07120,LOC_Os04g07470,motif,merged
LOC_Os01g07120,LOC_Os12g13880,motif,merged
LOC_Os01g07120,LOC_Os11g26050,motif,merged
LOC_Os01g07120,LOC_Os05g06290,"FunTFBS, motif",merged
LOC_Os01g07120,LOC_Os08g12850,motif,merged
LOC_Os01g07120,LOC_Os05g06110,motif_CE,motif_CE
LOC_Os01g07120,LOC_Os03g01500,motif,merged
LOC_Os01g07120,LOC_Os07g42080,motif,merged
LOC_Os01g07120,LOC_Os01g73180,motif,merged
LOC_Os01g07120,LOC_Os12g21784,motif,merged
LOC_Os01g07120,LOC_Os02g58630,"FunTFBS, motif, motif_CE",merged
LOC_Os01g07120,LOC_Os04g57804,motif,merged
LOC_Os01g07120,LOC_Os04g42990,FunTFBS,FunTFBS
LOC_Os01g07120,LOC_Os02g55110,"motif, motif_CE",merged
LOC_Os01g07120,LOC_Os03g59540,"motif, motif_CE",merged
LOC_Os01g07120,LOC_Os12g23950,motif,merged
LOC_Os01g07120,LOC_Os10g22450,motif,merged
LOC_Os01g07120,LOC_Os11g42910,motif,merged
LOC_Os01g07120,LOC_Os06g17100,"motif, motif_CE",merged
LOC_Os01g07120,LOC_Os03g52400,motif_CE,motif_CE
LOC_Os01g07120,LOC_Os10g19330,motif_CE,motif_CE
LOC_Os01g07120,LOC_Os04g25960,motif,merged
LOC_Os01g07120,LOC_Os06g42210,motif_CE,motif_CE
LOC_Os01g07120,LOC_Os09g03480,motif,merged
LOC_Os01g07120,LOC_Os02g02350,"motif, motif_CE",merged
LOC_Os01g07120,LOC_Os09g25740,motif,merged
LOC_Os01g07120,LOC_Os10g39420,motif,merged
LOC_Os01g07120,LOC_Os03g16870,"FunTFBS, motif",merged
LOC_Os01g07120,LOC_Os08g32360,motif,merged
LOC_Os01g07120,LOC_Os06g34620,motif,merged
LOC_Os01g07120,LOC_Os05g03040,motif,merged
LOC_Os01g07120,LOC_Os11g06770,motif,merged
LOC_Os01g07120,LOC_Os02g03820,FunTFBS,FunTFBS
LOC_Os01g07120,LOC_Os06g22140,motif,merged
LOC_Os01g07120,LOC_Os09g36820,"motif, motif_CE",merged
LOC_Os01g07120,LOC_Os12g26670,motif,merged
LOC_Os01g07120,LOC_Os06g06160,"motif, motif_CE",merged
LOC_Os01g07120,LOC_Os02g57570,motif,merged
LOC_Os01g07120,LOC_Os04g05910,motif,merged
LOC_Os01g07120,LOC_Os12g31020,motif,merged
LOC_Os01g07120,LOC_Os02g20140,motif,merged
LOC_Os01g07120,LOC_Os06g49280,motif,merged
LOC_Os01g07120,LOC_Os09g25160,motif,merged
LOC_Os01g07120,LOC_Os11g26190,motif,merged
LOC_Os01g07120,LOC_Os08g11310,"motif, motif_CE",merged
LOC_Os01g07120,LOC_Os12g13950,motif_CE,motif_CE
LOC_Os01g07120,LOC_Os07g08230,motif,merged
LOC_Os01g07120,LOC_Os11g10330,motif_CE,motif_CE
LOC_Os01g07120,LOC_Os05g51070,motif,merged
LOC_Os01g07120,LOC_Os02g01380,motif_CE,motif_CE
LOC_Os01g07120,LOC_Os11g35360,"motif, motif_CE",merged
LOC_Os01g07120,LOC_Os03g04195,motif,merged
LOC_Os01g07120,LOC_Os04g36020,motif,merged
LOC_Os01g07120,LOC_Os01g12940,motif_CE,motif_CE
LOC_Os01g07120,LOC_Os11g07690,motif,merged
LOC_Os01g07120,LOC_Os08g03990,"FunTFBS, motif",merged
LOC_Os01g07120,LOC_Os10g34740,motif,merged
LOC_Os01g07120,LOC_Os10g32690,motif,merged
LOC_Os01g07120,LOC_Os06g22540,motif,merged
LOC_Os01g07120,LOC_Os03g48440,motif,merged
LOC_Os01g07120,LOC_Os06g04090,"motif, motif_CE",merged
LOC_Os01g07120,LOC_Os08g22790,motif,merged
LOC_Os01g07120,LOC_Os09g21820,motif,merged
LOC_Os01g07120,LOC_Os04g52560,"motif, motif_CE",merged
LOC_Os01g07120,LOC_Os05g17560,motif,merged
LOC_Os01g07120,LOC_Os03g36610,motif,merged
LOC_Os01g07120,LOC_Os03g61860,motif,merged
LOC_Os01g07120,LOC_Os04g09330,"FunTFBS, motif",merged
LOC_Os01g07120,LOC_Os05g08440,motif_CE,motif_CE
LOC_Os01g07120,LOC_Os03g15310,motif,merged
LOC_Os01g07120,LOC_Os06g33320,motif,merged
LOC_Os01g07120,LOC_Os08g02800,motif,merged
LOC_Os01g07120,LOC_Os05g06100,motif,merged
LOC_Os01g07120,LOC_Os06g01170,motif,merged
LOC_Os01g07120,LOC_Os12g13460,FunTFBS,FunTFBS
LOC_Os01g07120,LOC_Os11g47500,motif,merged
LOC_Os01g07120,LOC_Os01g36810,motif,merged
LOC_Os01g07120,LOC_Os09g21090,motif,merged
LOC_Os01g07120,LOC_Os03g29864,motif,merged
LOC_Os01g07120,LOC_Os12g42180,motif,merged
LOC_Os01g07120,LOC_Os01g71200,FunTFBS,FunTFBS
LOC_Os01g07120,LOC_Os03g18750,motif,merged
LOC_Os01g07120,LOC_Os05g40580,motif,merged
LOC_Os01g07120,LOC_Os05g29080,"motif, motif_CE",merged
LOC_Os01g07120,LOC_Os11g28460,motif,merged
LOC_Os01g07120,LOC_Os05g48670,motif_CE,motif_CE
LOC_Os01g07120,LOC_Os04g29010,FunTFBS,FunTFBS
LOC_Os01g07120,LOC_Os05g36970,motif,merged
LOC_Os01g07120,LOC_Os07g28230,motif,merged
LOC_Os01g07120,LOC_Os06g41980,motif,merged
LOC_Os01g07120,LOC_Os11g36010,motif,merged
LOC_Os01g07120,LOC_Os07g09450,motif,merged
LOC_Os01g07120,LOC_Os08g02150,"FunTFBS, motif, motif_CE",merged
LOC_Os01g07120,LOC_Os02g41850,"FunTFBS, motif",merged
LOC_Os01g07120,LOC_Os09g20510,motif,merged
LOC_Os01g07120,LOC_Os04g22430,"FunTFBS, motif, motif_CE",merged
LOC_Os01g07120,LOC_Os07g42820,motif,merged
LOC_Os01g07120,LOC_Os12g11550,motif,merged
LOC_Os01g07120,LOC_Os01g72350,motif,merged
LOC_Os01g07120,LOC_Os09g11150,motif,merged
LOC_Os01g07120,LOC_Os04g47010,"FunTFBS, motif",merged
LOC_Os01g07120,LOC_Os02g07350,motif_CE,motif_CE
LOC_Os01g07120,LOC_Os05g24170,motif,merged
LOC_Os01g07120,LOC_Os04g27440,motif,merged
LOC_Os01g07120,LOC_Os07g31400,motif_CE,motif_CE
LOC_Os01g07120,LOC_Os04g02480,motif,merged
LOC_Os01g07120,LOC_Os12g35580,motif_CE,motif_CE
LOC_Os01g07120,LOC_Os05g44940,motif,merged
LOC_Os01g07120,LOC_Os01g21940,motif_CE,motif_CE
LOC_Os01g07120,LOC_Os03g52620,"motif, motif_CE",merged
LOC_Os01g07120,LOC_Os02g13860,motif_CE,motif_CE
LOC_Os01g07120,LOC_Os04g22070,motif,merged
LOC_Os01g07120,LOC_Os04g45630,motif,merged
LOC_Os01g07120,LOC_Os02g04710,motif,merged
LOC_Os01g07120,LOC_Os05g13950,"motif, motif_CE",merged
LOC_Os01g07120,LOC_Os11g21990,motif,merged
LOC_Os01g07120,LOC_Os07g10400,motif_CE,motif_CE
LOC_Os01g07120,LOC_Os12g37720,"motif, motif_CE",merged
LOC_Os01g07120,LOC_Os03g58720,motif_CE,motif_CE
LOC_Os01g07120,LOC_Os05g08770,motif,merged
LOC_Os01g07120,LOC_Os09g14880,"FunTFBS, motif",merged
LOC_Os01g07120,LOC_Os06g45570,"FunTFBS, motif",merged
LOC_Os01g07120,LOC_Os06g42210,"motif, motif_CE",merged
LOC_Os01g07120,LOC_Os08g43300,"motif, motif_CE",merged
LOC_Os01g07120,LOC_Os04g16640,motif,merged
LOC_Os01g07120,LOC_Os12g27060,motif_CE,motif_CE
LOC_Os01g07120,LOC_Os04g48140,motif_CE,motif_CE
LOC_Os01g07120,LOC_Os02g22780,motif_CE,motif_CE
LOC_Os01g07120,LOC_Os06g39660,motif_CE,motif_CE
LOC_Os01g07120,LOC_Os12g32120,motif_CE,motif_CE
LOC_Os01g07120,LOC_Os03g36960,"motif, motif_CE",merged
LOC_Os01g07120,LOC_Os01g12920,motif,merged
LOC_Os01g07120,LOC_Os12g29230,motif,merged
LOC_Os01g07120,LOC_Os02g58800,motif,merged
LOC_Os01g07120,LOC_Os12g05529,motif,merged
LOC_Os01g07120,LOC_Os02g33140,motif_CE,motif_CE
LOC_Os01g07120,LOC_Os08g19170,"FunTFBS, motif",merged
LOC_Os01g07120,LOC_Os02g54770,motif,merged
LOC_Os01g07120,LOC_Os03g02010,motif,merged
LOC_Os01g07120,LOC_Os02g06500,"motif, motif_CE",merged
LOC_Os01g07120,LOC_Os10g42950,motif_CE,motif_CE
LOC_Os01g07120,LOC_Os10g40770,motif,merged
LOC_Os01g07120,LOC_Os03g17110,FunTFBS,FunTFBS
LOC_Os01g07120,LOC_Os08g09790,motif,merged
LOC_Os01g07120,LOC_Os04g33840,"FunTFBS, motif, motif_CE",merged
LOC_Os01g07120,LOC_Os10g21840,motif,merged
LOC_Os01g07120,LOC_Os07g49230,"FunTFBS, motif, motif_CE",merged
LOC_Os01g07120,LOC_Os04g57550,motif,merged
LOC_Os01g07120,LOC_Os12g13950,"motif, motif_CE",merged
LOC_Os01g07120,LOC_Os06g19730,motif_CE,motif_CE
LOC_Os01g07120,LOC_Os12g40520,motif,merged
LOC_Os01g07120,LOC_Os02g01380,"motif, motif_CE",merged
LOC_Os01g07120,LOC_Os08g02130,"motif, motif_CE",merged
LOC_Os01g07120,LOC_Os02g15630,motif,merged
LOC_Os01g07120,LOC_Os04g04970,motif,merged
LOC_Os01g07120,LOC_Os07g37970,"FunTFBS, motif",merged
LOC_Os01g07120,LOC_Os06g11720,motif,merged
LOC_Os01g07120,LOC_Os09g31518,motif,merged
LOC_Os01g07120,LOC_Os03g34310,motif,merged
LOC_Os01g07120,LOC_Os04g55670,motif,merged
LOC_Os01g07120,LOC_Os01g74520,FunTFBS,FunTFBS
LOC_Os01g07120,LOC_Os05g34770,FunTFBS,FunTFBS
LOC_Os01g07120,LOC_Os12g43120,motif_CE,motif_CE
LOC_Os01g07120,LOC_Os06g37600,motif,merged
LOC_Os01g07120,LOC_Os07g13940,motif,merged
LOC_Os01g07120,LOC_Os09g08950,motif,merged
LOC_Os01g07120,LOC_Os06g32500,motif,merged
LOC_Os01g07120,LOC_Os03g63490,motif,merged
LOC_Os01g07120,LOC_Os05g38720,motif_CE,motif_CE
LOC_Os01g07120,LOC_Os01g10760,motif_CE,motif_CE
LOC_Os01g07120,LOC_Os01g28220,motif,merged
LOC_Os01g07120,LOC_Os05g48740,motif,merged
LOC_Os01g07120,LOC_Os09g28850,motif,merged
LOC_Os01g07120,LOC_Os03g40070,motif,merged
LOC_Os01g07120,LOC_Os08g33940,motif_CE,motif_CE
LOC_Os01g07120,LOC_Os08g03430,motif,merged
LOC_Os01g07120,LOC_Os04g07170,motif,merged
LOC_Os01g07120,LOC_Os06g05640,motif,merged
LOC_Os01g07120,LOC_Os07g04750,FunTFBS,FunTFBS
LOC_Os01g07120,LOC_Os09g07250,motif,merged
LOC_Os01g07120,LOC_Os08g03510,motif,merged
LOC_Os01g07120,LOC_Os07g27780,motif_CE,motif_CE
LOC_Os01g07120,LOC_Os05g42940,motif,merged
LOC_Os01g07120,LOC_Os03g57130,"FunTFBS, motif, motif_CE",merged
LOC_Os01g07120,LOC_Os02g49790,motif_CE,motif_CE
LOC_Os01g07120,LOC_Os01g46250,motif_CE,motif_CE
LOC_Os01g07120,LOC_Os02g16360,motif,merged
LOC_Os01g07120,LOC_Os08g05770,motif_CE,motif_CE
LOC_Os01g07120,LOC_Os11g26150,motif_CE,motif_CE
LOC_Os01g07120,LOC_Os05g43300,motif,merged
LOC_Os01g07120,LOC_Os08g23420,FunTFBS,FunTFBS
LOC_Os01g07120,LOC_Os10g11384,motif,merged
LOC_Os01g07120,LOC_Os07g41950,"motif, motif_CE",merged
LOC_Os01g07120,LOC_Os04g05880,motif,merged
LOC_Os01g07120,LOC_Os03g45010,motif,merged
LOC_Os01g07120,LOC_Os06g49505,"motif, motif_CE",merged
LOC_Os01g07120,LOC_Os03g26540,motif,merged
LOC_Os01g07120,LOC_Os08g31810,motif,merged
LOC_Os01g07120,LOC_Os11g38480,motif,merged
LOC_Os01g07120,LOC_Os10g05180,motif,merged
LOC_Os01g07120,LOC_Os12g35580,"motif, motif_CE",merged
LOC_Os01g07120,LOC_Os06g03650,motif,merged
LOC_Os01g07120,LOC_Os01g21940,"motif, motif_CE",merged
LOC_Os01g07120,LOC_Os02g55070,motif,merged
LOC_Os01g07120,LOC_Os02g16110,motif,merged
LOC_Os01g07120,LOC_Os11g44980,motif,merged
LOC_Os01g07120,LOC_Os11g39580,motif,merged
LOC_Os01g07120,LOC_Os08g41480,motif_CE,motif_CE
LOC_Os01g07120,LOC_Os02g01720,"FunTFBS, motif, motif_CE",merged
LOC_Os01g07120,LOC_Os04g32250,motif,merged
LOC_Os01g07120,LOC_Os06g39400,motif,merged
LOC_Os01g07120,LOC_Os09g21450,"FunTFBS, motif, motif_CE",merged
LOC_Os01g07120,LOC_Os06g08480,motif,merged
LOC_Os01g07120,LOC_Os04g03910,motif,merged
LOC_Os01g07120,LOC_Os04g20650,motif,merged
LOC_Os01g07120,LOC_Os07g36320,motif,merged
LOC_Os01g07120,LOC_Os10g11340,motif_CE,motif_CE
LOC_Os01g07120,LOC_Os06g30240,"FunTFBS, motif",merged
LOC_Os01g07120,LOC_Os02g14400,motif,merged
LOC_Os01g07120,LOC_Os01g09500,motif_CE,motif_CE
LOC_Os01g07120,LOC_Os07g03328,motif,merged
LOC_Os01g07120,LOC_Os07g03499,motif,merged
LOC_Os01g07120,LOC_Os03g61330,"FunTFBS, motif, motif_CE",merged
LOC_Os01g07120,LOC_Os07g39530,"FunTFBS, motif, motif_CE",merged
LOC_Os01g07120,LOC_Os05g05810,"FunTFBS, motif",merged
LOC_Os01g07120,LOC_Os02g55770,"FunTFBS, motif",merged
LOC_Os01g07120,LOC_Os03g25110,motif,merged
LOC_Os01g07120,LOC_Os10g29750,motif,merged
LOC_Os01g07120,LOC_Os01g47360,"motif, motif_CE",merged
LOC_Os01g07120,LOC_Os02g44480,motif_CE,motif_CE
LOC_Os01g07120,LOC_Os08g14310,motif_CE,motif_CE
LOC_Os01g07120,LOC_Os07g08540,motif,merged
LOC_Os01g07120,LOC_Os06g08154,motif,merged
LOC_Os01g07120,LOC_Os03g58720,"motif, motif_CE",merged
LOC_Os01g07120,LOC_Os02g33540,motif,merged
LOC_Os01g07120,LOC_Os05g06110,"motif, motif_CE",merged
LOC_Os01g07120,LOC_Os01g08700,motif,merged
LOC_Os01g07120,LOC_Os03g10770,"motif, motif_CE",merged
LOC_Os01g07120,LOC_Os11g23070,motif,merged
LOC_Os01g07120,LOC_Os08g27500,motif,merged
LOC_Os01g07120,LOC_Os06g12000,FunTFBS,FunTFBS
LOC_Os01g07120,LOC_Os12g01690,motif,merged
LOC_Os01g07120,LOC_Os09g31050,"motif, motif_CE",merged
LOC_Os01g07120,LOC_Os12g07500,motif,merged
LOC_Os01g07120,LOC_Os08g44015,"FunTFBS, motif",merged
LOC_Os01g07120,LOC_Os01g18150,motif,merged
LOC_Os01g07120,LOC_Os03g02080,motif,merged
LOC_Os01g07120,LOC_Os02g03590,"FunTFBS, motif",merged
LOC_Os01g07120,LOC_Os03g18880,motif,merged
LOC_Os01g07120,LOC_Os02g45030,motif,merged
LOC_Os01g07120,LOC_Os05g38910,motif,merged
LOC_Os01g07120,LOC_Os09g27970,motif,merged
LOC_Os01g07120,LOC_Os02g57670,motif_CE,motif_CE
LOC_Os01g07120,LOC_Os11g42360,motif,merged
LOC_Os01g07120,LOC_Os09g17200,"FunTFBS, motif",merged
LOC_Os01g07120,LOC_Os12g32120,"motif, motif_CE",merged
LOC_Os01g07120,LOC_Os03g02200,motif,merged
LOC_Os01g07120,LOC_Os07g26600,motif,merged
LOC_Os01g07120,LOC_Os09g29190,motif,merged
LOC_Os01g07120,LOC_Os02g33140,"motif, motif_CE",merged
LOC_Os01g07120,LOC_Os06g10220,motif_CE,motif_CE
LOC_Os01g07120,LOC_Os01g37920,motif_CE,motif_CE
LOC_Os01g07120,LOC_Os05g37920,motif,merged
LOC_Os01g07120,LOC_Os06g03160,motif,merged
LOC_Os01g07120,LOC_Os01g35830,motif,merged
LOC_Os01g07120,LOC_Os08g09180,motif_CE,motif_CE
LOC_Os01g07120,LOC_Os08g27674,motif,merged
LOC_Os01g07120,LOC_Os11g18750,motif,merged
LOC_Os01g07120,LOC_Os01g72880,motif,merged
LOC_Os01g07120,LOC_Os01g65330,"motif, motif_CE",merged
LOC_Os01g07120,LOC_Os02g12100,motif,merged
LOC_Os01g07120,LOC_Os03g26910,motif,merged
LOC_Os01g07120,LOC_Os04g53550,motif,merged
LOC_Os01g07120,LOC_Os02g14790,"motif, motif_CE",merged
LOC_Os01g07120,LOC_Os01g43790,motif,merged
LOC_Os01g07120,LOC_Os09g28760,motif_CE,motif_CE
LOC_Os01g07120,LOC_Os10g11750,motif,merged
LOC_Os01g07120,LOC_Os07g09670,FunTFBS,FunTFBS
LOC_Os01g07120,LOC_Os08g18910,motif,merged
LOC_Os01g07120,LOC_Os11g28220,motif,merged
LOC_Os01g07120,LOC_Os05g30990,motif,merged
LOC_Os01g07120,LOC_Os05g45280,motif_CE,motif_CE
LOC_Os01g07120,LOC_Os06g48860,motif,merged
LOC_Os01g07120,LOC_Os02g15870,motif,merged
LOC_Os01g07120,ChrUn.fgenesh.gene.13,motif,merged
LOC_Os01g07120,LOC_Os02g47580,motif,merged
LOC_Os01g07120,LOC_Os12g32380,motif_CE,motif_CE
LOC_Os01g07120,LOC_Os01g10350,"motif, motif_CE",merged
LOC_Os01g07120,LOC_Os08g33940,"motif, motif_CE",merged
LOC_Os01g07120,LOC_Os08g14220,"motif, motif_CE",merged
LOC_Os01g07120,LOC_Os02g49650,motif_CE,motif_CE
LOC_Os01g07120,LOC_Os03g23920,motif,merged
LOC_Os01g07120,LOC_Os12g30700,motif,merged
LOC_Os01g07120,LOC_Os03g37460,motif_CE,motif_CE
LOC_Os01g07120,LOC_Os02g55910,"motif, motif_CE",merged
LOC_Os01g07120,LOC_Os07g15880,motif,merged
LOC_Os01g07120,LOC_Os07g31940,motif,merged
LOC_Os01g07120,LOC_Os03g16600,"FunTFBS, motif, motif_CE",merged
LOC_Os01g07120,LOC_Os08g28190,motif,merged
LOC_Os01g07120,LOC_Os06g04630,motif,merged
LOC_Os01g07120,LOC_Os09g34310,motif,merged
LOC_Os01g07120,LOC_Os01g33220,motif,merged
LOC_Os01g07120,LOC_Os02g42134,"motif, motif_CE",merged
LOC_Os01g07120,LOC_Os06g35620,"motif, motif_CE",merged
LOC_Os01g07120,LOC_Os01g56130,"motif, motif_CE",merged
LOC_Os01g07120,LOC_Os10g10650,motif,merged
LOC_Os01g07120,LOC_Os12g22670,"FunTFBS, motif",merged
LOC_Os01g07120,LOC_Os02g10430,motif,merged
LOC_Os01g07120,LOC_Os07g25690,motif,merged
LOC_Os01g07120,LOC_Os02g50520,motif,merged
LOC_Os01g07120,LOC_Os01g53070,"motif, motif_CE",merged
LOC_Os01g07120,LOC_Os07g16120,"FunTFBS, motif",merged
LOC_Os01g07120,LOC_Os12g08620,motif,merged
LOC_Os01g07120,LOC_Os04g06170,motif,merged
LOC_Os01g07120,LOC_Os06g33520,motif,merged
LOC_Os01g07120,LOC_Os02g54040,motif,merged
LOC_Os01g07120,LOC_Os10g09750,motif,merged
LOC_Os01g07120,LOC_Os03g40300,FunTFBS,FunTFBS
LOC_Os01g07120,LOC_Os11g46010,motif,merged
LOC_Os01g07120,LOC_Os02g07350,"motif, motif_CE",merged
LOC_Os01g07120,LOC_Os06g34350,motif,merged
LOC_Os01g07120,LOC_Os11g41310,motif,merged
LOC_Os01g07120,LOC_Os02g22690,"FunTFBS, motif, motif_CE",merged
LOC_Os01g07120,LOC_Os02g31090,motif,merged
LOC_Os01g07120,LOC_Os03g41624,"FunTFBS, motif",merged
LOC_Os01g07120,LOC_Os03g50430,motif,merged
LOC_Os01g07120,LOC_Os07g02950,motif_CE,motif_CE
LOC_Os01g07120,LOC_Os05g15600,"FunTFBS, motif, motif_CE",merged
LOC_Os01g07120,LOC_Os12g24270,FunTFBS,FunTFBS
LOC_Os01g07120,LOC_Os10g11340,"motif, motif_CE",merged
LOC_Os01g07120,LOC_Os01g09500,"motif, motif_CE",merged
LOC_Os01g07120,LOC_Os09g07040,FunTFBS,FunTFBS
LOC_Os01g07120,LOC_Os02g54520,motif,merged
LOC_Os01g07120,LOC_Os06g20740,motif,merged
LOC_Os01g07120,LOC_Os04g13980,motif,merged
LOC_Os01g07120,LOC_Os02g44480,"motif, motif_CE",merged
LOC_Os01g07120,LOC_Os07g04580,motif,merged
LOC_Os01g07120,LOC_Os06g18040,motif,merged
LOC_Os01g07120,LOC_Os10g22580,motif_CE,motif_CE
LOC_Os01g07120,LOC_Os04g33080,motif,merged
LOC_Os01g07120,LOC_Os12g05170,motif_CE,motif_CE
LOC_Os01g07120,LOC_Os07g48960,motif,merged
LOC_Os01g07120,LOC_Os11g34330,motif_CE,motif_CE
LOC_Os01g07120,LOC_Os10g17489,motif,merged
LOC_Os01g07120,LOC_Os04g31910,motif,merged
LOC_Os01g07120,LOC_Os01g67500,"FunTFBS, motif",merged
LOC_Os01g07120,LOC_Os06g12490,motif,merged
LOC_Os01g07120,LOC_Os02g55140,motif_CE,motif_CE
LOC_Os01g07120,LOC_Os04g51930,motif,merged
LOC_Os01g07120,LOC_Os09g24220,motif_CE,motif_CE
LOC_Os01g07120,LOC_Os03g27560,motif,merged
LOC_Os01g07120,LOC_Os09g02300,motif,merged
LOC_Os01g07120,LOC_Os01g68080,motif,merged
LOC_Os01g07120,LOC_Os01g51650,motif,merged
LOC_Os01g07120,LOC_Os07g30369,motif,merged
LOC_Os01g07120,LOC_Os12g12400,motif,merged
LOC_Os01g07120,LOC_Os12g03270,motif_CE,motif_CE
LOC_Os01g07120,LOC_Os07g48070,motif,merged
LOC_Os01g07120,LOC_Os02g07740,"motif, motif_CE",merged
LOC_Os01g07120,LOC_Os01g14760,motif,merged
LOC_Os01g07120,LOC_Os04g55970,motif,merged
LOC_Os01g07120,LOC_Os09g32972,motif,merged
LOC_Os01g07120,LOC_Os07g01710,motif,merged
LOC_Os01g07120,LOC_Os03g21759,motif,merged
LOC_Os01g07120,LOC_Os06g39660,"motif, motif_CE",merged
LOC_Os01g07120,LOC_Os04g06780,motif,merged
LOC_Os01g07120,LOC_Os07g43850,motif,merged
LOC_Os01g07120,LOC_Os11g03850,motif,merged
LOC_Os01g07120,LOC_Os01g37920,"motif, motif_CE",merged
LOC_Os01g07120,LOC_Os11g29800,FunTFBS,FunTFBS
LOC_Os01g07120,LOC_Os12g34970,motif,merged
LOC_Os01g07120,LOC_Os08g27720,motif,merged
LOC_Os01g07120,LOC_Os08g44480,FunTFBS,FunTFBS
LOC_Os01g07120,LOC_Os10g25487,FunTFBS,FunTFBS
LOC_Os01g07120,LOC_Os08g09180,"motif, motif_CE",merged
LOC_Os01g07120,LOC_Os09g23410,motif,merged
LOC_Os01g07120,LOC_Os08g07850,motif,merged
LOC_Os01g07120,LOC_Os03g53400,motif,merged
LOC_Os01g07120,LOC_Os11g24150,motif_CE,motif_CE
LOC_Os01g07120,LOC_Os01g54530,motif,merged
LOC_Os01g07120,LOC_Os09g28760,"motif, motif_CE",merged
LOC_Os01g07120,LOC_Os04g58720,motif_CE,motif_CE
LOC_Os01g07120,LOC_Os08g33880,FunTFBS,FunTFBS
LOC_Os01g07120,LOC_Os09g36350,motif,merged
LOC_Os01g07120,LOC_Os12g29860,motif,merged
LOC_Os01g07120,LOC_Os06g19730,"motif, motif_CE",merged
LOC_Os01g07120,LOC_Os02g03580,motif_CE,motif_CE
LOC_Os01g07120,LOC_Os04g27850,motif,merged
LOC_Os01g07120,LOC_Os03g40110,motif,merged
LOC_Os01g07120,LOC_Os01g47480,motif_CE,motif_CE
LOC_Os01g07120,LOC_Os11g04470,motif,merged
LOC_Os01g07120,LOC_Os02g30290,motif,merged
LOC_Os01g07120,LOC_Os03g58260,motif,merged
LOC_Os01g07120,LOC_Os12g04380,motif,merged
LOC_Os01g07120,LOC_Os11g06230,motif,merged
LOC_Os01g07120,LOC_Os07g26950,motif,merged
LOC_Os01g07120,LOC_Os05g27360,motif,merged
LOC_Os01g07120,LOC_Os04g01980,motif_CE,motif_CE
LOC_Os01g07120,LOC_Os01g20190,"FunTFBS, motif",merged
LOC_Os01g07120,LOC_Os06g12060,motif_CE,motif_CE
LOC_Os01g07120,LOC_Os10g38930,motif,merged
LOC_Os01g07120,LOC_Os01g02940,motif_CE,motif_CE
LOC_Os01g07120,LOC_Os07g40820,motif,merged
LOC_Os01g07120,LOC_Os02g07520,FunTFBS,FunTFBS
LOC_Os01g07120,LOC_Os03g50540,motif,merged
LOC_Os01g07120,LOC_Os01g09830,motif_CE,motif_CE
LOC_Os01g07120,LOC_Os07g41210,motif,merged
LOC_Os01g07120,LOC_Os03g63550,motif_CE,motif_CE
LOC_Os01g07120,LOC_Os11g24500,motif_CE,motif_CE
LOC_Os01g07120,LOC_Os08g42920,FunTFBS,FunTFBS
LOC_Os01g07120,LOC_Os02g03540,FunTFBS,FunTFBS
LOC_Os01g07120,LOC_Os05g10414,motif,merged
LOC_Os01g07120,LOC_Os02g02850,"FunTFBS, motif, motif_CE",merged
LOC_Os01g07120,LOC_Os12g23190,"FunTFBS, motif, motif_CE",merged
LOC_Os01g07120,LOC_Os06g44860,motif,merged
LOC_Os01g07120,LOC_Os07g27780,"motif, motif_CE",merged
LOC_Os01g07120,LOC_Os05g24080,motif,merged
LOC_Os01g07120,LOC_Os05g51080,motif,merged
LOC_Os01g07120,LOC_Os07g08120,motif_CE,motif_CE
LOC_Os01g07120,LOC_Os02g39090,motif,merged
LOC_Os01g07120,LOC_Os03g60780,motif_CE,motif_CE
LOC_Os01g07120,LOC_Os07g46580,"FunTFBS, motif",merged
LOC_Os01g07120,LOC_Os04g33260,motif,merged
LOC_Os01g07120,LOC_Os09g16660,motif,merged
LOC_Os01g07120,LOC_Os02g56750,motif,merged
LOC_Os01g07120,LOC_Os02g21090,motif_CE,motif_CE
LOC_Os01g07120,LOC_Os01g38160,motif,merged
LOC_Os01g07120,LOC_Os02g03370,motif,merged
LOC_Os01g07120,LOC_Os05g50180,motif,merged
LOC_Os01g07120,LOC_Os01g43170,FunTFBS,FunTFBS
LOC_Os01g07120,LOC_Os03g59754,motif,merged
LOC_Os01g07120,LOC_Os08g41910,FunTFBS,FunTFBS
LOC_Os01g07120,LOC_Os03g06990,motif,merged
LOC_Os01g07120,LOC_Os08g17810,motif,merged
LOC_Os01g07120,LOC_Os11g11520,motif_CE,motif_CE
LOC_Os01g07120,LOC_Os11g14980,motif,merged
LOC_Os01g07120,LOC_Os02g47960,motif,merged
LOC_Os01g07120,LOC_Os04g34960,motif,merged
LOC_Os01g07120,LOC_Os06g37280,motif,merged
LOC_Os01g07120,LOC_Os12g38860,FunTFBS,FunTFBS
LOC_Os01g07120,LOC_Os05g34700,motif_CE,motif_CE
LOC_Os01g07120,LOC_Os11g05400,motif_CE,motif_CE
LOC_Os01g07120,LOC_Os03g24890,"FunTFBS, motif",merged
LOC_Os01g07120,LOC_Os07g45800,motif,merged
LOC_Os01g07120,LOC_Os11g36430,"FunTFBS, motif, motif_CE",merged
LOC_Os01g07120,LOC_Os04g31710,motif,merged
LOC_Os01g07120,LOC_Os12g42660,motif,merged
LOC_Os01g07120,LOC_Os07g28730,motif,merged
LOC_Os01g07120,LOC_Os03g25260,motif_CE,motif_CE
LOC_Os01g07120,LOC_Os07g06220,motif,merged
LOC_Os01g07120,LOC_Os05g38140,motif,merged
LOC_Os01g07120,LOC_Os07g16110,motif,merged
LOC_Os01g07120,ChrUn.fgenesh.gene.73,motif_CE,motif_CE
LOC_Os01g07120,LOC_Os07g12900,motif,merged
LOC_Os01g07120,LOC_Os04g28370,motif,merged
LOC_Os01g07120,LOC_Os05g33060,motif,merged
LOC_Os01g07120,LOC_Os12g39310,motif,merged
LOC_Os01g07120,LOC_Os02g19780,motif,merged
LOC_Os01g07120,LOC_Os11g11600,motif,merged
LOC_Os01g07120,LOC_Os02g25020,FunTFBS,FunTFBS
LOC_Os01g07120,LOC_Os10g22580,"motif, motif_CE",merged
LOC_Os01g07120,LOC_Os12g05170,"motif, motif_CE",merged
LOC_Os01g07120,LOC_Os05g50450,motif,merged
LOC_Os01g07120,LOC_Os10g18630,motif,merged
LOC_Os01g07120,LOC_Os01g19800,motif,merged
LOC_Os01g07120,LOC_Os04g12450,motif,merged
LOC_Os01g07120,LOC_Os06g06090,motif,merged
LOC_Os01g07120,LOC_Os03g36270,motif_CE,motif_CE
LOC_Os01g07120,LOC_Os06g18920,FunTFBS,FunTFBS
LOC_Os01g07120,LOC_Os07g06760,motif,merged
LOC_Os01g07120,LOC_Os11g04260,motif,merged
LOC_Os01g07120,LOC_Os11g34330,"motif, motif_CE",merged
LOC_Os01g07120,LOC_Os04g08180,motif,merged
LOC_Os01g07120,LOC_Os01g34690,"motif, motif_CE",merged
LOC_Os01g07120,LOC_Os04g50720,FunTFBS,FunTFBS
LOC_Os01g07120,LOC_Os02g55140,"motif, motif_CE",merged
LOC_Os01g07120,LOC_Os03g44820,motif,merged
LOC_Os01g07120,LOC_Os07g04220,motif,merged
LOC_Os01g07120,LOC_Os02g21670,motif,merged
LOC_Os01g07120,LOC_Os11g45710,motif,merged
LOC_Os01g07120,LOC_Os03g21490,motif,merged
LOC_Os01g07120,LOC_Os07g38350,motif,merged
LOC_Os01g07120,LOC_Os10g10175,motif_CE,motif_CE
LOC_Os01g07120,LOC_Os07g19170,motif,merged
LOC_Os01g07120,LOC_Os01g40540,motif,merged
LOC_Os01g07120,LOC_Os12g43200,motif,merged
LOC_Os01g07120,LOC_Os05g34570,motif,merged
LOC_Os01g07120,LOC_Os03g24780,motif,merged
LOC_Os01g07120,LOC_Os07g09710,FunTFBS,FunTFBS
LOC_Os01g07120,LOC_Os05g49500,motif,merged
LOC_Os01g07120,LOC_Os07g36100,motif,merged
LOC_Os01g07120,LOC_Os11g06420,motif,merged
LOC_Os01g07120,LOC_Os05g25760,motif,merged
LOC_Os01g07120,LOC_Os08g02890,"motif, motif_CE",merged
LOC_Os01g07120,LOC_Os02g15270,motif,merged
LOC_Os01g07120,LOC_Os07g29110,motif,merged
LOC_Os01g07120,LOC_Os01g10560,motif,merged
LOC_Os01g07120,LOC_Os01g11740,motif,merged
LOC_Os01g07120,LOC_Os01g15420,motif,merged
LOC_Os01g07120,LOC_Os05g37110,motif,merged
LOC_Os01g07120,LOC_Os09g21160,motif,merged
LOC_Os01g07120,LOC_Os02g39810,motif,merged
LOC_Os01g07120,LOC_Os02g54780,motif,merged
LOC_Os01g07120,LOC_Os03g24680,motif,merged
LOC_Os01g07120,LOC_Os08g45140,motif,merged
LOC_Os01g07120,LOC_Os06g39250,"motif, motif_CE",merged
LOC_Os01g07120,LOC_Os07g02540,motif,merged
LOC_Os01g07120,LOC_Os01g60080,motif,merged
LOC_Os01g07120,LOC_Os07g39660,"FunTFBS, motif",merged
LOC_Os01g07120,LOC_Os08g39400,"motif, motif_CE",merged
LOC_Os01g07120,LOC_Os08g18900,motif,merged
LOC_Os01g07120,LOC_Os01g10290,motif,merged
LOC_Os01g07120,LOC_Os10g20210,motif,merged
LOC_Os01g07120,LOC_Os02g55160,motif_CE,motif_CE
LOC_Os01g07120,LOC_Os10g11520,motif,merged
LOC_Os01g07120,LOC_Os01g18340,motif,merged
LOC_Os01g07120,LOC_Os07g32950,FunTFBS,FunTFBS
LOC_Os01g07120,LOC_Os09g26999,motif,merged
LOC_Os01g07120,LOC_Os08g27010,motif,merged
LOC_Os01g07120,LOC_Os12g09200,motif_CE,motif_CE
LOC_Os01g07120,LOC_Os05g11920,motif,merged
LOC_Os01g07120,LOC_Os11g24150,"motif, motif_CE",merged
LOC_Os01g07120,LOC_Os03g50820,motif,merged
LOC_Os01g07120,LOC_Os10g03800,motif,merged
LOC_Os01g07120,LOC_Os04g58720,"motif, motif_CE",merged
LOC_Os01g07120,LOC_Os03g49590,"motif, motif_CE",merged
LOC_Os01g07120,LOC_Os11g43310,motif,merged
LOC_Os01g07120,LOC_Os07g11310,motif,merged
LOC_Os01g07120,LOC_Os11g09360,motif,merged
LOC_Os01g07120,LOC_Os06g05090,"motif, motif_CE",merged
LOC_Os01g07120,LOC_Os02g45690,motif,merged
LOC_Os01g07120,LOC_Os05g24980,motif,merged
LOC_Os01g07120,LOC_Os03g01740,motif,merged
LOC_Os01g07120,LOC_Os04g06000,motif,merged
LOC_Os01g07120,LOC_Os08g01950,motif,merged
LOC_Os01g07120,LOC_Os03g52650,motif,merged
LOC_Os01g07120,LOC_Os09g15250,motif,merged
LOC_Os01g07120,LOC_Os12g11170,motif,merged
LOC_Os01g07120,LOC_Os02g03580,"motif, motif_CE",merged
LOC_Os01g07120,LOC_Os12g34330,"motif, motif_CE",merged
LOC_Os01g07120,LOC_Os01g03660,motif_CE,motif_CE
LOC_Os01g07120,LOC_Os03g52210,motif,merged
LOC_Os01g07120,LOC_Os11g35080,motif_CE,motif_CE
LOC_Os01g07120,LOC_Os10g38870,motif_CE,motif_CE
LOC_Os01g07120,LOC_Os08g37820,FunTFBS,FunTFBS
LOC_Os01g07120,LOC_Os02g03150,"motif, motif_CE",merged
LOC_Os01g07120,LOC_Os08g45190,motif_CE,motif_CE
LOC_Os01g07120,LOC_Os08g17150,motif,merged
LOC_Os01g07120,LOC_Os07g31320,motif,merged
LOC_Os01g07120,LOC_Os05g45280,"motif, motif_CE",merged
LOC_Os01g07120,LOC_Os02g50600,motif,merged
LOC_Os01g07120,LOC_Os04g51850,motif,merged
LOC_Os01g07120,LOC_Os02g34400,motif,merged
LOC_Os01g07120,LOC_Os07g27110,motif_CE,motif_CE
LOC_Os01g07120,LOC_Os11g04570,motif,merged
LOC_Os01g07120,LOC_Os01g62180,motif,merged
LOC_Os01g07120,LOC_Os03g63999,motif,merged
LOC_Os01g07120,LOC_Os01g52250,motif_CE,motif_CE
LOC_Os01g07120,LOC_Os09g35630,motif,merged
LOC_Os01g07120,LOC_Os03g63550,"motif, motif_CE",merged
LOC_Os01g07120,LOC_Os06g08380,"motif, motif_CE",merged
LOC_Os01g07120,LOC_Os11g24500,"motif, motif_CE",merged
LOC_Os01g07120,LOC_Os02g03250,"motif, motif_CE",merged
LOC_Os01g07120,LOC_Os03g56241,"FunTFBS, motif, motif_CE",merged
LOC_Os01g07120,LOC_Os11g35240,motif,merged
LOC_Os01g07120,LOC_Os05g41570,FunTFBS,FunTFBS
LOC_Os01g07120,LOC_Os02g57140,motif,merged
LOC_Os01g07120,LOC_Os03g28120,motif,merged
LOC_Os01g07120,LOC_Os06g43320,motif,merged
LOC_Os01g07120,LOC_Os01g52260,motif,merged
LOC_Os01g07120,LOC_Os09g14350,motif,merged
LOC_Os01g07120,LOC_Os02g36800,motif,merged
LOC_Os01g07120,LOC_Os07g27560,motif,merged
LOC_Os01g07120,LOC_Os02g14500,motif_CE,motif_CE
LOC_Os01g07120,LOC_Os11g38630,motif,merged
LOC_Os01g07120,LOC_Os07g08120,"motif, motif_CE",merged
LOC_Os01g07120,LOC_Os08g22930,motif,merged
LOC_Os01g07120,LOC_Os11g41830,motif,merged
LOC_Os01g07120,LOC_Os04g16060,motif,merged
LOC_Os01g07120,LOC_Os02g34490,motif,merged
LOC_Os01g07120,LOC_Os07g39700,motif,merged
LOC_Os01g07120,LOC_Os01g12540,"motif, motif_CE",merged
LOC_Os01g07120,LOC_Os02g40850,motif,merged
LOC_Os01g07120,LOC_Os09g08840,motif,merged
LOC_Os01g07120,LOC_Os11g25380,motif,merged
LOC_Os01g07120,LOC_Os04g34690,motif,merged
LOC_Os01g07120,LOC_Os04g58830,motif,merged
LOC_Os01g07120,LOC_Os07g06070,motif,merged
LOC_Os01g07120,LOC_Os02g30050,motif_CE,motif_CE
LOC_Os01g07120,LOC_Os03g07170,FunTFBS,FunTFBS
LOC_Os01g07120,LOC_Os09g28110,"motif, motif_CE",merged
LOC_Os01g07120,LOC_Os04g03680,motif,merged
LOC_Os01g07120,LOC_Os02g31830,motif,merged
LOC_Os01g07120,LOC_Os07g24578,motif,merged
LOC_Os01g07120,LOC_Os02g32020,motif,merged
LOC_Os01g07120,LOC_Os02g20830,motif,merged
LOC_Os01g07120,LOC_Os05g15360,"motif, motif_CE",merged
LOC_Os01g07120,LOC_Os02g01990,motif,merged
LOC_Os01g07120,LOC_Os02g34950,"FunTFBS, motif, motif_CE",merged
LOC_Os01g07120,LOC_Os11g25360,motif_CE,motif_CE
LOC_Os01g07120,LOC_Os07g27610,motif,merged
LOC_Os01g07120,LOC_Os03g40700,motif_CE,motif_CE
LOC_Os01g07120,LOC_Os01g44270,motif,merged
LOC_Os01g07120,LOC_Os04g27790,motif,merged
LOC_Os01g07120,LOC_Os01g70960,motif,merged
LOC_Os01g07120,LOC_Os06g21420,motif,merged
LOC_Os01g07120,LOC_Os03g06360,FunTFBS,FunTFBS
LOC_Os01g07120,LOC_Os02g07460,motif,merged
LOC_Os01g07120,LOC_Os02g40880,motif,merged
LOC_Os01g07120,LOC_Os09g38060,FunTFBS,FunTFBS
LOC_Os01g07120,LOC_Os12g42140,motif_CE,motif_CE
LOC_Os01g07120,LOC_Os01g24720,motif,merged
LOC_Os01g07120,LOC_Os09g03580,"motif, motif_CE",merged
LOC_Os01g07120,LOC_Os11g35070,"motif, motif_CE",merged
LOC_Os01g07120,LOC_Os07g04730,motif,merged
LOC_Os01g07120,LOC_Os01g42950,motif_CE,motif_CE
LOC_Os01g07120,LOC_Os06g47880,motif_CE,motif_CE
LOC_Os01g07120,LOC_Os12g05290,motif,merged
LOC_Os01g07120,LOC_Os02g18650,motif,merged
LOC_Os01g07120,LOC_Os10g25740,motif,merged
LOC_Os01g07120,LOC_Os02g56540,"motif, motif_CE",merged
LOC_Os01g07120,LOC_Os03g60910,"motif, motif_CE",merged
LOC_Os01g07120,LOC_Os01g54380,"FunTFBS, motif, motif_CE",merged
LOC_Os01g07120,LOC_Os06g04450,motif,merged
LOC_Os01g07120,LOC_Os08g16600,motif_CE,motif_CE
LOC_Os01g07120,LOC_Os08g14640,motif,merged
LOC_Os01g07120,LOC_Os12g18920,motif,merged
LOC_Os01g07120,LOC_Os07g16840,motif,merged
LOC_Os01g07120,LOC_Os09g25945,"motif, motif_CE",merged
LOC_Os01g07120,LOC_Os12g09840,motif,merged
LOC_Os01g07120,LOC_Os03g06240,motif,merged
LOC_Os01g07120,LOC_Os12g41830,motif,merged
LOC_Os01g07120,LOC_Os05g32650,motif,merged
LOC_Os01g07120,LOC_Os12g09680,"FunTFBS, motif",merged
LOC_Os01g07120,LOC_Os05g44630,"motif, motif_CE",merged
LOC_Os01g07120,LOC_Os09g24850,motif,merged
LOC_Os01g07120,LOC_Os11g12800,motif_CE,motif_CE
LOC_Os01g07120,LOC_Os02g06330,FunTFBS,FunTFBS
LOC_Os01g07120,LOC_Os08g28880,motif,merged
LOC_Os01g07120,LOC_Os03g55490,motif_CE,motif_CE
LOC_Os01g07120,LOC_Os07g18700,motif,merged
LOC_Os01g07120,LOC_Os12g01922,"motif, motif_CE",merged
LOC_Os01g07120,LOC_Os02g55160,"motif, motif_CE",merged
LOC_Os01g07120,LOC_Os10g34120,motif,merged
LOC_Os01g07120,LOC_Os04g26590,motif,merged
LOC_Os01g07120,LOC_Os06g27620,motif,merged
LOC_Os01g07120,LOC_Os11g28310,"motif, motif_CE",merged
LOC_Os01g07120,LOC_Os06g40200,motif_CE,motif_CE
LOC_Os01g07120,LOC_Os12g09690,motif,merged
LOC_Os01g07120,LOC_Os04g20490,motif,merged
LOC_Os01g07120,LOC_Os07g06080,motif,merged
LOC_Os01g07120,LOC_Os02g43480,motif_CE,motif_CE
LOC_Os01g07120,LOC_Os01g66890,motif,merged
LOC_Os01g07120,LOC_Os04g22360,FunTFBS,FunTFBS
LOC_Os01g07120,LOC_Os12g34854,"motif, motif_CE",merged
LOC_Os01g07120,LOC_Os10g28320,motif,merged
LOC_Os01g07120,LOC_Os08g07640,motif,merged
LOC_Os01g07120,LOC_Os07g12660,motif_CE,motif_CE
LOC_Os01g07120,LOC_Os08g31080,"FunTFBS, motif, motif_CE",merged
LOC_Os01g07120,LOC_Os01g03660,"motif, motif_CE",merged
LOC_Os01g07120,LOC_Os08g13500,motif,merged
LOC_Os01g07120,LOC_Os12g08010,"FunTFBS, motif",merged
LOC_Os01g07120,LOC_Os01g54350,motif,merged
LOC_Os01g07120,LOC_Os03g57510,motif,merged
LOC_Os01g07120,LOC_Os01g62040,motif,merged
LOC_Os01g07120,LOC_Os08g43690,FunTFBS,FunTFBS
LOC_Os01g07120,LOC_Os07g34150,motif,merged
LOC_Os01g07120,LOC_Os01g51890,motif,merged
LOC_Os01g07120,LOC_Os02g20880,"FunTFBS, motif",merged
LOC_Os01g07120,LOC_Os01g47480,"motif, motif_CE",merged
LOC_Os01g07120,LOC_Os08g19850,FunTFBS,FunTFBS
LOC_Os01g07120,LOC_Os09g26760,motif,merged
LOC_Os01g07120,LOC_Os02g34570,motif_CE,motif_CE
LOC_Os01g07120,LOC_Os01g42660,motif,merged
LOC_Os01g07120,LOC_Os11g43630,"motif, motif_CE",merged
LOC_Os01g07120,LOC_Os03g29250,motif_CE,motif_CE
LOC_Os01g07120,LOC_Os04g01980,"motif, motif_CE",merged
LOC_Os01g07120,LOC_Os12g09010,motif,merged
LOC_Os01g07120,LOC_Os04g53340,motif_CE,motif_CE
LOC_Os01g07120,LOC_Os03g63940,motif,merged
LOC_Os01g07120,LOC_Os04g34850,motif,merged
LOC_Os01g07120,LOC_Os04g51800,motif,merged
LOC_Os01g07120,LOC_Os08g10930,motif,merged
LOC_Os01g07120,LOC_Os02g49660,motif_CE,motif_CE
LOC_Os01g07120,LOC_Os09g16390,motif,merged
LOC_Os01g07120,LOC_Os10g01250,motif,merged
LOC_Os01g07120,LOC_Os01g09830,"motif, motif_CE",merged
LOC_Os01g07120,LOC_Os10g26220,motif,merged
LOC_Os01g07120,LOC_Os06g23300,motif,merged
LOC_Os01g07120,LOC_Os10g12320,motif,merged
LOC_Os01g07120,LOC_Os11g32470,motif_CE,motif_CE
LOC_Os01g07120,LOC_Os04g41920,motif,merged
LOC_Os01g07120,LOC_Os12g04860,motif_CE,motif_CE
LOC_Os01g07120,LOC_Os09g36370,motif,merged
LOC_Os01g07120,LOC_Os12g03920,motif,merged
LOC_Os01g07120,LOC_Os11g37810,motif,merged
LOC_Os01g07120,LOC_Os06g33210,"FunTFBS, motif",merged
LOC_Os01g07120,LOC_Os03g60780,"motif, motif_CE",merged
LOC_Os01g07120,LOC_Os01g64980,motif,merged
LOC_Os01g07120,LOC_Os01g54390,motif_CE,motif_CE
LOC_Os01g07120,LOC_Os02g42590,motif,merged
LOC_Os01g07120,LOC_Os12g39840,motif,merged
LOC_Os01g07120,LOC_Os10g40900,motif,merged
LOC_Os01g07120,LOC_Os03g20180,motif,merged
LOC_Os01g07120,LOC_Os08g17560,motif,merged
LOC_Os01g07120,LOC_Os01g71980,motif,merged
LOC_Os01g07120,LOC_Os08g03280,motif,merged
LOC_Os01g07120,LOC_Os11g08500,motif,merged
LOC_Os01g07120,LOC_Os07g31090,motif,merged
LOC_Os01g07120,LOC_Os10g15279,motif,merged
LOC_Os01g07120,LOC_Os02g30050,"motif, motif_CE",merged
LOC_Os01g07120,LOC_Os04g03000,motif,merged
LOC_Os01g07120,LOC_Os05g34700,"motif, motif_CE",merged
LOC_Os01g07120,LOC_Os09g03540,motif,merged
LOC_Os01g07120,LOC_Os06g17130,FunTFBS,FunTFBS
LOC_Os01g07120,LOC_Os02g49080,motif_CE,motif_CE
LOC_Os01g07120,LOC_Os04g11660,"FunTFBS, motif",merged
LOC_Os01g07120,LOC_Os02g35720,motif,merged
LOC_Os01g07120,LOC_Os06g06950,motif,merged
LOC_Os01g07120,LOC_Os02g57870,motif,merged
LOC_Os01g07120,LOC_Os05g34890,motif,merged
LOC_Os01g07120,LOC_Os10g35730,motif,merged
LOC_Os01g07120,LOC_Os08g10790,motif,merged
LOC_Os01g07120,LOC_Os08g15290,motif,merged
LOC_Os01g07120,LOC_Os03g19030,motif_CE,motif_CE
LOC_Os01g07120,LOC_Os12g29610,motif,merged
LOC_Os01g07120,LOC_Os07g28190,motif,merged
LOC_Os01g07120,LOC_Os01g47262,motif,merged
LOC_Os01g07120,LOC_Os09g19880,motif_CE,motif_CE
LOC_Os01g07120,ChrUn.fgenesh.gene.73,"motif, motif_CE",merged
LOC_Os01g07120,LOC_Os05g30230,motif,merged
LOC_Os01g07120,LOC_Os05g48290,motif_CE,motif_CE
LOC_Os01g07120,LOC_Os09g03790,motif,merged
LOC_Os01g07120,LOC_Os12g16860,motif,merged
LOC_Os01g07120,LOC_Os03g46200,motif_CE,motif_CE
LOC_Os01g07120,LOC_Os11g06000,motif_CE,motif_CE
LOC_Os01g07120,LOC_Os04g49920,motif_CE,motif_CE
LOC_Os01g07120,LOC_Os04g39700,motif_CE,motif_CE
LOC_Os01g07120,LOC_Os10g02830,FunTFBS,FunTFBS
LOC_Os01g07120,LOC_Os05g01310,FunTFBS,FunTFBS
LOC_Os01g07120,LOC_Os08g05540,motif_CE,motif_CE
LOC_Os01g07120,LOC_Os10g03550,motif,merged
LOC_Os01g07120,LOC_Os03g27460,"motif, motif_CE",merged
LOC_Os01g07120,LOC_Os10g07450,motif,merged
LOC_Os01g07120,LOC_Os06g47880,"motif, motif_CE",merged
LOC_Os01g07120,LOC_Os03g53080,"motif, motif_CE",merged
LOC_Os01g07120,LOC_Os06g30210,motif,merged
LOC_Os01g07120,LOC_Os02g25930,motif,merged
LOC_Os01g07120,LOC_Os04g41875,motif,merged
LOC_Os01g07120,LOC_Os07g28800,motif_CE,motif_CE
LOC_Os01g07120,LOC_Os07g08530,FunTFBS,FunTFBS
LOC_Os01g07120,LOC_Os04g58870,motif,merged
LOC_Os01g07120,LOC_Os01g15300,FunTFBS,FunTFBS
LOC_Os01g07120,LOC_Os04g58450,"FunTFBS, motif",merged
LOC_Os01g07120,LOC_Os05g04210,motif_CE,motif_CE
LOC_Os01g07120,LOC_Os03g34000,motif,merged
LOC_Os01g07120,LOC_Os09g19420,motif,merged
LOC_Os01g07120,LOC_Os01g47850,motif,merged
LOC_Os01g07120,LOC_Os06g01620,motif,merged
LOC_Os01g07120,LOC_Os05g39500,motif,merged
LOC_Os01g07120,LOC_Os06g39880,motif,merged
LOC_Os01g07120,LOC_Os04g24370,motif,merged
LOC_Os01g07120,LOC_Os09g16990,motif,merged
LOC_Os01g07120,LOC_Os04g45620,motif,merged
LOC_Os01g07120,LOC_Os06g22170,motif,merged
LOC_Os01g07120,LOC_Os03g60530,"FunTFBS, motif",merged
LOC_Os01g07120,LOC_Os11g13580,motif,merged
LOC_Os01g07120,LOC_Os02g55090,motif,merged
LOC_Os01g07120,LOC_Os07g07220,motif,merged
LOC_Os01g07120,LOC_Os05g37730,motif_CE,motif_CE
LOC_Os01g07120,LOC_Os05g44030,motif_CE,motif_CE
LOC_Os01g07120,LOC_Os08g07300,motif_CE,motif_CE
LOC_Os01g07120,LOC_Os09g13230,motif,merged
LOC_Os01g07120,LOC_Os08g29370,motif,merged
LOC_Os01g07120,LOC_Os12g01540,motif,merged
LOC_Os01g07120,LOC_Os01g34530,motif,merged
LOC_Os01g07120,LOC_Os03g07700,motif,merged
LOC_Os01g07120,LOC_Os02g43480,"motif, motif_CE",merged
LOC_Os01g07120,LOC_Os07g08780,motif_CE,motif_CE
LOC_Os01g07120,LOC_Os03g07480,motif,merged
LOC_Os01g07120,LOC_Os01g51634,motif_CE,motif_CE
LOC_Os01g07120,LOC_Os01g32980,"FunTFBS, motif",merged
LOC_Os01g07120,LOC_Os06g48660,"motif, motif_CE",merged
LOC_Os01g07120,LOC_Os03g52170,motif,merged
LOC_Os01g07120,LOC_Os12g10180,motif,merged
LOC_Os01g07120,LOC_Os03g53730,"motif, motif_CE",merged
LOC_Os01g07120,LOC_Os02g35470,motif,merged
LOC_Os01g07120,LOC_Os08g15960,motif,merged
LOC_Os01g07120,LOC_Os06g09840,"motif, motif_CE",merged
LOC_Os01g07120,LOC_Os10g11770,motif,merged
LOC_Os01g07120,LOC_Os01g06800,motif,merged
LOC_Os01g07120,LOC_Os11g22200,motif,merged
LOC_Os01g07120,LOC_Os04g33650,motif,merged
LOC_Os01g07120,LOC_Os06g42340,motif,merged
LOC_Os01g07120,LOC_Os03g48225,motif,merged
LOC_Os01g07120,LOC_Os07g38260,motif,merged
LOC_Os01g07120,LOC_Os05g27810,motif,merged
LOC_Os01g07120,LOC_Os10g35800,motif,merged
LOC_Os01g07120,LOC_Os05g18160,motif,merged
LOC_Os01g07120,LOC_Os09g05040,motif,merged
LOC_Os01g07120,LOC_Os06g23620,motif,merged
LOC_Os01g07120,LOC_Os03g12040,motif,merged
LOC_Os01g07120,LOC_Os11g35870,motif_CE,motif_CE
LOC_Os01g07120,LOC_Os07g46610,motif,merged
LOC_Os01g07120,LOC_Os01g06440,motif,merged
LOC_Os01g07120,LOC_Os12g38310,"motif, motif_CE",merged
LOC_Os01g07120,LOC_Os08g45190,"motif, motif_CE",merged
LOC_Os01g07120,LOC_Os02g34860,motif,merged
LOC_Os01g07120,LOC_Os02g43870,motif_CE,motif_CE
LOC_Os01g07120,LOC_Os06g49490,"FunTFBS, motif, motif_CE",merged
LOC_Os01g07120,LOC_Os08g22400,"FunTFBS, motif",merged
LOC_Os01g07120,LOC_Os03g21130,motif,merged
LOC_Os01g07120,LOC_Os04g11330,motif,merged
LOC_Os01g07120,LOC_Os03g29740,"FunTFBS, motif, motif_CE",merged
LOC_Os01g07120,LOC_Os01g66200,motif_CE,motif_CE
LOC_Os01g07120,LOC_Os05g19680,motif,merged
LOC_Os01g07120,LOC_Os07g08890,motif,merged
LOC_Os01g07120,LOC_Os05g23070,motif,merged
LOC_Os01g07120,LOC_Os02g30480,motif,merged
LOC_Os01g07120,LOC_Os05g07850,motif,merged
LOC_Os01g07120,LOC_Os12g32986,motif,merged
LOC_Os01g07120,LOC_Os03g51200,motif_CE,motif_CE
LOC_Os01g07120,LOC_Os12g07670,motif_CE,motif_CE
LOC_Os01g07120,LOC_Os04g04030,motif,merged
LOC_Os01g07120,LOC_Os04g29440,motif,merged
LOC_Os01g07120,LOC_Os10g40555,motif,merged
LOC_Os01g07120,LOC_Os12g32820,"motif, motif_CE",merged
LOC_Os01g07120,LOC_Os11g28480,motif,merged
LOC_Os01g07120,LOC_Os11g32470,"motif, motif_CE",merged
LOC_Os01g07120,LOC_Os12g16680,motif,merged
LOC_Os01g07120,LOC_Os02g06510,motif_CE,motif_CE
LOC_Os01g07120,LOC_Os05g08414,motif_CE,motif_CE
LOC_Os01g07120,LOC_Os07g09914,motif,merged
LOC_Os01g07120,LOC_Os06g46400,motif,merged
LOC_Os01g07120,LOC_Os08g07670,motif,merged
LOC_Os01g07120,LOC_Os03g47380,motif,merged
LOC_Os01g07120,LOC_Os03g38790,motif,merged
LOC_Os01g07120,LOC_Os12g35490,FunTFBS,FunTFBS
LOC_Os01g07120,LOC_Os01g50120,FunTFBS,FunTFBS
LOC_Os01g07120,LOC_Os12g13120,motif,merged
LOC_Os01g07120,LOC_Os06g44240,motif_CE,motif_CE
LOC_Os01g07120,LOC_Os01g13010,motif,merged
LOC_Os01g07120,LOC_Os04g48710,motif,merged
LOC_Os01g07120,LOC_Os01g57900,motif_CE,motif_CE
LOC_Os01g07120,LOC_Os09g04508,motif,merged
LOC_Os01g07120,LOC_Os11g17350,motif,merged
LOC_Os01g07120,LOC_Os02g44470,motif_CE,motif_CE
LOC_Os01g07120,LOC_Os03g03340,motif,merged
LOC_Os01g07120,LOC_Os05g24760,motif,merged
LOC_Os01g07120,LOC_Os02g30600,"motif, motif_CE",merged
LOC_Os01g07120,LOC_Os06g12780,motif_CE,motif_CE
LOC_Os01g07120,LOC_Os01g14330,motif,merged
LOC_Os01g07120,LOC_Os02g30350,motif,merged
LOC_Os01g07120,LOC_Os11g22760,"FunTFBS, motif, motif_CE",merged
LOC_Os01g07120,LOC_Os09g17260,motif,merged
LOC_Os01g07120,LOC_Os03g19030,"motif, motif_CE",merged
LOC_Os01g07120,LOC_Os11g06940,motif,merged
LOC_Os01g07120,LOC_Os06g44000,motif,merged
LOC_Os01g07120,LOC_Os10g38386,motif,merged
LOC_Os01g07120,LOC_Os05g05370,motif_CE,motif_CE
LOC_Os01g07120,LOC_Os05g44650,motif,merged
LOC_Os01g07120,LOC_Os05g48290,"motif, motif_CE",merged
LOC_Os01g07120,LOC_Os02g40810,motif,merged
LOC_Os01g07120,LOC_Os01g62640,motif,merged
LOC_Os01g07120,LOC_Os11g01410,motif_CE,motif_CE
LOC_Os01g07120,LOC_Os01g42440,motif,merged
LOC_Os01g07120,LOC_Os04g39700,"motif, motif_CE",merged
LOC_Os01g07120,LOC_Os01g61380,motif,merged
LOC_Os01g07120,LOC_Os03g53450,motif,merged
LOC_Os01g07120,LOC_Os01g21520,"motif, motif_CE",merged
LOC_Os01g07120,LOC_Os12g37570,motif_CE,motif_CE
LOC_Os01g07120,LOC_Os07g08410,FunTFBS,FunTFBS
LOC_Os01g07120,LOC_Os02g51140,motif,merged
LOC_Os01g07120,LOC_Os03g20750,motif_CE,motif_CE
LOC_Os01g07120,LOC_Os02g12654,motif,merged
LOC_Os01g07120,LOC_Os04g08550,motif,merged
LOC_Os01g07120,LOC_Os01g03650,motif_CE,motif_CE
LOC_Os01g07120,LOC_Os04g28260,motif,merged
LOC_Os01g07120,LOC_Os05g32180,motif,merged
LOC_Os01g07120,LOC_Os06g47030,motif,merged
LOC_Os01g07120,LOC_Os02g11850,"motif, motif_CE",merged
LOC_Os01g07120,LOC_Os05g04210,"motif, motif_CE",merged
LOC_Os01g07120,LOC_Os07g30120,motif,merged
LOC_Os01g07120,LOC_Os08g23440,motif,merged
LOC_Os01g07120,LOC_Os05g48220,motif,merged
LOC_Os01g07120,LOC_Os08g22380,motif_CE,motif_CE
LOC_Os01g07120,LOC_Os01g03380,"FunTFBS, motif",merged
LOC_Os01g07120,LOC_Os12g39470,motif,merged
LOC_Os01g07120,LOC_Os05g44030,"motif, motif_CE",merged
LOC_Os01g07120,LOC_Os08g07300,"motif, motif_CE",merged
LOC_Os01g07120,LOC_Os01g56990,motif_CE,motif_CE
LOC_Os01g07120,LOC_Os01g19340,motif,merged
LOC_Os01g07120,LOC_Os06g38170,motif,merged
LOC_Os01g07120,LOC_Os03g18370,"motif, motif_CE",merged
LOC_Os01g07120,LOC_Os03g45800,"FunTFBS, motif",merged
LOC_Os01g07120,LOC_Os01g19230,motif,merged
LOC_Os01g07120,LOC_Os07g30310,motif,merged
LOC_Os01g07120,LOC_Os01g31920,motif,merged
LOC_Os01g07120,LOC_Os05g38670,motif,merged
LOC_Os01g07120,LOC_Os07g41320,"motif, motif_CE",merged
LOC_Os01g07120,LOC_Os11g29190,"FunTFBS, motif",merged
LOC_Os01g07120,LOC_Os01g13030,motif,merged
LOC_Os01g07120,LOC_Os02g46980,motif,merged
LOC_Os01g07120,LOC_Os03g58180,motif,merged
LOC_Os01g07120,LOC_Os04g47200,motif,merged
LOC_Os01g07120,LOC_Os06g35910,motif_CE,motif_CE
LOC_Os01g07120,LOC_Os03g59460,motif,merged
LOC_Os01g07120,LOC_Os08g02300,motif,merged
LOC_Os01g07120,LOC_Os11g35870,"motif, motif_CE",merged
LOC_Os01g07120,LOC_Os03g05820,motif_CE,motif_CE
LOC_Os01g07120,LOC_Os07g05950,motif,merged
LOC_Os01g07120,LOC_Os08g29610,motif,merged
LOC_Os01g07120,LOC_Os02g01160,motif,merged
LOC_Os01g07120,LOC_Os03g40930,motif,merged
LOC_Os01g07120,LOC_Os02g19050,motif,merged
LOC_Os01g07120,LOC_Os10g32100,motif,merged
LOC_Os01g07120,LOC_Os04g46079,"motif, motif_CE",merged
LOC_Os01g07120,LOC_Os11g15570,FunTFBS,FunTFBS
LOC_Os01g07120,LOC_Os01g21390,motif,merged
LOC_Os01g07120,LOC_Os01g66200,"motif, motif_CE",merged
LOC_Os01g07120,LOC_Os07g10110,motif_CE,motif_CE
LOC_Os01g07120,LOC_Os02g18850,motif,merged
LOC_Os01g07120,LOC_Os05g03150,motif,merged
LOC_Os01g07120,LOC_Os10g20570,motif,merged
LOC_Os01g07120,LOC_Os12g01350,motif,merged
LOC_Os01g07120,LOC_Os03g15060,motif,merged
LOC_Os01g07120,LOC_Os03g21940,motif_CE,motif_CE
LOC_Os01g07120,LOC_Os02g42330,motif,merged
LOC_Os01g07120,LOC_Os02g33980,FunTFBS,FunTFBS
LOC_Os01g07120,LOC_Os10g21390,motif,merged
LOC_Os01g07120,LOC_Os01g67570,"motif, motif_CE",merged
LOC_Os01g07120,LOC_Os07g13930,motif,merged
LOC_Os01g07120,LOC_Os03g57060,"FunTFBS, motif",merged
LOC_Os01g07120,LOC_Os05g08414,"motif, motif_CE",merged
LOC_Os01g07120,LOC_Os02g06830,FunTFBS,FunTFBS
LOC_Os01g07120,LOC_Os02g16670,motif_CE,motif_CE
LOC_Os01g07120,LOC_Os06g25420,motif_CE,motif_CE
LOC_Os01g07120,LOC_Os12g06190,motif,merged
LOC_Os01g07120,LOC_Os08g20750,motif,merged
LOC_Os01g07120,LOC_Os12g23930,motif,merged
LOC_Os01g07120,LOC_Os11g11180,FunTFBS,FunTFBS
LOC_Os01g07120,LOC_Os05g19940,motif,merged
LOC_Os01g07120,LOC_Os12g01750,motif_CE,motif_CE
LOC_Os01g07120,LOC_Os06g44240,"motif, motif_CE",merged
LOC_Os01g07120,LOC_Os01g59880,motif,merged
LOC_Os01g07120,LOC_Os06g29490,motif,merged
LOC_Os01g07120,LOC_Os11g02200,"motif, motif_CE",merged
LOC_Os01g07120,LOC_Os12g06650,motif_CE,motif_CE
LOC_Os01g07120,LOC_Os02g27490,motif,merged
LOC_Os01g07120,LOC_Os11g11390,motif,merged
LOC_Os01g07120,LOC_Os05g07290,motif,merged
LOC_Os01g07120,LOC_Os05g02050,motif_CE,motif_CE
LOC_Os01g07120,LOC_Os03g45350,motif,merged
LOC_Os01g07120,LOC_Os11g09610,motif,merged
LOC_Os01g07120,LOC_Os02g16460,motif,merged
LOC_Os01g07120,LOC_Os02g02730,motif,merged
LOC_Os01g07120,LOC_Os01g05585,motif_CE,motif_CE
LOC_Os01g07120,LOC_Os02g09800,motif_CE,motif_CE
LOC_Os01g07120,LOC_Os10g42500,motif_CE,motif_CE
LOC_Os01g07120,LOC_Os09g12620,"FunTFBS, motif, motif_CE",merged
LOC_Os01g07120,LOC_Os02g51750,motif,merged
LOC_Os01g07120,LOC_Os12g06570,motif_CE,motif_CE
LOC_Os01g07120,LOC_Os04g14860,motif_CE,motif_CE
LOC_Os01g07120,LOC_Os04g51630,motif_CE,motif_CE
LOC_Os01g07120,LOC_Os11g42800,motif_CE,motif_CE
LOC_Os01g07120,LOC_Os11g11350,motif,merged
LOC_Os01g07120,LOC_Os10g29040,motif,merged
LOC_Os01g07120,LOC_Os03g22570,motif_CE,motif_CE
LOC_Os01g07120,LOC_Os11g01410,"motif, motif_CE",merged
LOC_Os01g07120,LOC_Os12g38110,motif,merged
LOC_Os01g07120,LOC_Os01g05840,motif,merged
LOC_Os01g07120,LOC_Os06g11370,motif,merged
LOC_Os01g07120,LOC_Os08g41380,motif,merged
LOC_Os01g07120,LOC_Os04g45440,motif,merged
LOC_Os01g07120,LOC_Os06g43820,motif,merged
LOC_Os01g07120,LOC_Os09g14960,motif,merged
LOC_Os01g07120,LOC_Os09g02570,motif,merged
LOC_Os01g07120,LOC_Os03g58780,motif,merged
LOC_Os01g07120,LOC_Os01g61690,"FunTFBS, motif, motif_CE",merged
LOC_Os01g07120,LOC_Os12g37570,"motif, motif_CE",merged
LOC_Os01g07120,LOC_Os02g02950,"motif, motif_CE",merged
LOC_Os01g07120,LOC_Os04g59030,motif_CE,motif_CE
LOC_Os01g07120,LOC_Os01g56700,motif,merged
LOC_Os01g07120,LOC_Os01g56080,motif,merged
LOC_Os01g07120,LOC_Os03g20750,"motif, motif_CE",merged
LOC_Os01g07120,LOC_Os01g45990,"FunTFBS, motif",merged
LOC_Os01g07120,LOC_Os08g05540,"motif, motif_CE",merged
LOC_Os01g07120,LOC_Os09g24320,"FunTFBS, motif, motif_CE",merged
LOC_Os01g07120,LOC_Os01g03650,"motif, motif_CE",merged
LOC_Os01g07120,LOC_Os09g31370,motif_CE,motif_CE
LOC_Os01g07120,LOC_Os10g25670,motif,merged
LOC_Os01g07120,LOC_Os02g05730,motif,merged
LOC_Os01g07120,LOC_Os04g40080,motif,merged
LOC_Os01g07120,LOC_Os05g16450,motif,merged
LOC_Os01g07120,LOC_Os03g58070,motif,merged
LOC_Os01g07120,LOC_Os04g13010,motif,merged
LOC_Os01g07120,LOC_Os11g05500,motif,merged
LOC_Os01g07120,LOC_Os01g71220,"FunTFBS, motif, motif_CE",merged
LOC_Os01g07120,LOC_Os06g02710,motif,merged
LOC_Os01g07120,LOC_Os02g49130,"FunTFBS, motif",merged
LOC_Os01g07120,LOC_Os01g72205,"FunTFBS, motif, motif_CE",merged
LOC_Os01g07120,LOC_Os07g15190,FunTFBS,FunTFBS
LOC_Os01g07120,LOC_Os04g59494,motif,merged
LOC_Os01g07120,LOC_Os02g36360,"motif, motif_CE",merged
LOC_Os01g07120,LOC_Os12g37740,motif,merged
LOC_Os01g07120,LOC_Os09g21470,motif_CE,motif_CE
LOC_Os01g07120,LOC_Os05g43720,motif,merged
LOC_Os01g07120,LOC_Os05g02400,"FunTFBS, motif, motif_CE",merged
LOC_Os01g07120,LOC_Os09g32750,motif,merged
LOC_Os01g07120,LOC_Os12g09640,"motif, motif_CE",merged
LOC_Os01g07120,LOC_Os09g06800,motif,merged
LOC_Os01g07120,LOC_Os09g27270,motif,merged
LOC_Os01g07120,LOC_Os05g37884,motif,merged
LOC_Os01g07120,LOC_Os05g16380,motif,merged
LOC_Os01g07120,LOC_Os01g48370,motif_CE,motif_CE
LOC_Os01g07120,LOC_Os01g14310,motif,merged
LOC_Os01g07120,LOC_Os10g39140,motif,merged
LOC_Os01g07120,LOC_Os10g33420,motif,merged
LOC_Os01g07120,LOC_Os03g01830,motif_CE,motif_CE
LOC_Os01g07120,LOC_Os07g02040,motif,merged
LOC_Os01g07120,LOC_Os08g17410,"motif, motif_CE",merged
LOC_Os01g07120,LOC_Os02g58220,motif,merged
LOC_Os01g07120,ChrUn.fgenesh.gene.60,motif,merged
LOC_Os01g07120,LOC_Os11g09050,motif,merged
LOC_Os01g07120,LOC_Os11g26470,"motif, motif_CE",merged
LOC_Os01g07120,LOC_Os04g35880,motif,merged
LOC_Os01g07120,LOC_Os05g30430,motif,merged
LOC_Os01g07120,LOC_Os06g42330,motif,merged
LOC_Os01g07120,LOC_Os08g03790,motif,merged
LOC_Os01g07120,LOC_Os08g41420,FunTFBS,FunTFBS
LOC_Os01g07120,LOC_Os05g28300,"FunTFBS, motif, motif_CE",merged
LOC_Os01g07120,LOC_Os09g14690,motif,merged
LOC_Os01g07120,LOC_Os02g01850,motif,merged
LOC_Os01g07120,LOC_Os08g02540,motif,merged
LOC_Os01g07120,LOC_Os06g45540,motif,merged
LOC_Os01g07120,LOC_Os06g35910,"motif, motif_CE",merged
LOC_Os01g07120,LOC_Os01g06454,motif,merged
LOC_Os01g07120,LOC_Os01g18560,motif,merged
LOC_Os01g07120,LOC_Os12g05580,motif,merged
LOC_Os01g07120,LOC_Os02g46200,motif,merged
LOC_Os01g07120,LOC_Os08g03120,motif,merged
LOC_Os01g07120,LOC_Os12g30550,FunTFBS,FunTFBS
LOC_Os01g07120,LOC_Os08g36700,"motif, motif_CE",merged
LOC_Os01g07120,LOC_Os04g55980,motif,merged
LOC_Os01g07120,LOC_Os07g10110,"motif, motif_CE",merged
LOC_Os01g07120,LOC_Os07g47410,motif,merged
LOC_Os01g07120,LOC_Os02g43130,motif,merged
LOC_Os01g07120,LOC_Os09g36040,"motif, motif_CE",merged
LOC_Os01g07120,LOC_Os01g13720,"motif, motif_CE",merged
LOC_Os01g07120,LOC_Os07g14640,motif,merged
LOC_Os01g07120,LOC_Os09g07110,motif,merged
LOC_Os01g07120,LOC_Os08g04170,"motif, motif_CE",merged
LOC_Os01g07120,LOC_Os05g08760,motif,merged
LOC_Os01g07120,LOC_Os10g29274,motif,merged
LOC_Os01g07120,LOC_Os01g15240,motif,merged
LOC_Os01g07120,LOC_Os07g05960,motif,merged
LOC_Os01g07120,LOC_Os12g09739,"motif, motif_CE",merged
LOC_Os01g07120,LOC_Os07g18920,motif,merged
LOC_Os01g07120,LOC_Os08g21650,motif,merged
LOC_Os01g07120,LOC_Os11g22120,motif,merged
LOC_Os01g07120,LOC_Os09g26230,motif,merged
LOC_Os01g07120,LOC_Os02g58170,motif,merged
LOC_Os01g07120,LOC_Os07g37390,motif,merged
LOC_Os01g07120,LOC_Os09g20700,motif,merged
LOC_Os01g07120,LOC_Os12g06650,"motif, motif_CE",merged
LOC_Os01g07120,LOC_Os04g17100,motif,merged
LOC_Os01g07120,LOC_Os01g04720,motif,merged
LOC_Os01g07120,LOC_Os01g72780,motif,merged
LOC_Os01g07120,LOC_Os10g08940,motif,merged
LOC_Os01g07120,LOC_Os05g32730,"FunTFBS, motif, motif_CE",merged
LOC_Os01g07120,LOC_Os12g14720,motif,merged
LOC_Os01g07120,LOC_Os03g10420,"motif, motif_CE",merged
LOC_Os01g07120,LOC_Os11g08980,motif_CE,motif_CE
LOC_Os01g07120,LOC_Os01g29000,"FunTFBS, motif",merged
LOC_Os01g07120,LOC_Os09g21380,"motif, motif_CE",merged
LOC_Os01g07120,LOC_Os01g07870,motif_CE,motif_CE
LOC_Os01g07120,LOC_Os09g23870,motif,merged
LOC_Os01g07120,LOC_Os03g07590,"motif, motif_CE",merged
LOC_Os01g07120,LOC_Os02g43950,FunTFBS,FunTFBS
LOC_Os01g07120,LOC_Os12g39080,motif,merged
LOC_Os01g07120,LOC_Os09g38540,motif,merged
LOC_Os01g07120,LOC_Os06g04660,motif_CE,motif_CE
LOC_Os01g07120,LOC_Os12g06570,"motif, motif_CE",merged
LOC_Os01g07120,LOC_Os07g07000,motif,merged
LOC_Os01g07120,LOC_Os04g14860,"motif, motif_CE",merged
LOC_Os01g07120,LOC_Os04g51630,"motif, motif_CE",merged
LOC_Os01g07120,LOC_Os04g30380,motif,merged
LOC_Os01g07120,LOC_Os03g03920,motif,merged
LOC_Os01g07120,LOC_Os02g13600,motif,merged
LOC_Os01g07120,LOC_Os10g03780,motif,merged
LOC_Os01g07120,LOC_Os02g56219,motif_CE,motif_CE
LOC_Os01g07120,LOC_Os12g40470,motif_CE,motif_CE
LOC_Os01g07120,LOC_Os11g39310,motif,merged
LOC_Os01g07120,LOC_Os12g16310,"motif, motif_CE",merged
LOC_Os01g07120,LOC_Os08g20690,motif,merged
LOC_Os01g07120,LOC_Os03g20820,motif,merged
LOC_Os01g07120,LOC_Os02g46760,motif,merged
LOC_Os01g07120,LOC_Os01g62584,motif,merged
LOC_Os01g07120,LOC_Os03g52475,motif_CE,motif_CE
LOC_Os01g07120,LOC_Os03g36300,"FunTFBS, motif, motif_CE",merged
LOC_Os01g07120,LOC_Os03g02980,"FunTFBS, motif",merged
LOC_Os01g07120,LOC_Os03g07970,motif,merged
LOC_Os01g07120,LOC_Os04g59030,"motif, motif_CE",merged
LOC_Os01g07120,LOC_Os01g65140,motif,merged
LOC_Os01g07120,LOC_Os12g07960,motif,merged
LOC_Os01g07120,LOC_Os01g34990,motif,merged
LOC_Os01g07120,LOC_Os02g18064,motif,merged
LOC_Os01g07120,ChrUn.fgenesh.gene.86,motif_CE,motif_CE
LOC_Os01g07120,LOC_Os09g31370,"motif, motif_CE",merged
LOC_Os01g07120,LOC_Os01g05220,motif,merged
LOC_Os01g07120,LOC_Os01g26950,motif,merged
LOC_Os01g07120,LOC_Os03g48260,motif_CE,motif_CE
LOC_Os01g07120,LOC_Os05g11360,FunTFBS,FunTFBS
LOC_Os01g07120,LOC_Os11g24600,motif,merged
LOC_Os01g07120,LOC_Os08g02590,motif_CE,motif_CE
LOC_Os01g07120,LOC_Os03g05090,motif,merged
LOC_Os01g07120,LOC_Os03g35540,motif,merged
LOC_Os01g07120,LOC_Os03g62110,motif_CE,motif_CE
LOC_Os01g07120,LOC_Os10g09990,motif,merged
LOC_Os01g07120,LOC_Os03g47574,motif,merged
LOC_Os01g07120,LOC_Os01g35430,motif,merged
LOC_Os01g07120,LOC_Os04g18640,motif,merged
LOC_Os01g07120,LOC_Os06g08710,"motif, motif_CE",merged
LOC_Os01g07120,LOC_Os01g42040,motif_CE,motif_CE
LOC_Os01g07120,LOC_Os03g53280,"FunTFBS, motif, motif_CE",merged
LOC_Os01g07120,LOC_Os01g59990,FunTFBS,FunTFBS
LOC_Os01g07120,LOC_Os01g43890,motif,merged
LOC_Os01g07120,LOC_Os09g26610,motif,merged
LOC_Os01g07120,LOC_Os01g47710,motif_CE,motif_CE
LOC_Os01g07120,LOC_Os01g42210,motif,merged
LOC_Os01g07120,LOC_Os07g46620,motif_CE,motif_CE
LOC_Os01g07120,LOC_Os01g21585,"FunTFBS, motif, motif_CE",merged
LOC_Os01g07120,LOC_Os12g30060,motif,merged
LOC_Os01g07120,LOC_Os01g63050,motif,merged
LOC_Os01g07120,LOC_Os07g32774,motif,merged
LOC_Os01g07120,LOC_Os01g48370,"motif, motif_CE",merged
LOC_Os01g07120,LOC_Os07g19050,"motif, motif_CE",merged
LOC_Os01g07120,LOC_Os07g40800,motif,merged
LOC_Os01g07120,LOC_Os08g11920,motif,merged
LOC_Os01g07120,LOC_Os12g01390,motif,merged
LOC_Os01g07120,LOC_Os03g36600,motif,merged
LOC_Os01g07120,LOC_Os06g13990,motif,merged
LOC_Os01g07120,LOC_Os08g41000,motif_CE,motif_CE
LOC_Os01g07120,LOC_Os02g12130,motif,merged
LOC_Os01g07120,LOC_Os06g30870,motif,merged
LOC_Os01g07120,LOC_Os08g30300,motif,merged
LOC_Os01g07120,LOC_Os02g09230,motif,merged
LOC_Os01g07120,LOC_Os08g32420,motif,merged
LOC_Os01g07120,LOC_Os08g31930,motif,merged
LOC_Os01g07120,LOC_Os03g11220,motif_CE,motif_CE
LOC_Os01g07120,LOC_Os01g50430,motif_CE,motif_CE
LOC_Os01g07120,LOC_Os12g08380,motif,merged
LOC_Os01g07120,LOC_Os03g50010,FunTFBS,FunTFBS
LOC_Os01g07120,LOC_Os06g41210,motif,merged
LOC_Os01g07120,LOC_Os03g18510,FunTFBS,FunTFBS
LOC_Os01g07120,LOC_Os05g38850,motif,merged
LOC_Os01g07120,LOC_Os09g13450,motif,merged
LOC_Os01g07120,LOC_Os04g41100,motif,merged
LOC_Os01g07120,LOC_Os06g23770,FunTFBS,FunTFBS
LOC_Os01g07120,LOC_Os09g09430,motif,merged
LOC_Os01g07120,LOC_Os10g27450,"FunTFBS, motif, motif_CE",merged
LOC_Os01g07120,LOC_Os06g23970,motif,merged
LOC_Os01g07120,LOC_Os06g33460,motif,merged
LOC_Os01g07120,LOC_Os04g49280,motif,merged
LOC_Os01g07120,LOC_Os08g01900,motif,merged
LOC_Os01g07120,LOC_Os08g31590,motif,merged
LOC_Os01g07120,LOC_Os01g08180,motif,merged
LOC_Os01g07120,LOC_Os06g46090,motif,merged
LOC_Os01g07120,LOC_Os11g02650,motif,merged
LOC_Os01g07120,LOC_Os12g08980,motif,merged
LOC_Os01g07120,LOC_Os01g29710,motif,merged
LOC_Os01g07120,LOC_Os05g07030,motif_CE,motif_CE
LOC_Os01g07120,LOC_Os04g42730,motif,merged
LOC_Os01g07120,LOC_Os09g33559,motif,merged
LOC_Os01g07120,LOC_Os12g19710,motif,merged
LOC_Os01g07120,LOC_Os10g25260,FunTFBS,FunTFBS
LOC_Os01g07120,LOC_Os05g49490,motif,merged
LOC_Os01g07120,LOC_Os01g16910,motif_CE,motif_CE
LOC_Os01g07120,LOC_Os11g29390,motif,merged
LOC_Os01g07120,LOC_Os02g40440,motif,merged
LOC_Os01g07120,LOC_Os03g21710,motif_CE,motif_CE
LOC_Os01g07120,LOC_Os02g12960,motif,merged
LOC_Os01g07120,LOC_Os03g57080,motif,merged
LOC_Os01g07120,LOC_Os07g18420,motif,merged
LOC_Os01g07120,LOC_Os06g16170,motif,merged
LOC_Os01g07120,LOC_Os07g36670,motif,merged
LOC_Os01g07120,LOC_Os06g10800,"motif, motif_CE",merged
LOC_Os01g07120,LOC_Os09g21450,motif_CE,motif_CE
LOC_Os01g07120,LOC_Os02g09810,FunTFBS,FunTFBS
LOC_Os01g07120,LOC_Os12g38230,motif_CE,motif_CE
LOC_Os01g07120,LOC_Os03g61330,motif_CE,motif_CE
LOC_Os01g07120,LOC_Os11g02020,motif_CE,motif_CE
LOC_Os01g07120,LOC_Os06g23810,motif,merged
LOC_Os01g07120,LOC_Os05g35080,motif,merged
LOC_Os01g07120,LOC_Os02g34960,"FunTFBS, motif, motif_CE",merged
LOC_Os01g07120,LOC_Os01g39270,motif,merged
LOC_Os01g07120,LOC_Os09g10140,motif,merged
LOC_Os01g07120,LOC_Os08g35870,motif,merged
LOC_Os01g07120,LOC_Os02g33600,motif,merged
LOC_Os01g07120,LOC_Os09g24520,motif,merged
LOC_Os01g07120,LOC_Os04g04180,motif,merged
LOC_Os01g07120,LOC_Os06g04734,motif,merged
LOC_Os01g07120,LOC_Os11g42800,"motif, motif_CE",merged
LOC_Os01g07120,LOC_Os01g21290,motif,merged
LOC_Os01g07120,LOC_Os01g14110,motif_CE,motif_CE
LOC_Os01g07120,LOC_Os10g01500,motif,merged
LOC_Os01g07120,LOC_Os04g04290,motif,merged
LOC_Os01g07120,LOC_Os12g13810,FunTFBS,FunTFBS
LOC_Os01g07120,LOC_Os07g08490,motif,merged
LOC_Os01g07120,LOC_Os05g12500,motif,merged
LOC_Os01g07120,LOC_Os07g10720,"FunTFBS, motif",merged
LOC_Os01g07120,LOC_Os10g05900,motif,merged
LOC_Os01g07120,LOC_Os07g01240,motif,merged
LOC_Os01g07120,LOC_Os01g55580,motif_CE,motif_CE
LOC_Os01g07120,LOC_Os12g35640,motif_CE,motif_CE
LOC_Os01g07120,LOC_Os10g37680,motif,merged
LOC_Os01g07120,LOC_Os01g53294,motif,merged
LOC_Os01g07120,LOC_Os01g74000,motif,merged
LOC_Os01g07120,LOC_Os02g48160,motif,merged
LOC_Os01g07120,LOC_Os03g10190,motif,merged
LOC_Os01g07120,LOC_Os11g20760,motif,merged
LOC_Os01g07120,LOC_Os03g39700,FunTFBS,FunTFBS
LOC_Os01g07120,LOC_Os04g31270,motif_CE,motif_CE
LOC_Os01g07120,LOC_Os06g33759,motif,merged
LOC_Os01g07120,LOC_Os08g15170,motif_CE,motif_CE
LOC_Os01g07120,LOC_Os10g12090,motif,merged
LOC_Os01g07120,LOC_Os05g40220,motif,merged
LOC_Os01g07120,LOC_Os12g42450,motif,merged
LOC_Os01g07120,LOC_Os03g62110,"motif, motif_CE",merged
LOC_Os01g07120,LOC_Os06g25940,"FunTFBS, motif",merged
LOC_Os01g07120,LOC_Os01g59060,motif_CE,motif_CE
LOC_Os01g07120,LOC_Os10g27060,FunTFBS,FunTFBS
LOC_Os01g07120,LOC_Os02g15060,motif,merged
LOC_Os01g07120,LOC_Os04g30070,motif,merged
LOC_Os01g07120,LOC_Os03g62920,motif,merged
LOC_Os01g07120,LOC_Os01g22309,motif,merged
LOC_Os01g07120,LOC_Os01g16354,motif,merged
LOC_Os01g07120,LOC_Os02g34790,motif,merged
LOC_Os01g07120,LOC_Os07g40930,motif_CE,motif_CE
LOC_Os01g07120,LOC_Os04g10600,motif,merged
LOC_Os01g07120,LOC_Os09g28610,motif_CE,motif_CE
LOC_Os01g07120,LOC_Os11g36440,FunTFBS,FunTFBS
LOC_Os01g07120,LOC_Os06g12950,FunTFBS,FunTFBS
LOC_Os01g07120,LOC_Os01g54784,motif,merged
LOC_Os01g07120,LOC_Os09g35670,motif_CE,motif_CE
LOC_Os01g07120,LOC_Os03g06710,motif,merged
LOC_Os01g07120,LOC_Os08g27678,motif,merged
LOC_Os01g07120,LOC_Os02g55990,motif,merged
LOC_Os01g07120,LOC_Os02g39100,motif,merged
LOC_Os01g07120,LOC_Os04g55700,motif_CE,motif_CE
LOC_Os01g07120,LOC_Os01g70050,motif,merged
LOC_Os01g07120,LOC_Os08g08460,motif,merged
LOC_Os01g07120,LOC_Os11g35900,motif,merged
LOC_Os01g07120,LOC_Os04g58310,motif,merged
LOC_Os01g07120,LOC_Os01g73690,motif_CE,motif_CE
LOC_Os01g07120,LOC_Os01g07600,motif,merged
LOC_Os01g07120,LOC_Os03g28060,motif,merged
LOC_Os01g07120,LOC_Os12g05370,FunTFBS,FunTFBS
LOC_Os01g07120,LOC_Os06g30660,motif,merged
LOC_Os01g07120,LOC_Os11g40740,motif,merged
LOC_Os01g07120,LOC_Os01g22220,motif,merged
LOC_Os01g07120,LOC_Os03g06610,motif,merged
LOC_Os01g07120,LOC_Os08g11760,motif,merged
LOC_Os01g07120,LOC_Os12g09600,"FunTFBS, motif",merged
LOC_Os01g07120,LOC_Os08g41000,"motif, motif_CE",merged
LOC_Os01g07120,LOC_Os03g60800,motif_CE,motif_CE
LOC_Os01g07120,LOC_Os11g34210,motif,merged
LOC_Os01g07120,LOC_Os12g06335,motif_CE,motif_CE
LOC_Os01g07120,LOC_Os02g43510,"FunTFBS, motif",merged
LOC_Os01g07120,LOC_Os03g44740,motif,merged
LOC_Os01g07120,LOC_Os08g26280,motif,merged
LOC_Os01g07120,LOC_Os11g06330,motif,merged
LOC_Os01g07120,LOC_Os12g05230,motif,merged
LOC_Os01g07120,LOC_Os03g16600,motif_CE,motif_CE
LOC_Os01g07120,LOC_Os11g32280,"motif, motif_CE",merged
LOC_Os01g07120,LOC_Os06g24910,motif,merged
LOC_Os01g07120,LOC_Os06g04840,motif,merged
LOC_Os01g07120,LOC_Os11g13850,"motif, motif_CE",merged
LOC_Os01g07120,LOC_Os08g39174,motif,merged
LOC_Os01g07120,LOC_Os01g41920,motif,merged
LOC_Os01g07120,LOC_Os10g39932,motif,merged
LOC_Os01g07120,LOC_Os11g34450,motif,merged
LOC_Os01g07120,LOC_Os07g41970,motif,merged
LOC_Os01g07120,LOC_Os08g39730,motif,merged
LOC_Os01g07120,LOC_Os01g39590,motif,merged
LOC_Os01g07120,LOC_Os11g09190,motif,merged
LOC_Os01g07120,LOC_Os06g35730,motif,merged
LOC_Os01g07120,LOC_Os02g35500,motif,merged
LOC_Os01g07120,LOC_Os04g46260,motif,merged
LOC_Os01g07120,LOC_Os10g36510,motif,merged
LOC_Os01g07120,LOC_Os04g56960,motif,merged
LOC_Os01g07120,LOC_Os03g25010,motif,merged
LOC_Os01g07120,LOC_Os06g38400,motif,merged
LOC_Os01g07120,LOC_Os02g19150,motif,merged
LOC_Os01g07120,LOC_Os10g33620,motif,merged
LOC_Os01g07120,LOC_Os02g35730,motif,merged
LOC_Os01g07120,LOC_Os09g31990,"motif, motif_CE",merged
LOC_Os01g07120,LOC_Os05g07030,"motif, motif_CE",merged
LOC_Os01g07120,LOC_Os07g41220,motif,merged
LOC_Os01g07120,LOC_Os09g28920,motif,merged
LOC_Os01g07120,LOC_Os03g30092,motif,merged
LOC_Os01g07120,LOC_Os04g32900,motif,merged
LOC_Os01g07120,LOC_Os07g30210,motif,merged
LOC_Os01g07120,LOC_Os01g16910,"motif, motif_CE",merged
LOC_Os01g07120,LOC_Os03g36419,motif,merged
LOC_Os01g07120,LOC_Os03g21710,"motif, motif_CE",merged
LOC_Os01g07120,LOC_Os03g24080,motif,merged
LOC_Os01g07120,LOC_Os06g41030,motif,merged
LOC_Os01g07120,LOC_Os04g31840,motif,merged
LOC_Os01g07120,LOC_Os12g19760,motif,merged
LOC_Os01g07120,LOC_Os08g08630,motif,merged
LOC_Os01g07120,LOC_Os06g31520,motif,merged
LOC_Os01g07120,LOC_Os04g31530,motif,merged
LOC_Os01g07120,LOC_Os03g21340,motif,merged
LOC_Os01g07120,LOC_Os05g19040,motif,merged
LOC_Os01g07120,LOC_Os11g08980,"motif, motif_CE",merged
LOC_Os01g07120,LOC_Os12g36660,"FunTFBS, motif",merged
LOC_Os01g07120,LOC_Os02g42210,"motif, motif_CE",merged
LOC_Os01g07120,LOC_Os03g24180,"FunTFBS, motif, motif_CE",merged
LOC_Os01g07120,LOC_Os05g25440,motif,merged
LOC_Os01g07120,LOC_Os01g20930,motif,merged
LOC_Os01g07120,LOC_Os04g40850,"motif, motif_CE",merged
LOC_Os01g07120,LOC_Os12g12970,motif,merged
LOC_Os01g07120,LOC_Os03g05680,motif_CE,motif_CE
LOC_Os01g07120,LOC_Os11g37010,motif,merged
LOC_Os01g07120,LOC_Os10g28550,motif,merged
LOC_Os01g07120,LOC_Os07g18330,motif,merged
LOC_Os01g07120,LOC_Os11g15250,motif,merged
LOC_Os01g07120,LOC_Os04g24294,motif,merged
LOC_Os01g07120,LOC_Os08g09350,motif,merged
LOC_Os01g07120,LOC_Os03g30040,motif,merged
LOC_Os01g07120,LOC_Os03g02230,motif,merged
LOC_Os01g07120,LOC_Os02g56219,"motif, motif_CE",merged
LOC_Os01g07120,LOC_Os09g21140,motif,merged
LOC_Os01g07120,LOC_Os03g40800,motif,merged
LOC_Os01g07120,LOC_Os12g40470,"motif, motif_CE",merged
LOC_Os01g07120,LOC_Os01g02480,motif,merged
LOC_Os01g07120,LOC_Os08g06100,motif,merged
LOC_Os01g07120,LOC_Os01g43880,motif,merged
LOC_Os01g07120,LOC_Os02g37290,motif,merged
LOC_Os01g07120,LOC_Os12g39610,motif,merged
LOC_Os01g07120,LOC_Os10g31520,motif,merged
LOC_Os01g07120,LOC_Os12g19570,motif,merged
LOC_Os01g07120,LOC_Os07g12570,motif,merged
LOC_Os01g07120,LOC_Os11g15130,motif,merged
LOC_Os01g07120,LOC_Os04g52090,"motif, motif_CE",merged
LOC_Os01g07120,LOC_Os06g27570,motif,merged
LOC_Os01g07120,LOC_Os03g04820,motif,merged
LOC_Os01g07120,LOC_Os10g37850,"FunTFBS, motif",merged
LOC_Os01g07120,LOC_Os08g13280,motif,merged
LOC_Os01g07120,LOC_Os12g39070,motif_CE,motif_CE
LOC_Os01g07120,LOC_Os07g01260,"FunTFBS, motif, motif_CE",merged
LOC_Os01g07120,LOC_Os09g07730,motif,merged
LOC_Os01g07120,LOC_Os09g27040,motif,merged
LOC_Os01g07120,ChrUn.fgenesh.gene.86,"motif, motif_CE",merged
LOC_Os01g07120,LOC_Os06g14300,motif,merged
LOC_Os01g07120,LOC_Os11g07620,"FunTFBS, motif",merged
LOC_Os01g07120,LOC_Os01g74330,motif,merged
LOC_Os01g07120,LOC_Os02g02240,motif,merged
LOC_Os01g07120,LOC_Os06g32220,motif,merged
LOC_Os01g07120,LOC_Os02g09670,motif,merged
LOC_Os01g07120,LOC_Os01g68970,motif,merged
LOC_Os01g07120,LOC_Os08g09100,"motif, motif_CE",merged
LOC_Os01g07120,LOC_Os03g54240,motif,merged
LOC_Os01g07120,LOC_Os01g68070,motif,merged
LOC_Os01g07120,LOC_Os07g40930,"motif, motif_CE",merged
LOC_Os01g07120,LOC_Os01g64920,FunTFBS,FunTFBS
LOC_Os01g07120,LOC_Os12g31490,motif,merged
LOC_Os01g07120,LOC_Os09g28610,"motif, motif_CE",merged
LOC_Os01g07120,LOC_Os04g09410,motif,merged
LOC_Os01g07120,LOC_Os11g23080,motif,merged
LOC_Os01g07120,LOC_Os07g16330,motif_CE,motif_CE
LOC_Os01g07120,LOC_Os02g33790,motif,merged
LOC_Os01g07120,LOC_Os06g21130,motif,merged
LOC_Os01g07120,LOC_Os06g17610,motif,merged
LOC_Os01g07120,LOC_Os09g16610,motif,merged
LOC_Os01g07120,LOC_Os10g38850,motif,merged
LOC_Os01g07120,LOC_Os02g41450,"motif, motif_CE",merged
LOC_Os01g07120,LOC_Os02g34350,motif_CE,motif_CE
LOC_Os01g07120,LOC_Os09g34970,motif,merged
LOC_Os01g07120,LOC_Os07g45280,motif,merged
LOC_Os01g07120,LOC_Os04g07690,motif,merged
LOC_Os01g07120,LOC_Os07g46150,"motif, motif_CE",merged
LOC_Os01g07120,LOC_Os02g33700,motif,merged
LOC_Os01g07120,LOC_Os07g03377,motif,merged
LOC_Os01g07120,LOC_Os02g07930,motif,merged
LOC_Os01g07120,LOC_Os03g59550,"FunTFBS, motif, motif_CE",merged
LOC_Os01g07120,LOC_Os11g40860,motif,merged
LOC_Os01g07120,LOC_Os04g41030,motif,merged
LOC_Os01g07120,LOC_Os05g43130,motif,merged
LOC_Os01g07120,LOC_Os12g13720,"motif, motif_CE",merged
LOC_Os01g07120,LOC_Os08g06870,motif_CE,motif_CE
LOC_Os01g07120,LOC_Os04g02160,motif,merged
LOC_Os01g07120,LOC_Os01g53720,motif,merged
LOC_Os01g07120,LOC_Os05g41530,motif,merged
LOC_Os01g07120,LOC_Os02g47730,motif,merged
LOC_Os01g07120,LOC_Os09g28380,motif_CE,motif_CE
LOC_Os01g07120,LOC_Os08g43070,motif,merged
LOC_Os01g07120,LOC_Os07g08260,motif,merged
LOC_Os01g07120,LOC_Os07g28590,motif,merged
LOC_Os01g07120,LOC_Os03g11220,"motif, motif_CE",merged
LOC_Os01g07120,LOC_Os12g23190,motif_CE,motif_CE
LOC_Os01g07120,LOC_Os06g24320,motif,merged
LOC_Os01g07120,LOC_Os05g05220,motif_CE,motif_CE
LOC_Os01g07120,LOC_Os12g11620,motif,merged
LOC_Os01g07120,LOC_Os08g09900,"FunTFBS, motif, motif_CE",merged
LOC_Os01g07120,LOC_Os01g17300,motif,merged
LOC_Os01g07120,LOC_Os03g32090,motif,merged
LOC_Os01g07120,LOC_Os06g43160,motif,merged
LOC_Os01g07120,LOC_Os09g20820,motif_CE,motif_CE
LOC_Os01g07120,LOC_Os06g51200,motif,merged
LOC_Os01g07120,LOC_Os04g17280,motif,merged
LOC_Os01g07120,LOC_Os06g16950,motif,merged
LOC_Os01g07120,LOC_Os08g27070,motif_CE,motif_CE
LOC_Os01g07120,LOC_Os09g23370,motif_CE,motif_CE
LOC_Os01g07120,LOC_Os11g07090,motif,merged
LOC_Os01g07120,LOC_Os07g14680,motif,merged
LOC_Os01g07120,LOC_Os07g43060,"motif, motif_CE",merged
LOC_Os01g07120,LOC_Os11g14170,FunTFBS,FunTFBS
LOC_Os01g07120,LOC_Os01g36110,motif,merged
LOC_Os01g07120,LOC_Os12g34380,motif_CE,motif_CE
LOC_Os01g07120,LOC_Os04g37520,motif,merged
LOC_Os01g07120,LOC_Os05g46280,motif_CE,motif_CE
LOC_Os01g07120,LOC_Os02g52080,motif,merged
LOC_Os01g07120,LOC_Os05g40890,motif,merged
LOC_Os01g07120,LOC_Os11g07350,motif,merged
LOC_Os01g07120,LOC_Os07g26390,motif,merged
LOC_Os01g07120,LOC_Os01g35990,motif,merged
LOC_Os01g07120,LOC_Os02g47140,FunTFBS,FunTFBS
LOC_Os01g07120,LOC_Os10g33850,motif,merged
LOC_Os01g07120,LOC_Os08g06160,motif,merged
LOC_Os01g07120,LOC_Os06g49810,motif_CE,motif_CE
LOC_Os01g07120,LOC_Os04g17130,motif_CE,motif_CE
LOC_Os01g07120,LOC_Os12g34796,"FunTFBS, motif",merged
LOC_Os01g07120,LOC_Os04g42200,motif_CE,motif_CE
LOC_Os01g07120,LOC_Os05g11390,motif,merged
LOC_Os01g07120,LOC_Os02g27450,FunTFBS,FunTFBS
LOC_Os01g07120,LOC_Os02g05440,motif,merged
LOC_Os01g07120,LOC_Os06g06410,"FunTFBS, motif, motif_CE",merged
LOC_Os01g07120,LOC_Os11g41260,motif,merged
LOC_Os01g07120,LOC_Os12g19600,motif_CE,motif_CE
LOC_Os01g07120,LOC_Os12g38230,"motif, motif_CE",merged
LOC_Os01g07120,LOC_Os02g07110,motif,merged
LOC_Os01g07120,LOC_Os07g30480,motif,merged
LOC_Os01g07120,LOC_Os01g08510,motif_CE,motif_CE
LOC_Os01g07120,LOC_Os03g05680,"motif, motif_CE",merged
LOC_Os01g07120,LOC_Os11g02840,motif,merged
LOC_Os01g07120,LOC_Os05g47720,motif,merged
LOC_Os01g07120,LOC_Os11g05240,motif,merged
LOC_Os01g07120,LOC_Os01g09130,motif,merged
LOC_Os01g07120,LOC_Os10g12330,motif,merged
LOC_Os01g07120,LOC_Os06g03370,motif,merged
LOC_Os01g07120,LOC_Os06g20090,motif,merged
LOC_Os01g07120,LOC_Os07g42610,"motif, motif_CE",merged
LOC_Os01g07120,LOC_Os07g36830,"motif, motif_CE",merged
LOC_Os01g07120,LOC_Os11g06070,motif,merged
LOC_Os01g07120,LOC_Os08g13610,motif,merged
LOC_Os01g07120,LOC_Os05g05310,motif,merged
LOC_Os01g07120,LOC_Os02g43570,motif,merged
LOC_Os01g07120,LOC_Os02g18220,motif,merged
LOC_Os01g07120,LOC_Os11g25740,motif,merged
LOC_Os01g07120,LOC_Os06g50460,motif,merged
LOC_Os01g07120,LOC_Os03g01960,motif_CE,motif_CE
LOC_Os01g07120,LOC_Os02g04460,motif_CE,motif_CE
LOC_Os01g07120,LOC_Os03g58410,motif,merged
LOC_Os01g07120,LOC_Os08g08980,motif,merged
LOC_Os01g07120,LOC_Os04g57490,motif,merged
LOC_Os01g07120,LOC_Os01g66000,motif,merged
LOC_Os01g07120,LOC_Os11g06860,motif_CE,motif_CE
LOC_Os01g07120,LOC_Os08g17920,motif,merged
LOC_Os01g07120,LOC_Os02g57510,motif_CE,motif_CE
LOC_Os01g07120,LOC_Os12g35640,"motif, motif_CE",merged
LOC_Os01g07120,LOC_Os11g04940,motif,merged
LOC_Os01g07120,LOC_Os01g55260,motif,merged
LOC_Os01g07120,LOC_Os10g12380,motif,merged
LOC_Os01g07120,LOC_Os08g17950,motif,merged
LOC_Os01g07120,LOC_Os10g25620,motif,merged
LOC_Os01g07120,LOC_Os01g62730,motif,merged
LOC_Os01g07120,LOC_Os07g03120,motif,merged
LOC_Os01g07120,LOC_Os07g20260,motif,merged
LOC_Os01g07120,LOC_Os10g03610,motif,merged
LOC_Os01g07120,LOC_Os11g42310,motif,merged
LOC_Os01g07120,LOC_Os08g03530,motif,merged
LOC_Os01g07120,LOC_Os10g34902,motif,merged
LOC_Os01g07120,LOC_Os05g15400,"FunTFBS, motif",merged
LOC_Os01g07120,LOC_Os09g21689,motif,merged
LOC_Os01g07120,LOC_Os12g37090,FunTFBS,FunTFBS
LOC_Os01g07120,LOC_Os04g52800,motif,merged
LOC_Os01g07120,LOC_Os08g01510,motif,merged
LOC_Os01g07120,LOC_Os08g05300,motif,merged
LOC_Os01g07120,LOC_Os10g22869,motif,merged
LOC_Os01g07120,LOC_Os05g12060,motif,merged
LOC_Os01g07120,LOC_Os05g12370,motif,merged
LOC_Os01g07120,LOC_Os02g24134,motif,merged
LOC_Os01g07120,LOC_Os09g08810,motif,merged
LOC_Os01g07120,LOC_Os06g07660,motif,merged
LOC_Os01g07120,LOC_Os08g05270,motif,merged
LOC_Os01g07120,LOC_Os08g33120,motif,merged
LOC_Os01g07120,LOC_Os03g44300,motif_CE,motif_CE
LOC_Os01g07120,LOC_Os05g49030,motif_CE,motif_CE
LOC_Os01g07120,LOC_Os02g46090,motif_CE,motif_CE
LOC_Os01g07120,LOC_Os09g15400,motif,merged
LOC_Os01g07120,LOC_Os06g51370,motif,merged
LOC_Os01g07120,LOC_Os03g03900,motif,merged
LOC_Os01g07120,LOC_Os05g28020,motif,merged
LOC_Os01g07120,LOC_Os07g10370,"FunTFBS, motif",merged
LOC_Os01g07120,LOC_Os04g08120,motif,merged
LOC_Os01g07120,LOC_Os06g15520,motif,merged
LOC_Os01g07120,LOC_Os08g29900,motif,merged
LOC_Os01g07120,LOC_Os08g07020,motif_CE,motif_CE
LOC_Os01g07120,LOC_Os02g04570,motif,merged
LOC_Os01g07120,LOC_Os11g06530,motif,merged
LOC_Os01g07120,LOC_Os01g73690,"motif, motif_CE",merged
LOC_Os01g07120,LOC_Os01g49770,motif,merged
LOC_Os01g07120,LOC_Os11g42850,motif,merged
LOC_Os01g07120,LOC_Os07g12590,FunTFBS,FunTFBS
LOC_Os01g07120,LOC_Os12g05980,"motif, motif_CE",merged
LOC_Os01g07120,LOC_Os12g38880,FunTFBS,FunTFBS
LOC_Os01g07120,LOC_Os05g02010,motif_CE,motif_CE
LOC_Os01g07120,LOC_Os11g05600,motif_CE,motif_CE
LOC_Os01g07120,LOC_Os12g28400,motif,merged
LOC_Os01g07120,LOC_Os12g38610,motif_CE,motif_CE
LOC_Os01g07120,LOC_Os04g32150,FunTFBS,FunTFBS
LOC_Os01g07120,LOC_Os10g08120,motif,merged
LOC_Os01g07120,LOC_Os09g26910,motif,merged
LOC_Os01g07120,LOC_Os01g12460,"FunTFBS, motif, motif_CE",merged
LOC_Os01g07120,LOC_Os03g45480,motif,merged
LOC_Os01g07120,LOC_Os04g43700,"motif, motif_CE",merged
LOC_Os01g07120,LOC_Os08g34910,motif_CE,motif_CE
LOC_Os01g07120,LOC_Os06g06510,motif,merged
LOC_Os01g07120,LOC_Os03g30050,motif,merged
LOC_Os01g07120,LOC_Os04g34220,motif,merged
LOC_Os01g07120,LOC_Os10g32740,motif,merged
LOC_Os01g07120,LOC_Os01g40820,FunTFBS,FunTFBS
LOC_Os01g07120,LOC_Os08g12960,motif,merged
LOC_Os01g07120,LOC_Os07g17070,motif,merged
LOC_Os01g07120,LOC_Os03g22740,"motif, motif_CE",merged
LOC_Os01g07120,LOC_Os01g05850,motif_CE,motif_CE
LOC_Os01g07120,LOC_Os02g12120,motif,merged
LOC_Os01g07120,LOC_Os01g16320,motif,merged
LOC_Os01g07120,LOC_Os08g05280,FunTFBS,FunTFBS
LOC_Os01g07120,LOC_Os02g57854,motif,merged
LOC_Os01g07120,LOC_Os10g12650,motif,merged
LOC_Os01g07120,LOC_Os06g38250,motif,merged
LOC_Os01g07120,LOC_Os03g09920,motif_CE,motif_CE
LOC_Os01g07120,LOC_Os06g04195,motif,merged
LOC_Os01g07120,LOC_Os10g37670,"motif, motif_CE",merged
LOC_Os01g07120,LOC_Os09g34980,motif,merged
LOC_Os01g07120,LOC_Os03g19980,motif,merged
LOC_Os01g07120,LOC_Os05g32070,"motif, motif_CE",merged
LOC_Os01g07120,LOC_Os03g45880,motif,merged
LOC_Os01g07120,LOC_Os07g28760,motif,merged
LOC_Os01g07120,LOC_Os04g07090,motif,merged
LOC_Os01g07120,LOC_Os06g41580,motif,merged
LOC_Os01g07120,LOC_Os04g10890,motif,merged
LOC_Os01g07120,LOC_Os01g68810,motif_CE,motif_CE
LOC_Os01g07120,LOC_Os03g58750,motif,merged
LOC_Os01g07120,LOC_Os05g05320,"FunTFBS, motif, motif_CE",merged
LOC_Os01g07120,LOC_Os12g07480,motif_CE,motif_CE
LOC_Os01g07120,LOC_Os05g46280,"motif, motif_CE",merged
LOC_Os01g07120,LOC_Os08g03810,motif,merged
LOC_Os01g07120,LOC_Os11g42110,motif,merged
LOC_Os01g07120,LOC_Os05g30820,motif,merged
LOC_Os01g07120,LOC_Os06g49810,"motif, motif_CE",merged
LOC_Os01g07120,LOC_Os09g27880,motif,merged
LOC_Os01g07120,LOC_Os02g35590,"motif, motif_CE",merged
LOC_Os01g07120,LOC_Os05g02240,motif,merged
LOC_Os01g07120,LOC_Os02g04690,motif,merged
LOC_Os01g07120,LOC_Os12g19600,"motif, motif_CE",merged
LOC_Os01g07120,LOC_Os02g34950,motif_CE,motif_CE
LOC_Os01g07120,LOC_Os03g29350,motif,merged
LOC_Os01g07120,LOC_Os11g14310,motif,merged
LOC_Os01g07120,LOC_Os01g08510,"motif, motif_CE",merged
LOC_Os01g07120,LOC_Os04g31630,motif,merged
LOC_Os01g07120,LOC_Os06g06230,motif,merged
LOC_Os01g07120,LOC_Os02g39280,"motif, motif_CE",merged
LOC_Os01g07120,LOC_Os12g02880,motif_CE,motif_CE
LOC_Os01g07120,LOC_Os08g30560,FunTFBS,FunTFBS
LOC_Os01g07120,LOC_Os04g23710,"FunTFBS, motif",merged
LOC_Os01g07120,LOC_Os07g24870,motif,merged
LOC_Os01g07120,LOC_Os01g20894,motif,merged
LOC_Os01g07120,LOC_Os08g04630,motif,merged
LOC_Os01g07120,LOC_Os12g02180,motif,merged
LOC_Os01g07120,LOC_Os08g23900,motif,merged
LOC_Os01g07120,LOC_Os12g21500,FunTFBS,FunTFBS
LOC_Os01g07120,LOC_Os06g43210,motif,merged
LOC_Os01g07120,LOC_Os01g08320,motif,merged
LOC_Os01g07120,LOC_Os03g53520,motif_CE,motif_CE
LOC_Os01g07120,LOC_Os09g17240,motif,merged
LOC_Os01g07120,LOC_Os11g08569,motif,merged
LOC_Os01g07120,LOC_Os04g44540,motif_CE,motif_CE
LOC_Os01g07120,LOC_Os08g42540,motif_CE,motif_CE
LOC_Os01g07120,LOC_Os11g06860,"motif, motif_CE",merged
LOC_Os01g07120,LOC_Os02g17230,motif,merged
LOC_Os01g07120,LOC_Os11g32790,motif,merged
LOC_Os01g07120,LOC_Os11g19540,FunTFBS,FunTFBS
LOC_Os01g07120,LOC_Os03g29630,motif,merged
LOC_Os01g07120,LOC_Os01g41680,motif,merged
LOC_Os01g07120,LOC_Os11g10850,"FunTFBS, motif",merged
LOC_Os01g07120,LOC_Os10g01870,motif,merged
LOC_Os01g07120,LOC_Os12g42044,motif,merged
LOC_Os01g07120,LOC_Os01g50100,motif,merged
LOC_Os01g07120,LOC_Os07g03060,motif,merged
LOC_Os01g07120,LOC_Os05g51970,motif,merged
LOC_Os01g07120,LOC_Os05g16320,motif,merged
LOC_Os01g07120,LOC_Os01g49420,motif,merged
LOC_Os01g07120,LOC_Os07g38370,motif,merged
LOC_Os01g07120,LOC_Os05g49890,motif,merged
LOC_Os01g07120,LOC_Os12g39130,motif_CE,motif_CE
LOC_Os01g07120,LOC_Os02g46090,"motif, motif_CE",merged
LOC_Os01g07120,ChrSy.fgenesh.gene.13,motif,merged
LOC_Os01g07120,LOC_Os01g01810,motif,merged
LOC_Os01g07120,LOC_Os12g07010,FunTFBS,FunTFBS
LOC_Os01g07120,LOC_Os01g10780,FunTFBS,FunTFBS
LOC_Os01g07120,LOC_Os03g47980,motif,merged
LOC_Os01g07120,LOC_Os09g23160,motif,merged
LOC_Os01g07120,ChrSy.fgenesh.gene.28,motif_CE,motif_CE
LOC_Os01g07120,LOC_Os03g11790,motif,merged
LOC_Os01g07120,LOC_Os04g57150,motif_CE,motif_CE
LOC_Os01g07120,LOC_Os08g34460,motif,merged
LOC_Os01g07120,LOC_Os05g18070,motif,merged
LOC_Os01g07120,LOC_Os07g44470,motif,merged
LOC_Os01g07120,LOC_Os02g50374,motif_CE,motif_CE
LOC_Os01g07120,LOC_Os12g41930,"motif, motif_CE",merged
LOC_Os01g07120,LOC_Os09g12210,motif,merged
LOC_Os01g07120,LOC_Os11g05600,"motif, motif_CE",merged
LOC_Os01g07120,LOC_Os11g07480,motif_CE,motif_CE
LOC_Os01g07120,LOC_Os10g16450,motif,merged
LOC_Os01g07120,LOC_Os10g14160,FunTFBS,FunTFBS
LOC_Os01g07120,LOC_Os03g50380,FunTFBS,FunTFBS
LOC_Os01g07120,LOC_Os06g01770,motif,merged
LOC_Os01g07120,LOC_Os09g26110,motif,merged
LOC_Os01g07120,LOC_Os02g37862,motif_CE,motif_CE
LOC_Os01g07120,LOC_Os01g13590,FunTFBS,FunTFBS
LOC_Os01g07120,LOC_Os01g36690,motif_CE,motif_CE
LOC_Os01g07120,LOC_Os04g32300,motif_CE,motif_CE
LOC_Os01g07120,LOC_Os05g05220,"motif, motif_CE",merged
LOC_Os01g07120,LOC_Os01g67440,motif,merged
LOC_Os01g07120,LOC_Os01g67750,"motif, motif_CE",merged
LOC_Os01g07120,LOC_Os04g23500,motif,merged
LOC_Os01g07120,LOC_Os10g08740,motif,merged
LOC_Os01g07120,LOC_Os11g32110,motif,merged
LOC_Os01g07120,LOC_Os04g52684,motif,merged
LOC_Os01g07120,LOC_Os01g53930,motif,merged
LOC_Os01g07120,LOC_Os06g49870,"motif, motif_CE",merged
LOC_Os01g07120,LOC_Os11g27210,motif,merged
LOC_Os01g07120,LOC_Os12g34830,motif,merged
LOC_Os01g07120,LOC_Os11g42490,motif,merged
LOC_Os01g07120,LOC_Os02g26820,motif,merged
LOC_Os01g07120,LOC_Os01g72270,motif,merged
LOC_Os01g07120,LOC_Os03g26770,motif,merged
LOC_Os01g07120,LOC_Os07g35120,motif,merged
LOC_Os01g07120,LOC_Os09g27240,motif_CE,motif_CE
LOC_Os01g07120,LOC_Os11g08170,motif,merged
LOC_Os01g07120,LOC_Os06g13020,motif_CE,motif_CE
LOC_Os01g07120,LOC_Os01g10610,motif,merged
LOC_Os01g07120,LOC_Os04g20360,motif_CE,motif_CE
LOC_Os01g07120,LOC_Os12g13760,motif,merged
LOC_Os01g07120,LOC_Os08g33720,"motif, motif_CE",merged
LOC_Os01g07120,LOC_Os04g56350,motif_CE,motif_CE
LOC_Os01g07120,LOC_Os01g19320,motif,merged
LOC_Os01g07120,LOC_Os06g51340,motif,merged
LOC_Os01g07120,LOC_Os02g02860,motif,merged
LOC_Os01g07120,LOC_Os02g48360,motif_CE,motif_CE
LOC_Os01g07120,LOC_Os11g12590,motif_CE,motif_CE
LOC_Os01g07120,LOC_Os03g42440,motif,merged
LOC_Os01g07120,LOC_Os12g02830,"motif, motif_CE",merged
LOC_Os01g07120,LOC_Os12g10960,motif,merged
LOC_Os01g07120,LOC_Os03g25140,motif_CE,motif_CE
LOC_Os01g07120,LOC_Os04g41900,motif,merged
LOC_Os01g07120,LOC_Os03g40550,motif,merged
LOC_Os01g07120,LOC_Os01g60480,motif_CE,motif_CE
LOC_Os01g07120,LOC_Os11g36210,motif,merged
LOC_Os01g07120,LOC_Os01g43480,motif,merged
LOC_Os01g07120,LOC_Os04g53960,motif,merged
LOC_Os01g07120,LOC_Os06g11920,motif,merged
LOC_Os01g07120,LOC_Os05g14570,motif,merged
LOC_Os01g07120,LOC_Os02g10970,motif,merged
LOC_Os01g07120,LOC_Os11g33050,motif,merged
LOC_Os01g07120,LOC_Os01g45150,motif,merged
LOC_Os01g07120,LOC_Os03g53520,"motif, motif_CE",merged
LOC_Os01g07120,LOC_Os12g30880,motif,merged
LOC_Os01g07120,LOC_Os01g48470,motif,merged
LOC_Os01g07120,LOC_Os01g19580,motif,merged
LOC_Os01g07120,LOC_Os01g34470,motif,merged
LOC_Os01g07120,LOC_Os03g13500,motif,merged
LOC_Os01g07120,LOC_Os04g33120,"FunTFBS, motif",merged
LOC_Os01g07120,LOC_Os01g16560,motif,merged
LOC_Os01g07120,LOC_Os02g13320,"FunTFBS, motif",merged
LOC_Os01g07120,LOC_Os02g25830,motif,merged
LOC_Os01g07120,LOC_Os02g04460,"motif, motif_CE",merged
LOC_Os01g07120,LOC_Os06g47270,"motif, motif_CE",merged
LOC_Os01g07120,LOC_Os08g05480,"motif, motif_CE",merged
LOC_Os01g07120,LOC_Os04g16190,"FunTFBS, motif",merged
LOC_Os01g07120,LOC_Os04g38850,motif_CE,motif_CE
LOC_Os01g07120,LOC_Os08g35430,motif,merged
LOC_Os01g07120,LOC_Os02g39950,motif,merged
LOC_Os01g07120,LOC_Os02g57510,"motif, motif_CE",merged
LOC_Os01g07120,LOC_Os03g54020,motif,merged
LOC_Os01g07120,LOC_Os08g33750,"FunTFBS, motif, motif_CE",merged
LOC_Os01g07120,LOC_Os08g19660,motif,merged
LOC_Os01g07120,LOC_Os02g16500,motif_CE,motif_CE
LOC_Os01g07120,LOC_Os07g31340,"motif, motif_CE",merged
LOC_Os01g07120,LOC_Os05g09590,motif,merged
LOC_Os01g07120,LOC_Os02g45580,"FunTFBS, motif",merged
LOC_Os01g07120,LOC_Os04g25180,FunTFBS,FunTFBS
LOC_Os01g07120,LOC_Os04g14530,motif,merged
LOC_Os01g07120,LOC_Os08g34150,motif,merged
LOC_Os01g07120,ChrSy.fgenesh.gene.51,motif,merged
LOC_Os01g07120,LOC_Os04g47370,motif,merged
LOC_Os01g07120,LOC_Os02g03700,motif,merged
LOC_Os01g07120,LOC_Os04g32760,FunTFBS,FunTFBS
LOC_Os01g07120,LOC_Os03g37030,FunTFBS,FunTFBS
LOC_Os01g07120,LOC_Os01g41880,motif,merged
LOC_Os01g07120,LOC_Os07g30870,motif,merged
LOC_Os01g07120,LOC_Os10g29570,"motif, motif_CE",merged
LOC_Os01g07120,LOC_Os06g38050,motif,merged
LOC_Os01g07120,LOC_Os02g15370,"FunTFBS, motif, motif_CE",merged
LOC_Os01g07120,LOC_Os01g57620,motif_CE,motif_CE
LOC_Os01g07120,LOC_Os10g34810,motif,merged
LOC_Os01g07120,LOC_Os02g26150,motif,merged
LOC_Os01g07120,LOC_Os10g29650,motif,merged
LOC_Os01g07120,LOC_Os04g47520,motif,merged
LOC_Os01g07120,LOC_Os02g04060,motif,merged
LOC_Os01g07120,LOC_Os01g66350,motif,merged
LOC_Os01g07120,LOC_Os12g35460,motif,merged
LOC_Os01g07120,LOC_Os01g56120,FunTFBS,FunTFBS
LOC_Os01g07120,LOC_Os08g07020,"motif, motif_CE",merged
LOC_Os01g07120,LOC_Os06g36710,motif,merged
LOC_Os01g07120,LOC_Os06g08250,motif,merged
LOC_Os01g07120,LOC_Os01g63780,motif_CE,motif_CE
LOC_Os01g07120,LOC_Os01g63160,"motif, motif_CE",merged
LOC_Os01g07120,LOC_Os12g10240,motif,merged
LOC_Os01g07120,LOC_Os06g46680,motif,merged
LOC_Os01g07120,LOC_Os05g44080,"motif, motif_CE",merged
LOC_Os01g07120,LOC_Os03g51040,motif_CE,motif_CE
LOC_Os01g07120,LOC_Os05g02010,"motif, motif_CE",merged
LOC_Os01g07120,LOC_Os01g56830,motif,merged
LOC_Os01g07120,LOC_Os01g70080,FunTFBS,FunTFBS
LOC_Os01g07120,LOC_Os08g44240,motif_CE,motif_CE
LOC_Os01g07120,LOC_Os08g39480,FunTFBS,FunTFBS
LOC_Os01g07120,LOC_Os11g05930,motif,merged
LOC_Os01g07120,LOC_Os09g34120,motif,merged
LOC_Os01g07120,LOC_Os01g13170,motif,merged
LOC_Os01g07120,LOC_Os03g60240,"FunTFBS, motif, motif_CE",merged
LOC_Os01g07120,LOC_Os04g10780,motif,merged
LOC_Os01g07120,LOC_Os11g04070,"motif, motif_CE",merged
LOC_Os01g07120,LOC_Os06g25090,motif,merged
LOC_Os01g07120,LOC_Os03g46780,motif,merged
LOC_Os01g07120,LOC_Os02g37862,"motif, motif_CE",merged
LOC_Os01g07120,LOC_Os06g48700,motif,merged
LOC_Os01g07120,LOC_Os08g23110,motif,merged
LOC_Os01g07120,LOC_Os04g32670,motif,merged
LOC_Os01g07120,LOC_Os12g30020,motif,merged
LOC_Os01g07120,LOC_Os10g32444,motif,merged
LOC_Os01g07120,LOC_Os03g48380,"FunTFBS, motif",merged
LOC_Os01g07120,LOC_Os07g35760,motif,merged
LOC_Os01g07120,LOC_Os07g42280,motif,merged
LOC_Os01g07120,LOC_Os04g04930,motif,merged
LOC_Os01g07120,LOC_Os05g04830,FunTFBS,FunTFBS
LOC_Os01g07120,LOC_Os04g04340,motif,merged
LOC_Os01g07120,LOC_Os11g03840,motif,merged
LOC_Os01g07120,LOC_Os01g59980,motif,merged
LOC_Os01g07120,LOC_Os08g36870,motif,merged
LOC_Os01g07120,LOC_Os05g32690,motif,merged
LOC_Os01g07120,LOC_Os02g56990,motif_CE,motif_CE
LOC_Os01g07120,LOC_Os09g27240,"motif, motif_CE",merged
LOC_Os01g07120,LOC_Os03g18570,"motif, motif_CE",merged
LOC_Os01g07120,LOC_Os05g05140,motif,merged
LOC_Os01g07120,LOC_Os06g09950,FunTFBS,FunTFBS
LOC_Os01g07120,LOC_Os03g43850,"motif, motif_CE",merged
LOC_Os01g07120,LOC_Os06g13020,"motif, motif_CE",merged
LOC_Os01g07120,LOC_Os07g11830,motif,merged
LOC_Os01g07120,LOC_Os01g58510,"motif, motif_CE",merged
LOC_Os01g07120,LOC_Os12g07310,motif,merged
LOC_Os01g07120,LOC_Os02g09890,motif_CE,motif_CE
LOC_Os01g07120,LOC_Os04g34100,motif_CE,motif_CE
LOC_Os01g07120,LOC_Os11g16400,motif,merged
LOC_Os01g07120,LOC_Os12g35290,motif,merged
LOC_Os01g07120,LOC_Os12g03800,FunTFBS,FunTFBS
LOC_Os01g07120,LOC_Os06g44170,motif,merged
LOC_Os01g07120,LOC_Os12g30990,motif,merged
LOC_Os01g07120,LOC_Os05g33810,motif,merged
LOC_Os01g07120,LOC_Os06g11800,motif,merged
LOC_Os01g07120,LOC_Os07g36000,motif,merged
LOC_Os01g07120,LOC_Os10g37760,motif,merged
LOC_Os01g07120,LOC_Os08g08930,motif,merged
LOC_Os01g07120,LOC_Os10g11600,motif,merged
LOC_Os01g07120,LOC_Os04g25784,motif,merged
LOC_Os01g07120,LOC_Os06g29010,motif,merged
LOC_Os01g07120,LOC_Os06g51530,motif,merged
LOC_Os01g07120,LOC_Os11g26160,"motif, motif_CE",merged
LOC_Os01g07120,LOC_Os02g16630,motif,merged
LOC_Os01g07120,LOC_Os07g08180,"motif, motif_CE",merged
LOC_Os01g07120,LOC_Os04g28090,motif,merged
LOC_Os01g07120,LOC_Os03g14500,motif,merged
LOC_Os01g07120,LOC_Os03g35720,"FunTFBS, motif",merged
LOC_Os01g07120,LOC_Os08g23730,FunTFBS,FunTFBS
LOC_Os01g07120,LOC_Os04g03860,motif,merged
LOC_Os01g07120,LOC_Os11g34410,motif,merged
LOC_Os01g07120,LOC_Os08g22020,motif,merged
LOC_Os01g07120,LOC_Os09g04480,"FunTFBS, motif",merged
LOC_Os01g07120,LOC_Os11g34750,FunTFBS,FunTFBS
LOC_Os01g07120,LOC_Os04g21060,motif,merged
LOC_Os01g07120,LOC_Os02g47200,motif,merged
LOC_Os01g07120,LOC_Os06g45170,motif,merged
LOC_Os01g07120,LOC_Os07g32670,motif,merged
LOC_Os01g07120,LOC_Os07g15650,motif,merged
LOC_Os01g07120,LOC_Os01g40094,motif,merged
LOC_Os01g07120,LOC_Os10g41050,motif,merged
LOC_Os01g07120,LOC_Os11g45570,motif,merged
LOC_Os01g07120,LOC_Os09g03050,motif,merged
LOC_Os01g07120,LOC_Os06g45310,motif,merged
LOC_Os01g07120,LOC_Os02g14900,motif_CE,motif_CE
LOC_Os01g07120,LOC_Os07g23970,motif,merged
LOC_Os01g07120,LOC_Os10g05200,motif,merged
LOC_Os01g07120,LOC_Os07g47370,"motif, motif_CE",merged
LOC_Os01g07120,LOC_Os10g27300,motif,merged
LOC_Os01g07120,LOC_Os05g12120,motif,merged
LOC_Os01g07120,LOC_Os03g39780,motif,merged
LOC_Os01g07120,LOC_Os10g34310,FunTFBS,FunTFBS
LOC_Os01g07120,LOC_Os05g38440,motif,merged
LOC_Os01g07120,LOC_Os10g10350,"FunTFBS, motif, motif_CE",merged
LOC_Os01g07120,LOC_Os02g11700,motif,merged
LOC_Os01g07120,LOC_Os04g58600,motif_CE,motif_CE
LOC_Os01g07120,LOC_Os07g22024,FunTFBS,FunTFBS
LOC_Os01g07120,LOC_Os10g25660,motif,merged
LOC_Os01g07120,LOC_Os03g33012,motif,merged
LOC_Os01g07120,LOC_Os05g41760,motif,merged
LOC_Os01g07120,LOC_Os02g50120,motif,merged
LOC_Os01g07120,LOC_Os05g37140,motif,merged
LOC_Os01g07120,LOC_Os04g51180,"motif, motif_CE",merged
LOC_Os01g07120,LOC_Os01g41040,motif,merged
LOC_Os01g07120,LOC_Os03g40780,FunTFBS,FunTFBS
LOC_Os01g07120,LOC_Os02g04120,motif,merged
LOC_Os01g07120,LOC_Os06g51029,"motif, motif_CE",merged
LOC_Os01g07120,LOC_Os11g34200,motif,merged
LOC_Os01g07120,LOC_Os05g22990,motif,merged
LOC_Os01g07120,LOC_Os07g17060,motif,merged
LOC_Os01g07120,LOC_Os09g35880,motif,merged
LOC_Os01g07120,LOC_Os08g43470,motif,merged
LOC_Os01g07120,LOC_Os09g26320,motif,merged
LOC_Os01g07120,LOC_Os11g15220,motif,merged
LOC_Os01g07120,LOC_Os04g25400,motif,merged
LOC_Os01g07120,LOC_Os03g21100,motif,merged
LOC_Os01g07120,LOC_Os02g26810,motif,merged
LOC_Os01g07120,LOC_Os04g57150,"motif, motif_CE",merged
LOC_Os01g07120,LOC_Os04g51130,motif,merged
LOC_Os01g07120,LOC_Os01g63780,"motif, motif_CE",merged
LOC_Os01g07120,LOC_Os02g50374,"motif, motif_CE",merged
LOC_Os01g07120,LOC_Os01g10230,"FunTFBS, motif",merged
LOC_Os01g07120,LOC_Os06g15550,motif,merged
LOC_Os01g07120,LOC_Os05g44980,motif,merged
LOC_Os01g07120,LOC_Os11g01880,motif,merged
LOC_Os01g07120,LOC_Os12g13380,motif,merged
LOC_Os01g07120,LOC_Os03g03190,motif,merged
LOC_Os01g07120,LOC_Os05g14310,FunTFBS,FunTFBS
LOC_Os01g07120,LOC_Os10g20480,motif,merged
LOC_Os01g07120,LOC_Os04g28280,motif,merged
LOC_Os01g07120,LOC_Os08g38110,motif,merged
LOC_Os01g07120,LOC_Os04g33300,"FunTFBS, motif, motif_CE",merged
LOC_Os01g07120,LOC_Os02g28930,motif,merged
LOC_Os01g07120,LOC_Os06g02120,motif,merged
LOC_Os01g07120,LOC_Os07g02400,FunTFBS,FunTFBS
LOC_Os01g07120,LOC_Os02g46990,motif,merged
LOC_Os01g07120,LOC_Os04g06650,motif,merged
LOC_Os01g07120,LOC_Os01g48390,motif,merged
LOC_Os01g07120,LOC_Os01g63040,motif,merged
LOC_Os01g07120,LOC_Os11g12170,motif,merged
LOC_Os01g07120,LOC_Os02g39730,"motif, motif_CE",merged
LOC_Os01g07120,LOC_Os12g14764,motif,merged
LOC_Os01g07120,LOC_Os07g33670,motif_CE,motif_CE
LOC_Os01g07120,LOC_Os03g62420,"motif, motif_CE",merged
LOC_Os01g07120,LOC_Os07g22280,motif,merged
LOC_Os01g07120,LOC_Os11g36350,motif,merged
LOC_Os01g07120,LOC_Os06g34710,motif,merged
LOC_Os01g07120,LOC_Os03g33760,motif,merged
LOC_Os01g07120,LOC_Os11g26420,FunTFBS,FunTFBS
LOC_Os01g07120,LOC_Os12g05334,motif,merged
LOC_Os01g07120,LOC_Os02g27880,motif,merged
LOC_Os01g07120,LOC_Os03g63330,motif,merged
LOC_Os01g07120,LOC_Os02g31190,FunTFBS,FunTFBS
LOC_Os01g07120,LOC_Os01g04110,motif,merged
LOC_Os01g07120,LOC_Os06g28230,motif,merged
LOC_Os01g07120,LOC_Os01g64300,motif,merged
LOC_Os01g07120,LOC_Os12g18670,"FunTFBS, motif",merged
LOC_Os01g07120,ChrUn.fgenesh.gene.85,motif,merged
LOC_Os01g07120,LOC_Os07g13980,motif,merged
LOC_Os01g07120,LOC_Os01g71650,motif,merged
LOC_Os01g07120,LOC_Os05g32670,motif,merged
LOC_Os01g07120,LOC_Os01g60500,motif,merged
LOC_Os01g07120,LOC_Os08g05880,motif,merged
LOC_Os01g07120,LOC_Os03g54890,"motif, motif_CE",merged
LOC_Os01g07120,LOC_Os02g58510,motif_CE,motif_CE
LOC_Os01g07120,LOC_Os08g09300,motif,merged
LOC_Os01g07120,LOC_Os09g32770,"motif, motif_CE",merged
LOC_Os01g07120,LOC_Os07g48000,motif,merged
LOC_Os01g07120,LOC_Os06g34880,motif,merged
LOC_Os01g07120,LOC_Os04g31580,motif,merged
LOC_Os01g07120,LOC_Os05g04160,motif_CE,motif_CE
LOC_Os01g07120,LOC_Os05g02020,motif,merged
LOC_Os01g07120,LOC_Os01g49080,motif,merged
LOC_Os01g07120,LOC_Os08g15080,motif_CE,motif_CE
LOC_Os01g07120,LOC_Os09g25600,"motif, motif_CE",merged
LOC_Os01g07120,LOC_Os03g25370,motif,merged
LOC_Os01g07120,LOC_Os01g71220,motif_CE,motif_CE
LOC_Os01g07120,LOC_Os08g06260,motif,merged
LOC_Os01g07120,LOC_Os01g74310,motif,merged
LOC_Os01g07120,LOC_Os03g50300,"motif, motif_CE",merged
LOC_Os01g07120,LOC_Os10g28330,motif_CE,motif_CE
LOC_Os01g07120,LOC_Os02g29060,"motif, motif_CE",merged
LOC_Os01g07120,LOC_Os06g18970,motif,merged
LOC_Os01g07120,LOC_Os08g37310,"FunTFBS, motif, motif_CE",merged
LOC_Os01g07120,LOC_Os10g17400,FunTFBS,FunTFBS
LOC_Os01g07120,LOC_Os07g08920,motif,merged
LOC_Os01g07120,LOC_Os04g38885,motif,merged
LOC_Os01g07120,LOC_Os03g11240,motif,merged
LOC_Os01g07120,LOC_Os05g02400,motif_CE,motif_CE
LOC_Os01g07120,LOC_Os01g70310,"motif, motif_CE",merged
LOC_Os01g07120,LOC_Os03g15050,motif,merged
LOC_Os01g07120,LOC_Os11g28900,motif,merged
LOC_Os01g07120,LOC_Os06g07430,motif,merged
LOC_Os01g07120,LOC_Os11g09170,motif,merged
LOC_Os01g07120,LOC_Os01g62360,motif,merged
LOC_Os01g07120,LOC_Os09g18280,motif_CE,motif_CE
LOC_Os01g07120,LOC_Os01g23290,motif,merged
LOC_Os01g07120,LOC_Os09g33450,motif,merged
LOC_Os01g07120,LOC_Os03g15033,motif_CE,motif_CE
LOC_Os01g07120,LOC_Os12g16450,motif,merged
LOC_Os01g07120,LOC_Os03g50780,"motif, motif_CE",merged
LOC_Os01g07120,LOC_Os02g01070,motif,merged
LOC_Os01g07120,LOC_Os06g12680,motif_CE,motif_CE
LOC_Os01g07120,LOC_Os04g59460,motif_CE,motif_CE
LOC_Os01g07120,LOC_Os01g01760,motif,merged
LOC_Os01g07120,LOC_Os07g46450,FunTFBS,FunTFBS
LOC_Os01g07120,LOC_Os12g40790,motif_CE,motif_CE
LOC_Os01g07120,LOC_Os04g44260,motif,merged
LOC_Os01g07120,LOC_Os11g36050,motif,merged
LOC_Os01g07120,LOC_Os08g25970,motif,merged
LOC_Os01g07120,LOC_Os04g52650,"FunTFBS, motif",merged
LOC_Os01g07120,LOC_Os01g18670,motif,merged
LOC_Os01g07120,LOC_Os11g22790,motif,merged
LOC_Os01g07120,LOC_Os01g66480,motif,merged
LOC_Os01g07120,LOC_Os03g26250,"motif, motif_CE",merged
LOC_Os01g07120,LOC_Os03g05210,motif,merged
LOC_Os01g07120,LOC_Os01g13730,"motif, motif_CE",merged
LOC_Os01g07120,LOC_Os03g35920,motif_CE,motif_CE
LOC_Os01g07120,LOC_Os03g44520,motif,merged
LOC_Os01g07120,LOC_Os06g48230,motif,merged
LOC_Os01g07120,LOC_Os03g02310,motif_CE,motif_CE
LOC_Os01g07120,LOC_Os06g45560,motif,merged
LOC_Os01g07120,ChrUn.fgenesh.gene.94,motif_CE,motif_CE
LOC_Os01g07120,LOC_Os07g32420,motif,merged
LOC_Os01g07120,LOC_Os05g51500,"motif, motif_CE",merged
LOC_Os01g07120,LOC_Os04g43120,motif,merged
LOC_Os01g07120,LOC_Os03g22860,"FunTFBS, motif",merged
LOC_Os01g07120,LOC_Os01g12660,motif,merged
LOC_Os01g07120,LOC_Os04g15680,motif,merged
LOC_Os01g07120,LOC_Os02g35450,motif,merged
LOC_Os01g07120,LOC_Os06g39906,"FunTFBS, motif",merged
LOC_Os01g07120,LOC_Os02g05070,motif,merged
LOC_Os01g07120,LOC_Os12g32080,motif,merged
LOC_Os01g07120,LOC_Os02g47040,"motif, motif_CE",merged
LOC_Os01g07120,LOC_Os06g07620,motif_CE,motif_CE
LOC_Os01g07120,LOC_Os06g49120,"motif, motif_CE",merged
LOC_Os01g07120,LOC_Os09g11440,motif,merged
LOC_Os01g07120,LOC_Os08g08570,motif,merged
LOC_Os01g07120,LOC_Os12g02520,FunTFBS,FunTFBS
LOC_Os01g07120,LOC_Os07g08430,motif,merged
LOC_Os01g07120,LOC_Os09g19136,motif,merged
LOC_Os01g07120,LOC_Os04g42800,motif,merged
LOC_Os01g07120,LOC_Os04g51680,motif_CE,motif_CE
LOC_Os01g07120,LOC_Os12g01360,motif,merged
LOC_Os01g07120,LOC_Os04g24165,motif,merged
LOC_Os01g07120,LOC_Os03g56390,motif,merged
LOC_Os01g07120,LOC_Os03g47790,motif,merged
LOC_Os01g07120,LOC_Os08g29680,motif,merged
LOC_Os01g07120,LOC_Os08g25980,motif,merged
LOC_Os01g07120,LOC_Os02g21870,motif_CE,motif_CE
LOC_Os01g07120,LOC_Os01g15510,motif,merged
LOC_Os01g07120,LOC_Os05g40130,motif,merged
LOC_Os01g07120,LOC_Os04g51270,"motif, motif_CE",merged
LOC_Os01g07120,LOC_Os03g33710,motif,merged
LOC_Os01g07120,LOC_Os11g43640,motif,merged
LOC_Os01g07120,LOC_Os01g20100,motif,merged
LOC_Os01g07120,LOC_Os01g05250,motif,merged
LOC_Os01g07120,LOC_Os01g60389,motif,merged
LOC_Os01g07120,LOC_Os01g06570,motif,merged
LOC_Os01g07120,LOC_Os05g30880,motif,merged
LOC_Os01g07120,LOC_Os07g14850,motif,merged
LOC_Os01g07120,LOC_Os12g39930,motif_CE,motif_CE
LOC_Os01g07120,LOC_Os05g19840,motif,merged
LOC_Os01g07120,LOC_Os09g21250,motif,merged
LOC_Os01g07120,LOC_Os01g31760,motif,merged
LOC_Os01g07120,LOC_Os02g09890,"motif, motif_CE",merged
LOC_Os01g07120,LOC_Os11g11540,motif,merged
LOC_Os01g07120,LOC_Os03g47110,motif,merged
LOC_Os01g07120,LOC_Os11g40680,motif,merged
LOC_Os01g07120,LOC_Os01g37260,motif,merged
LOC_Os01g07120,LOC_Os04g46190,motif_CE,motif_CE
LOC_Os01g07120,LOC_Os06g20060,motif,merged
LOC_Os01g07120,LOC_Os12g15300,motif,merged
LOC_Os01g07120,LOC_Os07g47280,motif,merged
LOC_Os01g07120,LOC_Os11g29620,motif,merged
LOC_Os01g07120,LOC_Os07g46300,FunTFBS,FunTFBS
LOC_Os01g07120,LOC_Os10g27260,motif,merged
LOC_Os01g07120,LOC_Os04g10360,motif_CE,motif_CE
LOC_Os01g07120,LOC_Os10g24860,motif,merged
LOC_Os01g07120,LOC_Os01g33630,motif,merged
LOC_Os01g07120,LOC_Os07g13100,motif,merged
LOC_Os01g07120,LOC_Os05g42980,motif,merged
LOC_Os01g07120,LOC_Os03g14070,motif,merged
LOC_Os01g07120,LOC_Os03g21870,motif_CE,motif_CE
LOC_Os01g07120,LOC_Os08g25690,motif,merged
LOC_Os01g07120,LOC_Os11g08536,motif,merged
LOC_Os01g07120,LOC_Os02g48340,motif_CE,motif_CE
LOC_Os01g07120,LOC_Os11g38400,motif,merged
LOC_Os01g07120,LOC_Os10g06600,motif_CE,motif_CE
LOC_Os01g07120,LOC_Os10g06540,"motif, motif_CE",merged
LOC_Os01g07120,LOC_Os01g18744,motif,merged
LOC_Os01g07120,LOC_Os02g53620,motif_CE,motif_CE
LOC_Os01g07120,LOC_Os09g10610,motif,merged
LOC_Os01g07120,LOC_Os01g39134,motif_CE,motif_CE
LOC_Os01g07120,LOC_Os03g38870,motif,merged
LOC_Os01g07120,LOC_Os07g32530,"FunTFBS, motif, motif_CE",merged
LOC_Os01g07120,LOC_Os09g32025,"motif, motif_CE",merged
LOC_Os01g07120,LOC_Os10g23100,"FunTFBS, motif",merged
LOC_Os01g07120,LOC_Os09g21280,motif,merged
LOC_Os01g07120,LOC_Os09g26060,motif,merged
LOC_Os01g07120,LOC_Os09g04720,motif,merged
LOC_Os01g07120,LOC_Os07g36810,motif,merged
LOC_Os01g07120,LOC_Os06g02350,motif,merged
LOC_Os01g07120,LOC_Os02g14900,"motif, motif_CE",merged
LOC_Os01g07120,LOC_Os06g07250,motif,merged
LOC_Os01g07120,LOC_Os01g61920,motif,merged
LOC_Os01g07120,LOC_Os07g32340,motif,merged
LOC_Os01g07120,LOC_Os03g27280,FunTFBS,FunTFBS
LOC_Os01g07120,LOC_Os12g26570,motif,merged
LOC_Os01g07120,LOC_Os03g27260,"FunTFBS, motif",merged
LOC_Os01g07120,LOC_Os01g20810,motif,merged
LOC_Os01g07120,LOC_Os09g13290,motif,merged
LOC_Os01g07120,LOC_Os11g30000,"FunTFBS, motif",merged
LOC_Os01g07120,LOC_Os01g08280,motif_CE,motif_CE
LOC_Os01g07120,LOC_Os07g41564,motif_CE,motif_CE
LOC_Os01g07120,LOC_Os09g15590,motif,merged
LOC_Os01g07120,LOC_Os04g31690,motif,merged
LOC_Os01g07120,LOC_Os02g21580,FunTFBS,FunTFBS
LOC_Os01g07120,LOC_Os05g44950,"FunTFBS, motif",merged
LOC_Os01g07120,LOC_Os09g37570,motif,merged
LOC_Os01g07120,LOC_Os01g21920,motif,merged
LOC_Os01g07120,LOC_Os12g38670,"motif, motif_CE",merged
LOC_Os01g07120,LOC_Os05g08790,motif,merged
LOC_Os01g07120,LOC_Os10g27000,motif,merged
LOC_Os01g07120,ChrUn.fgenesh.gene.81,motif,merged
LOC_Os01g07120,LOC_Os04g58040,motif,merged
LOC_Os01g07120,LOC_Os12g20380,motif,merged
LOC_Os01g07120,LOC_Os04g10130,motif,merged
LOC_Os01g07120,LOC_Os03g22180,"FunTFBS, motif, motif_CE",merged
LOC_Os01g07120,LOC_Os01g14130,motif_CE,motif_CE
LOC_Os01g07120,LOC_Os07g23460,motif,merged
LOC_Os01g07120,LOC_Os01g06970,motif,merged
LOC_Os01g07120,LOC_Os06g45600,motif,merged
LOC_Os01g07120,LOC_Os09g18520,motif,merged
LOC_Os01g07120,LOC_Os11g04990,motif,merged
LOC_Os01g07120,LOC_Os12g19285,motif,merged
LOC_Os01g07120,LOC_Os02g21580,motif_CE,motif_CE
LOC_Os01g07120,LOC_Os07g35860,"motif, motif_CE",merged
LOC_Os01g07120,LOC_Os07g01600,motif,merged
LOC_Os01g07120,LOC_Os02g20020,motif,merged
LOC_Os01g07120,LOC_Os11g11750,motif,merged
LOC_Os01g07120,LOC_Os06g19500,motif,merged
LOC_Os01g07120,LOC_Os03g06980,motif_CE,motif_CE
LOC_Os01g07120,LOC_Os01g68370,motif_CE,motif_CE
LOC_Os01g07120,LOC_Os01g60790,"FunTFBS, motif",merged
LOC_Os01g07120,LOC_Os05g10400,motif,merged
LOC_Os01g07120,LOC_Os05g25100,motif,merged
LOC_Os01g07120,LOC_Os02g12290,motif_CE,motif_CE
LOC_Os01g07120,LOC_Os03g54930,"FunTFBS, motif, motif_CE",merged
LOC_Os01g07120,LOC_Os05g18120,motif,merged
LOC_Os01g07120,LOC_Os01g43130,motif,merged
LOC_Os01g07120,LOC_Os08g43600,motif,merged
LOC_Os01g07120,LOC_Os03g08420,motif,merged
LOC_Os01g07120,LOC_Os05g28350,motif_CE,motif_CE
LOC_Os01g07120,LOC_Os05g43180,motif_CE,motif_CE
LOC_Os01g07120,LOC_Os10g26270,motif,merged
LOC_Os01g07120,LOC_Os07g36090,"motif, motif_CE",merged
LOC_Os01g07120,LOC_Os12g12540,motif,merged
LOC_Os01g07120,LOC_Os03g61750,motif,merged
LOC_Os01g07120,LOC_Os05g39710,motif,merged
LOC_Os01g07120,LOC_Os03g53430,"FunTFBS, motif",merged
LOC_Os01g07120,LOC_Os12g27530,motif,merged
LOC_Os01g07120,LOC_Os02g13910,"FunTFBS, motif, motif_CE",merged
LOC_Os01g07120,LOC_Os03g33900,motif,merged
LOC_Os01g07120,LOC_Os01g44330,motif,merged
LOC_Os01g07120,LOC_Os08g27390,motif,merged
LOC_Os01g07120,LOC_Os03g51440,motif,merged
LOC_Os01g07120,LOC_Os02g25400,motif,merged
LOC_Os01g07120,LOC_Os08g43550,motif,merged
LOC_Os01g07120,LOC_Os11g26660,motif,merged
LOC_Os01g07120,LOC_Os02g17460,motif,merged
LOC_Os01g07120,LOC_Os07g20140,motif,merged
LOC_Os01g07120,LOC_Os01g65260,"FunTFBS, motif, motif_CE",merged
LOC_Os01g07120,LOC_Os10g17810,motif,merged
LOC_Os01g07120,LOC_Os07g24100,motif,merged
LOC_Os01g07120,LOC_Os06g13920,motif,merged
LOC_Os01g07120,LOC_Os11g08060,motif,merged
LOC_Os01g07120,LOC_Os09g35890,motif,merged
LOC_Os01g07120,LOC_Os08g29180,motif,merged
LOC_Os01g07120,LOC_Os04g05250,motif,merged
LOC_Os01g07120,LOC_Os12g03860,motif,merged
LOC_Os01g07120,LOC_Os08g08040,motif,merged
LOC_Os01g07120,LOC_Os03g58710,motif,merged
LOC_Os01g07120,LOC_Os06g07270,"FunTFBS, motif",merged
LOC_Os01g07120,LOC_Os08g33650,motif,merged
LOC_Os01g07120,LOC_Os03g12170,motif,merged
LOC_Os01g07120,LOC_Os04g20140,motif,merged
LOC_Os01g07120,LOC_Os06g40940,motif_CE,motif_CE
LOC_Os01g07120,LOC_Os09g36550,FunTFBS,FunTFBS
LOC_Os01g07120,LOC_Os09g20660,FunTFBS,FunTFBS
LOC_Os01g07120,LOC_Os08g13490,motif,merged
LOC_Os01g07120,LOC_Os01g27060,motif,merged
LOC_Os01g07120,LOC_Os01g19080,motif,merged
LOC_Os01g07120,LOC_Os05g32660,motif,merged
LOC_Os01g07120,LOC_Os04g09800,motif,merged
LOC_Os01g07120,LOC_Os03g21870,"motif, motif_CE",merged
LOC_Os01g07120,LOC_Os03g58140,motif,merged
LOC_Os01g07120,LOC_Os05g46050,motif,merged
LOC_Os01g07120,LOC_Os03g46870,motif,merged
LOC_Os01g07120,LOC_Os10g09430,motif,merged
LOC_Os01g07120,LOC_Os01g58550,FunTFBS,FunTFBS
LOC_Os01g07120,LOC_Os01g59440,motif,merged
LOC_Os01g07120,LOC_Os10g31110,motif,merged
LOC_Os01g07120,LOC_Os02g53620,"motif, motif_CE",merged
LOC_Os01g07120,LOC_Os06g29910,motif,merged
LOC_Os01g07120,LOC_Os06g29880,motif,merged
LOC_Os01g07120,LOC_Os06g14340,motif,merged
LOC_Os01g07120,LOC_Os11g07500,motif_CE,motif_CE
LOC_Os01g07120,LOC_Os09g30498,motif,merged
LOC_Os01g07120,LOC_Os10g28330,"motif, motif_CE",merged
LOC_Os01g07120,LOC_Os09g23440,motif,merged
LOC_Os01g07120,LOC_Os01g55730,"FunTFBS, motif, motif_CE",merged
LOC_Os01g07120,LOC_Os06g12290,motif,merged
LOC_Os01g07120,LOC_Os03g38680,motif,merged
LOC_Os01g07120,LOC_Os12g40250,motif,merged
LOC_Os01g07120,LOC_Os12g23514,motif,merged
LOC_Os01g07120,LOC_Os01g08280,"motif, motif_CE",merged
LOC_Os01g07120,LOC_Os06g14060,motif,merged
LOC_Os01g07120,LOC_Os07g48880,motif,merged
LOC_Os01g07120,LOC_Os01g13880,"FunTFBS, motif",merged
LOC_Os01g07120,LOC_Os02g34560,motif,merged
LOC_Os01g07120,LOC_Os03g18170,motif_CE,motif_CE
LOC_Os01g07120,LOC_Os06g12660,motif_CE,motif_CE
LOC_Os01g07120,LOC_Os10g40780,"motif, motif_CE",merged
LOC_Os01g07120,LOC_Os01g39320,motif,merged
LOC_Os01g07120,LOC_Os07g39590,"motif, motif_CE",merged
LOC_Os01g07120,LOC_Os04g35480,motif,merged
LOC_Os01g07120,LOC_Os03g38070,motif,merged
LOC_Os01g07120,LOC_Os02g29520,motif,merged
LOC_Os01g07120,LOC_Os04g46380,motif_CE,motif_CE
LOC_Os01g07120,LOC_Os08g42650,motif,merged
LOC_Os01g07120,LOC_Os01g14130,"motif, motif_CE",merged
LOC_Os01g07120,LOC_Os01g44250,"motif, motif_CE",merged
LOC_Os01g07120,LOC_Os06g14280,motif,merged
LOC_Os01g07120,LOC_Os01g69270,motif,merged
LOC_Os01g07120,LOC_Os04g54620,motif,merged
LOC_Os01g07120,LOC_Os05g03680,motif,merged
LOC_Os01g07120,LOC_Os07g05690,motif,merged
LOC_Os01g07120,LOC_Os08g39030,motif,merged
LOC_Os01g07120,LOC_Os04g27480,motif,merged
LOC_Os01g07120,LOC_Os07g26770,motif,merged
LOC_Os01g07120,LOC_Os03g28969,motif_CE,motif_CE
LOC_Os01g07120,LOC_Os06g22150,motif_CE,motif_CE
LOC_Os01g07120,LOC_Os07g02290,motif,merged
LOC_Os01g07120,LOC_Os05g02840,motif,merged
LOC_Os01g07120,LOC_Os08g19550,motif,merged
LOC_Os01g07120,LOC_Os04g35305,FunTFBS,FunTFBS
LOC_Os01g07120,LOC_Os01g68370,"motif, motif_CE",merged
LOC_Os01g07120,LOC_Os06g09930,"FunTFBS, motif, motif_CE",merged
LOC_Os01g07120,LOC_Os03g35920,"motif, motif_CE",merged
LOC_Os01g07120,LOC_Os01g02580,motif,merged
LOC_Os01g07120,LOC_Os01g71490,motif,merged
LOC_Os01g07120,LOC_Os06g09770,motif,merged
LOC_Os01g07120,LOC_Os10g29940,motif,merged
LOC_Os01g07120,LOC_Os05g39640,"motif, motif_CE",merged
LOC_Os01g07120,LOC_Os07g36190,motif,merged
LOC_Os01g07120,LOC_Os02g12290,"motif, motif_CE",merged
LOC_Os01g07120,LOC_Os05g27250,motif,merged
LOC_Os01g07120,LOC_Os09g32880,motif,merged
LOC_Os01g07120,LOC_Os04g13770,motif,merged
LOC_Os01g07120,LOC_Os02g44710,motif,merged
LOC_Os01g07120,LOC_Os06g36210,"FunTFBS, motif, motif_CE",merged
LOC_Os01g07120,LOC_Os07g46440,"motif, motif_CE",merged
LOC_Os01g07120,LOC_Os02g41980,FunTFBS,FunTFBS
LOC_Os01g07120,LOC_Os03g57545,motif,merged
LOC_Os01g07120,LOC_Os04g58460,motif,merged
LOC_Os01g07120,LOC_Os05g31530,motif,merged
LOC_Os01g07120,LOC_Os09g32830,motif,merged
LOC_Os01g07120,LOC_Os06g30880,motif,merged
LOC_Os01g07120,LOC_Os07g16780,motif,merged
LOC_Os01g07120,LOC_Os05g06520,motif,merged
LOC_Os01g07120,LOC_Os05g43180,"motif, motif_CE",merged
LOC_Os01g07120,LOC_Os03g26940,motif,merged
LOC_Os01g07120,LOC_Os06g47340,motif,merged
LOC_Os01g07120,LOC_Os07g26920,motif,merged
LOC_Os01g07120,LOC_Os09g31290,"FunTFBS, motif",merged
LOC_Os01g07120,LOC_Os12g42950,motif,merged
LOC_Os01g07120,LOC_Os04g23660,motif,merged
LOC_Os01g07120,LOC_Os11g14810,motif,merged
LOC_Os01g07120,LOC_Os05g45310,motif,merged
LOC_Os01g07120,LOC_Os02g01410,FunTFBS,FunTFBS
LOC_Os01g07120,LOC_Os02g13710,motif,merged
LOC_Os01g07120,LOC_Os10g26710,motif,merged
LOC_Os01g07120,LOC_Os06g13170,motif,merged
LOC_Os01g07120,LOC_Os07g02240,motif,merged
LOC_Os01g07120,LOC_Os11g43410,motif,merged
LOC_Os01g07120,LOC_Os02g46820,motif,merged
LOC_Os01g07120,LOC_Os10g21560,motif,merged
LOC_Os01g07120,LOC_Os10g30610,motif,merged
LOC_Os01g07120,LOC_Os01g21780,motif,merged
LOC_Os01g07120,LOC_Os12g13150,"motif, motif_CE",merged
LOC_Os01g07120,LOC_Os07g28820,motif,merged
LOC_Os01g07120,LOC_Os07g41950,motif_CE,motif_CE
LOC_Os01g07120,LOC_Os03g59720,motif,merged
LOC_Os01g07120,LOC_Os01g06420,motif,merged
LOC_Os01g07120,LOC_Os01g03110,motif,merged
LOC_Os01g07120,LOC_Os04g30720,motif,merged
LOC_Os01g07120,LOC_Os02g43340,motif,merged
LOC_Os01g07120,LOC_Os10g29900,motif,merged
LOC_Os01g07120,LOC_Os03g25070,motif,merged
LOC_Os01g07120,LOC_Os06g49505,motif_CE,motif_CE
LOC_Os01g07120,LOC_Os05g49780,motif,merged
LOC_Os01g07120,LOC_Os11g36030,motif,merged
LOC_Os01g07120,LOC_Os10g26450,motif,merged
LOC_Os01g07120,LOC_Os03g17340,motif,merged
LOC_Os01g07120,LOC_Os06g30940,motif,merged
LOC_Os01g07120,LOC_Os11g05440,motif,merged
LOC_Os01g07120,LOC_Os01g49790,motif,merged
LOC_Os01g07120,LOC_Os03g62360,motif,merged
LOC_Os01g07120,LOC_Os11g14610,motif,merged
LOC_Os01g07120,LOC_Os06g40940,"motif, motif_CE",merged
LOC_Os01g07120,LOC_Os05g43860,motif,merged
LOC_Os01g07120,LOC_Os01g51530,"motif, motif_CE",merged
LOC_Os01g07120,LOC_Os12g38790,motif,merged
LOC_Os01g07120,LOC_Os07g32620,motif,merged
LOC_Os01g07120,LOC_Os03g14770,FunTFBS,FunTFBS
LOC_Os01g07120,LOC_Os03g58810,FunTFBS,FunTFBS
LOC_Os01g07120,LOC_Os09g20840,FunTFBS,FunTFBS
LOC_Os01g07120,LOC_Os03g02420,FunTFBS,FunTFBS
LOC_Os01g07120,LOC_Os04g43590,motif,merged
LOC_Os01g07120,LOC_Os02g48340,"motif, motif_CE",merged
LOC_Os01g07120,LOC_Os04g36730,motif,merged
LOC_Os01g07120,LOC_Os01g47360,motif_CE,motif_CE
LOC_Os01g07120,LOC_Os03g22410,motif,merged
LOC_Os01g07120,LOC_Os12g23150,"motif, motif_CE",merged
LOC_Os01g07120,LOC_Os07g04370,motif,merged
LOC_Os01g07120,LOC_Os01g04650,motif,merged
LOC_Os01g07120,LOC_Os09g28860,motif_CE,motif_CE
LOC_Os01g07120,LOC_Os01g07960,motif,merged
LOC_Os01g07120,LOC_Os04g55220,motif_CE,motif_CE
LOC_Os01g07120,LOC_Os01g36100,motif,merged
LOC_Os01g07120,LOC_Os08g01630,"FunTFBS, motif",merged
LOC_Os01g07120,LOC_Os06g51500,motif_CE,motif_CE
LOC_Os01g07120,LOC_Os03g06360,"FunTFBS, motif",merged
LOC_Os01g07120,LOC_Os03g58170,motif,merged
LOC_Os01g07120,LOC_Os04g25060,motif,merged
LOC_Os01g07120,LOC_Os12g07340,motif,merged
LOC_Os01g07120,LOC_Os08g39340,motif,merged
LOC_Os01g07120,LOC_Os07g35550,motif,merged
LOC_Os01g07120,LOC_Os10g37100,motif,merged
LOC_Os01g07120,LOC_Os06g41750,FunTFBS,FunTFBS
LOC_Os01g07120,LOC_Os11g40760,motif,merged
LOC_Os01g07120,LOC_Os01g04130,FunTFBS,FunTFBS
LOC_Os01g07120,LOC_Os04g25840,motif,merged
LOC_Os01g07120,LOC_Os01g70430,"motif, motif_CE",merged
LOC_Os01g07120,LOC_Os03g07270,motif_CE,motif_CE
LOC_Os01g07120,LOC_Os04g18920,motif,merged
LOC_Os01g07120,LOC_Os07g43270,motif,merged
LOC_Os01g07120,LOC_Os03g52670,motif,merged
LOC_Os01g07120,LOC_Os10g10724,motif,merged
LOC_Os01g07120,LOC_Os09g07620,motif,merged
LOC_Os01g07120,LOC_Os03g16460,"motif, motif_CE",merged
LOC_Os01g07120,LOC_Os07g45000,motif,merged
LOC_Os01g07120,LOC_Os04g41220,motif,merged
LOC_Os01g07120,LOC_Os10g29580,motif,merged
LOC_Os01g07120,LOC_Os01g16510,"motif, motif_CE",merged
LOC_Os01g07120,LOC_Os10g34030,"motif, motif_CE",merged
LOC_Os01g07120,LOC_Os08g06050,motif,merged
LOC_Os01g07120,LOC_Os06g47840,motif,merged
LOC_Os01g07120,LOC_Os10g14180,motif,merged
LOC_Os01g07120,LOC_Os07g41750,motif,merged
LOC_Os01g07120,LOC_Os09g26040,motif,merged
LOC_Os01g07120,LOC_Os04g46380,"motif, motif_CE",merged
LOC_Os01g07120,LOC_Os06g27910,motif,merged
LOC_Os01g07120,LOC_Os01g13080,"motif, motif_CE",merged
LOC_Os01g07120,LOC_Os08g39710,motif,merged
LOC_Os01g07120,LOC_Os10g41660,motif_CE,motif_CE
LOC_Os01g07120,LOC_Os06g06910,motif_CE,motif_CE
LOC_Os01g07120,LOC_Os05g22790,motif,merged
LOC_Os01g07120,LOC_Os12g29660,FunTFBS,FunTFBS
LOC_Os01g07120,LOC_Os02g03600,motif,merged
LOC_Os01g07120,LOC_Os01g65330,motif_CE,motif_CE
LOC_Os01g07120,LOC_Os06g19480,motif,merged
LOC_Os01g07120,LOC_Os06g04380,motif,merged
LOC_Os01g07120,LOC_Os10g04600,motif,merged
LOC_Os01g07120,LOC_Os08g10000,motif,merged
LOC_Os01g07120,LOC_Os02g26220,motif,merged
LOC_Os01g07120,LOC_Os09g21410,motif,merged
LOC_Os01g07120,LOC_Os01g61240,"motif, motif_CE",merged
LOC_Os01g07120,LOC_Os03g23935,motif,merged
LOC_Os01g07120,LOC_Os08g27240,motif,merged
LOC_Os01g07120,LOC_Os05g47650,motif,merged
LOC_Os01g07120,LOC_Os10g30820,motif,merged
LOC_Os01g07120,LOC_Os12g04490,motif,merged
LOC_Os01g07120,LOC_Os03g09830,motif_CE,motif_CE
LOC_Os01g07120,LOC_Os09g10970,motif,merged
LOC_Os01g07120,LOC_Os07g11050,motif,merged
LOC_Os01g07120,LOC_Os06g40750,motif,merged
LOC_Os01g07120,LOC_Os12g39620,FunTFBS,FunTFBS
LOC_Os01g07120,LOC_Os06g09940,motif,merged
LOC_Os01g07120,LOC_Os08g27940,FunTFBS,FunTFBS
LOC_Os01g07120,LOC_Os05g32474,motif,merged
LOC_Os01g07120,LOC_Os06g38360,motif,merged
LOC_Os01g07120,LOC_Os02g44690,motif_CE,motif_CE
LOC_Os01g07120,LOC_Os12g09390,motif,merged
LOC_Os01g07120,LOC_Os01g36030,motif,merged
LOC_Os01g07120,LOC_Os08g14220,motif_CE,motif_CE
LOC_Os01g07120,LOC_Os02g06580,motif,merged
LOC_Os01g07120,LOC_Os11g34870,motif,merged
LOC_Os01g07120,LOC_Os02g55910,motif_CE,motif_CE
LOC_Os01g07120,LOC_Os02g28760,motif,merged
LOC_Os01g07120,LOC_Os05g40260,motif,merged
LOC_Os01g07120,LOC_Os12g06290,motif,merged
LOC_Os01g07120,LOC_Os08g24330,motif,merged
LOC_Os01g07120,LOC_Os06g49270,motif,merged
LOC_Os01g07120,LOC_Os02g15050,motif,merged
LOC_Os01g07120,LOC_Os04g17080,motif,merged
LOC_Os01g07120,LOC_Os05g25580,motif,merged
LOC_Os01g07120,LOC_Os10g33410,motif,merged
LOC_Os01g07120,LOC_Os02g21990,motif,merged
LOC_Os01g07120,LOC_Os08g39960,motif,merged
LOC_Os01g07120,LOC_Os01g56130,motif_CE,motif_CE
LOC_Os01g07120,LOC_Os12g14280,motif,merged
LOC_Os01g07120,LOC_Os01g24190,motif,merged
LOC_Os01g07120,LOC_Os03g10230,motif_CE,motif_CE
LOC_Os01g07120,LOC_Os03g51900,"FunTFBS, motif, motif_CE",merged
LOC_Os01g07120,LOC_Os08g07860,motif,merged
LOC_Os01g07120,LOC_Os06g43070,motif,merged
LOC_Os01g07120,LOC_Os01g53070,motif_CE,motif_CE
LOC_Os01g07120,LOC_Os05g23650,motif,merged
LOC_Os01g07120,LOC_Os12g35710,motif,merged
LOC_Os01g07120,LOC_Os01g51250,motif,merged
LOC_Os01g07120,LOC_Os11g29380,motif,merged
LOC_Os01g07120,LOC_Os08g26950,motif,merged
LOC_Os01g07120,LOC_Os10g26660,"motif, motif_CE",merged
LOC_Os01g07120,LOC_Os12g12730,motif_CE,motif_CE
LOC_Os01g07120,LOC_Os03g53470,motif,merged
LOC_Os01g07120,LOC_Os11g13420,motif_CE,motif_CE
LOC_Os01g07120,LOC_Os10g30719,motif,merged
LOC_Os01g07120,LOC_Os09g23460,motif,merged
LOC_Os01g07120,LOC_Os10g26290,motif,merged
LOC_Os01g07120,LOC_Os01g71950,motif,merged
LOC_Os01g07120,LOC_Os04g34970,motif_CE,motif_CE
LOC_Os01g07120,LOC_Os08g17450,motif,merged
LOC_Os01g07120,LOC_Os07g28880,motif_CE,motif_CE
LOC_Os01g07120,LOC_Os11g01860,motif,merged
LOC_Os01g07120,LOC_Os01g05550,motif_CE,motif_CE
LOC_Os01g07120,LOC_Os07g26410,motif,merged
LOC_Os01g07120,LOC_Os01g61930,motif,merged
LOC_Os01g07120,LOC_Os01g43372,motif,merged
LOC_Os01g07120,LOC_Os10g28260,motif,merged
LOC_Os01g07120,LOC_Os04g44550,"motif, motif_CE",merged
LOC_Os01g07120,LOC_Os01g09140,motif,merged
LOC_Os01g07120,LOC_Os07g24710,motif,merged
LOC_Os01g07120,LOC_Os07g18510,motif,merged
LOC_Os01g07120,LOC_Os06g51500,"motif, motif_CE",merged
LOC_Os01g07120,LOC_Os03g12300,"motif, motif_CE",merged
LOC_Os01g07120,LOC_Os03g22970,motif,merged
LOC_Os01g07120,LOC_Os06g28700,motif,merged
LOC_Os01g07120,LOC_Os09g32220,motif,merged
LOC_Os01g07120,LOC_Os06g42824,FunTFBS,FunTFBS
LOC_Os01g07120,LOC_Os02g35240,motif,merged
LOC_Os01g07120,LOC_Os04g36710,motif,merged
LOC_Os01g07120,LOC_Os10g10744,motif,merged
LOC_Os01g07120,LOC_Os01g59930,"FunTFBS, motif, motif_CE",merged
LOC_Os01g07120,LOC_Os09g06520,motif,merged
LOC_Os01g07120,LOC_Os05g10750,motif,merged
LOC_Os01g07120,LOC_Os08g36320,motif,merged
LOC_Os01g07120,LOC_Os01g41500,"FunTFBS, motif",merged
LOC_Os01g07120,LOC_Os10g35940,motif,merged
LOC_Os01g07120,LOC_Os08g02094,motif,merged
LOC_Os01g07120,LOC_Os05g12440,motif,merged
LOC_Os01g07120,LOC_Os10g28580,motif_CE,motif_CE
LOC_Os01g07120,LOC_Os07g08530,"FunTFBS, motif",merged
LOC_Os01g07120,LOC_Os04g40870,motif,merged
LOC_Os01g07120,LOC_Os12g15750,motif,merged
LOC_Os01g07120,LOC_Os04g09910,motif,merged
LOC_Os01g07120,LOC_Os04g44560,"motif, motif_CE",merged
LOC_Os01g07120,LOC_Os01g41390,motif,merged
LOC_Os01g07120,LOC_Os07g23440,motif,merged
LOC_Os01g07120,LOC_Os09g36950,motif_CE,motif_CE
LOC_Os01g07120,LOC_Os10g36980,motif,merged
LOC_Os01g07120,LOC_Os06g15600,motif_CE,motif_CE
LOC_Os01g07120,LOC_Os03g05020,FunTFBS,FunTFBS
LOC_Os01g07120,LOC_Os11g29050,motif,merged
LOC_Os01g07120,LOC_Os03g59250,motif,merged
LOC_Os01g07120,LOC_Os04g19030,motif,merged
LOC_Os01g07120,LOC_Os04g33710,"FunTFBS, motif, motif_CE",merged
LOC_Os01g07120,LOC_Os03g36380,motif,merged
LOC_Os01g07120,LOC_Os05g19250,motif,merged
LOC_Os01g07120,LOC_Os09g36735,motif_CE,motif_CE
LOC_Os01g07120,LOC_Os03g19000,"FunTFBS, motif",merged
LOC_Os01g07120,LOC_Os10g41670,"FunTFBS, motif",merged
LOC_Os01g07120,LOC_Os06g06910,"motif, motif_CE",merged
LOC_Os01g07120,LOC_Os08g44810,motif,merged
LOC_Os01g07120,LOC_Os08g09650,motif,merged
LOC_Os01g07120,LOC_Os10g39044,FunTFBS,FunTFBS
LOC_Os01g07120,LOC_Os05g25960,motif,merged
LOC_Os01g07120,LOC_Os12g01020,motif,merged
LOC_Os01g07120,LOC_Os03g28969,"motif, motif_CE",merged
LOC_Os01g07120,LOC_Os12g03490,motif,merged
LOC_Os01g07120,LOC_Os11g11720,motif,merged
LOC_Os01g07120,LOC_Os01g12940,"motif, motif_CE",merged
LOC_Os01g07120,LOC_Os01g61335,FunTFBS,FunTFBS
LOC_Os01g07120,LOC_Os02g15860,motif,merged
LOC_Os01g07120,LOC_Os05g51110,motif,merged
LOC_Os01g07120,LOC_Os04g44830,"motif, motif_CE",merged
LOC_Os01g07120,LOC_Os11g01030,motif,merged
LOC_Os01g07120,LOC_Os01g64880,motif,merged
LOC_Os01g07120,LOC_Os06g33190,motif,merged
LOC_Os01g07120,LOC_Os05g38780,motif,merged
LOC_Os01g07120,LOC_Os09g18050,motif,merged
LOC_Os01g07120,LOC_Os02g51830,FunTFBS,FunTFBS
LOC_Os01g07120,LOC_Os09g25470,motif,merged
LOC_Os01g07120,LOC_Os02g41620,motif,merged
LOC_Os01g07120,LOC_Os05g51350,motif,merged
LOC_Os01g07120,LOC_Os08g41410,motif,merged
LOC_Os01g07120,LOC_Os09g03980,motif,merged
LOC_Os01g07120,LOC_Os04g10140,motif,merged
LOC_Os01g07120,LOC_Os03g57070,"motif, motif_CE",merged
LOC_Os01g07120,LOC_Os02g38460,motif,merged
LOC_Os01g07120,LOC_Os12g43450,motif,merged
LOC_Os01g07120,LOC_Os02g38220,motif,merged
LOC_Os01g07120,LOC_Os01g59009,motif,merged
LOC_Os01g07120,LOC_Os07g33690,motif,merged
LOC_Os01g07120,LOC_Os08g25100,motif,merged
LOC_Os01g07120,LOC_Os07g03080,motif,merged
LOC_Os01g07120,LOC_Os08g10080,motif,merged
LOC_Os01g07120,LOC_Os09g28050,motif_CE,motif_CE
LOC_Os01g07120,LOC_Os01g72890,motif_CE,motif_CE
LOC_Os01g07120,LOC_Os01g36460,motif,merged
LOC_Os01g07120,LOC_Os02g48650,motif_CE,motif_CE
LOC_Os01g07120,LOC_Os06g40410,motif,merged
LOC_Os01g07120,LOC_Os01g34090,motif,merged
LOC_Os01g07120,LOC_Os09g35850,motif,merged
LOC_Os01g07120,LOC_Os04g22230,motif,merged
LOC_Os01g07120,LOC_Os03g12690,motif,merged
LOC_Os01g07120,LOC_Os06g05620,motif,merged
LOC_Os01g07120,LOC_Os03g15010,FunTFBS,FunTFBS
LOC_Os01g07120,LOC_Os04g47590,motif_CE,motif_CE
LOC_Os01g07120,LOC_Os04g45600,"FunTFBS, motif",merged
LOC_Os01g07120,LOC_Os10g29630,motif,merged
LOC_Os01g07120,LOC_Os03g20690,motif_CE,motif_CE
LOC_Os01g07120,LOC_Os12g23830,"FunTFBS, motif",merged
LOC_Os01g07120,LOC_Os08g32680,motif,merged
LOC_Os01g07120,LOC_Os05g05860,"motif, motif_CE",merged
LOC_Os01g07120,LOC_Os04g34970,"motif, motif_CE",merged
LOC_Os01g07120,LOC_Os11g06320,motif,merged
LOC_Os01g07120,LOC_Os11g39690,motif,merged
LOC_Os01g07120,LOC_Os04g14760,motif,merged
LOC_Os01g07120,LOC_Os11g19580,motif,merged
LOC_Os01g07120,LOC_Os02g06570,motif,merged
LOC_Os01g07120,LOC_Os05g37000,motif,merged
LOC_Os01g07120,LOC_Os10g02050,motif,merged
LOC_Os01g07120,LOC_Os03g58920,motif,merged
LOC_Os01g07120,LOC_Os02g05480,motif,merged
LOC_Os01g07120,LOC_Os12g28230,motif,merged
LOC_Os01g07120,LOC_Os09g12180,motif,merged
LOC_Os01g07120,LOC_Os10g01520,motif,merged
LOC_Os01g07120,LOC_Os01g57910,motif_CE,motif_CE
LOC_Os01g07120,LOC_Os07g45360,motif_CE,motif_CE
LOC_Os01g07120,LOC_Os02g46710,FunTFBS,FunTFBS
LOC_Os01g07120,LOC_Os03g26229,FunTFBS,FunTFBS
LOC_Os01g07120,LOC_Os08g30830,FunTFBS,FunTFBS
LOC_Os01g07120,LOC_Os10g41740,"FunTFBS, motif",merged
LOC_Os01g07120,LOC_Os09g06860,motif,merged
LOC_Os01g07120,LOC_Os01g68450,motif_CE,motif_CE
LOC_Os01g07120,LOC_Os04g40130,motif_CE,motif_CE
LOC_Os01g07120,LOC_Os05g38870,motif,merged
LOC_Os01g07120,LOC_Os01g12140,motif_CE,motif_CE
LOC_Os01g07120,LOC_Os09g32470,motif,merged
LOC_Os01g07120,LOC_Os07g05670,motif,merged
LOC_Os01g07120,LOC_Os01g08110,motif,merged
LOC_Os01g07120,LOC_Os04g55220,"motif, motif_CE",merged
LOC_Os01g07120,LOC_Os08g16130,motif,merged
LOC_Os01g07120,LOC_Os06g49510,motif,merged
LOC_Os01g07120,LOC_Os04g35260,motif_CE,motif_CE
LOC_Os01g07120,LOC_Os08g42910,FunTFBS,FunTFBS
LOC_Os01g07120,LOC_Os02g10890,motif,merged
LOC_Os01g07120,LOC_Os04g52120,motif,merged
LOC_Os01g07120,LOC_Os01g51320,motif_CE,motif_CE
LOC_Os01g07120,LOC_Os04g48140,"motif, motif_CE",merged
LOC_Os01g07120,LOC_Os02g22780,"motif, motif_CE",merged
LOC_Os01g07120,LOC_Os01g43100,motif,merged
LOC_Os01g07120,LOC_Os04g28170,motif,merged
LOC_Os01g07120,LOC_Os03g02544,motif_CE,motif_CE
LOC_Os01g07120,LOC_Os01g53840,motif_CE,motif_CE
LOC_Os01g07120,LOC_Os06g11160,motif,merged
LOC_Os01g07120,LOC_Os09g10120,motif,merged
LOC_Os01g07120,LOC_Os11g15610,FunTFBS,FunTFBS
LOC_Os01g07120,LOC_Os06g29110,motif_CE,motif_CE
LOC_Os01g07120,LOC_Os07g12710,motif,merged
LOC_Os01g07120,LOC_Os10g34450,motif,merged
LOC_Os01g07120,LOC_Os11g23810,motif,merged
LOC_Os01g07120,LOC_Os12g27310,motif,merged
LOC_Os01g07120,LOC_Os09g36735,"motif, motif_CE",merged
LOC_Os01g07120,LOC_Os05g35430,motif,merged
LOC_Os01g07120,LOC_Os01g57294,motif,merged
LOC_Os01g07120,LOC_Os12g32800,"FunTFBS, motif",merged
LOC_Os01g07120,LOC_Os01g61814,FunTFBS,FunTFBS
LOC_Os01g07120,LOC_Os01g65340,FunTFBS,FunTFBS
LOC_Os01g07120,LOC_Os01g10040,motif,merged
LOC_Os01g07120,LOC_Os07g32370,motif,merged
LOC_Os01g07120,LOC_Os12g23920,motif,merged
LOC_Os01g07120,LOC_Os10g42950,"motif, motif_CE",merged
LOC_Os01g07120,LOC_Os10g41660,"motif, motif_CE",merged
LOC_Os01g07120,LOC_Os12g13290,motif,merged
LOC_Os01g07120,LOC_Os06g46950,motif_CE,motif_CE
LOC_Os01g07120,LOC_Os07g37920,"motif, motif_CE",merged
LOC_Os01g07120,LOC_Os02g57330,motif_CE,motif_CE
LOC_Os01g07120,LOC_Os02g34030,motif,merged
LOC_Os01g07120,LOC_Os03g44290,motif_CE,motif_CE
LOC_Os01g07120,LOC_Os05g41645,motif,merged
LOC_Os01g07120,LOC_Os03g07600,motif,merged
LOC_Os01g07120,LOC_Os03g62510,motif,merged
LOC_Os01g07120,LOC_Os12g43120,"motif, motif_CE",merged
LOC_Os01g07120,LOC_Os02g12950,FunTFBS,FunTFBS
LOC_Os01g07120,LOC_Os09g14160,motif,merged
LOC_Os01g07120,LOC_Os01g02334,motif,merged
LOC_Os01g07120,LOC_Os11g19630,motif,merged
LOC_Os01g07120,LOC_Os11g05690,motif,merged
LOC_Os01g07120,LOC_Os01g57800,motif,merged
LOC_Os01g07120,LOC_Os05g38720,"motif, motif_CE",merged
LOC_Os01g07120,LOC_Os06g16290,"FunTFBS, motif, motif_CE",merged
LOC_Os01g07120,LOC_Os04g46170,motif,merged
LOC_Os01g07120,LOC_Os01g64230,motif,merged
LOC_Os01g07120,LOC_Os03g36650,motif,merged
LOC_Os01g07120,LOC_Os12g30490,motif,merged
LOC_Os01g07120,LOC_Os10g02920,"motif, motif_CE",merged
LOC_Os01g07120,LOC_Os08g35830,motif,merged
LOC_Os01g07120,LOC_Os12g28870,motif,merged
LOC_Os01g07120,LOC_Os06g08380,motif_CE,motif_CE
LOC_Os01g07120,LOC_Os02g18110,motif,merged
LOC_Os01g07120,LOC_Os09g01050,motif,merged
LOC_Os01g07120,LOC_Os10g33960,motif,merged
LOC_Os01g07120,LOC_Os03g09160,motif,merged
LOC_Os01g07120,LOC_Os02g03250,motif_CE,motif_CE
LOC_Os01g07120,LOC_Os10g30640,motif_CE,motif_CE
LOC_Os01g07120,LOC_Os08g26720,motif,merged
LOC_Os01g07120,LOC_Os01g03900,FunTFBS,FunTFBS
LOC_Os01g07120,LOC_Os04g48500,motif,merged
LOC_Os01g07120,LOC_Os02g19410,motif,merged
LOC_Os01g07120,LOC_Os03g58240,motif,merged
LOC_Os01g07120,LOC_Os07g22840,motif,merged
LOC_Os01g07120,LOC_Os05g46570,"FunTFBS, motif, motif_CE",merged
LOC_Os01g07120,LOC_Os08g28980,"FunTFBS, motif, motif_CE",merged
LOC_Os01g07120,LOC_Os08g38340,motif,merged
LOC_Os01g07120,LOC_Os10g29300,motif,merged
LOC_Os01g07120,LOC_Os11g02210,motif,merged
LOC_Os01g07120,LOC_Os01g72890,"motif, motif_CE",merged
LOC_Os01g07120,LOC_Os02g43920,motif,merged
LOC_Os01g07120,LOC_Os05g07690,motif,merged
LOC_Os01g07120,LOC_Os07g33170,motif,merged
LOC_Os01g07120,LOC_Os02g48650,"motif, motif_CE",merged
LOC_Os01g07120,LOC_Os02g57180,motif_CE,motif_CE
LOC_Os01g07120,LOC_Os08g33030,motif,merged
LOC_Os01g07120,LOC_Os12g06780,motif,merged
LOC_Os01g07120,LOC_Os09g31310,motif,merged
LOC_Os01g07120,LOC_Os09g21230,motif,merged
LOC_Os01g07120,LOC_Os08g26460,motif,merged
LOC_Os01g07120,LOC_Os10g29790,motif,merged
LOC_Os01g07120,LOC_Os12g12590,motif,merged
LOC_Os01g07120,LOC_Os02g32180,motif,merged
LOC_Os01g07120,LOC_Os06g34610,motif,merged
LOC_Os01g07120,LOC_Os01g35760,motif,merged
LOC_Os01g07120,LOC_Os10g05590,motif,merged
LOC_Os01g07120,LOC_Os11g26350,motif,merged
LOC_Os01g07120,LOC_Os02g30630,motif,merged
LOC_Os01g07120,LOC_Os05g16860,motif,merged
LOC_Os01g07120,LOC_Os09g28110,motif_CE,motif_CE
LOC_Os01g07120,LOC_Os08g41480,"motif, motif_CE",merged
LOC_Os01g07120,LOC_Os06g41600,motif_CE,motif_CE
LOC_Os01g07120,LOC_Os05g27749,motif,merged
LOC_Os01g07120,LOC_Os09g36250,motif_CE,motif_CE
LOC_Os01g07120,LOC_Os02g09650,"motif, motif_CE",merged
LOC_Os01g07120,LOC_Os02g02520,motif,merged
LOC_Os01g07120,LOC_Os11g38650,motif,merged
LOC_Os01g07120,LOC_Os04g36050,motif_CE,motif_CE
LOC_Os01g07120,LOC_Os03g13960,"FunTFBS, motif",merged
LOC_Os01g07120,LOC_Os06g43850,motif_CE,motif_CE
LOC_Os01g07120,LOC_Os12g16280,motif,merged
LOC_Os01g07120,LOC_Os11g12190,motif,merged
LOC_Os01g07120,LOC_Os12g35310,motif,merged
LOC_Os01g07120,LOC_Os05g25360,motif,merged
LOC_Os01g07120,LOC_Os06g17920,motif_CE,motif_CE
LOC_Os01g07120,LOC_Os06g14830,motif,merged
LOC_Os01g07120,LOC_Os06g04460,motif,merged
LOC_Os01g07120,LOC_Os09g28550,motif_CE,motif_CE
LOC_Os01g07120,LOC_Os02g49030,motif,merged
LOC_Os01g07120,LOC_Os08g21370,motif,merged
LOC_Os01g07120,LOC_Os03g55760,motif_CE,motif_CE
LOC_Os01g07120,LOC_Os06g17720,motif,merged
LOC_Os01g07120,LOC_Os12g04740,"FunTFBS, motif",merged
LOC_Os01g07120,LOC_Os01g48500,motif_CE,motif_CE
LOC_Os01g07120,LOC_Os09g03580,motif_CE,motif_CE
LOC_Os01g07120,LOC_Os01g12140,"motif, motif_CE",merged
LOC_Os01g07120,LOC_Os08g21740,motif,merged
LOC_Os01g07120,LOC_Os01g26100,"motif, motif_CE",merged
LOC_Os01g07120,LOC_Os02g08140,motif_CE,motif_CE
LOC_Os01g07120,LOC_Os04g35260,"motif, motif_CE",merged
LOC_Os01g07120,LOC_Os12g07680,FunTFBS,FunTFBS
LOC_Os01g07120,LOC_Os06g48790,motif,merged
LOC_Os01g07120,LOC_Os04g34976,motif,merged
LOC_Os01g07120,LOC_Os06g11080,motif,merged
LOC_Os01g07120,LOC_Os02g03410,motif_CE,motif_CE
LOC_Os01g07120,LOC_Os02g15370,motif_CE,motif_CE
LOC_Os01g07120,LOC_Os12g07400,motif,merged
LOC_Os01g07120,LOC_Os01g53840,"motif, motif_CE",merged
LOC_Os01g07120,LOC_Os07g01030,motif,merged
LOC_Os01g07120,LOC_Os09g08379,motif_CE,motif_CE
LOC_Os01g07120,LOC_Os02g53340,FunTFBS,FunTFBS
LOC_Os01g07120,LOC_Os02g43010,motif_CE,motif_CE
LOC_Os01g07120,LOC_Os06g46284,motif,merged
LOC_Os01g07120,LOC_Os06g13250,"FunTFBS, motif",merged
LOC_Os01g07120,LOC_Os03g33570,motif,merged
LOC_Os01g07120,LOC_Os05g06460,motif_CE,motif_CE
LOC_Os01g07120,LOC_Os09g16800,motif,merged
LOC_Os01g07120,LOC_Os04g36640,motif,merged
LOC_Os01g07120,LOC_Os06g08320,"motif, motif_CE",merged
LOC_Os01g07120,LOC_Os06g10220,"motif, motif_CE",merged
LOC_Os01g07120,LOC_Os11g28310,motif_CE,motif_CE
LOC_Os01g07120,LOC_Os04g33760,motif,merged
LOC_Os01g07120,LOC_Os02g13300,motif,merged
LOC_Os01g07120,LOC_Os11g18940,motif,merged
LOC_Os01g07120,LOC_Os02g32615,motif_CE,motif_CE
LOC_Os01g07120,LOC_Os08g02400,motif_CE,motif_CE
LOC_Os01g07120,LOC_Os05g39990,"motif, motif_CE",merged
LOC_Os01g07120,LOC_Os12g34854,motif_CE,motif_CE
LOC_Os01g07120,LOC_Os11g38670,motif_CE,motif_CE
LOC_Os01g07120,LOC_Os02g50760,motif_CE,motif_CE
LOC_Os01g07120,LOC_Os03g44290,"motif, motif_CE",merged
LOC_Os01g07120,LOC_Os06g40600,"FunTFBS, motif, motif_CE",merged
LOC_Os01g07120,LOC_Os08g42700,motif,merged
LOC_Os01g07120,LOC_Os03g31790,motif,merged
LOC_Os01g07120,LOC_Os06g30920,motif_CE,motif_CE
LOC_Os01g07120,LOC_Os06g31290,motif,merged
LOC_Os01g07120,LOC_Os12g39370,motif,merged
LOC_Os01g07120,LOC_Os03g36310,"FunTFBS, motif, motif_CE",merged
LOC_Os01g07120,LOC_Os11g29450,motif,merged
LOC_Os01g07120,LOC_Os09g20740,motif,merged
LOC_Os01g07120,LOC_Os04g18790,motif_CE,motif_CE
LOC_Os01g07120,LOC_Os08g05810,motif_CE,motif_CE
LOC_Os01g07120,LOC_Os04g56020,FunTFBS,FunTFBS
LOC_Os01g07120,LOC_Os11g01400,motif,merged
LOC_Os01g07120,LOC_Os02g33750,motif,merged
LOC_Os01g07120,LOC_Os01g25890,motif,merged
LOC_Os01g07120,LOC_Os03g50860,FunTFBS,FunTFBS
LOC_Os01g07120,LOC_Os12g11270,motif,merged
LOC_Os01g07120,LOC_Os09g25314,"motif, motif_CE",merged
LOC_Os01g07120,LOC_Os03g43900,"FunTFBS, motif",merged
LOC_Os01g07120,LOC_Os10g21380,motif,merged
LOC_Os01g07120,LOC_Os07g12640,motif_CE,motif_CE
LOC_Os01g07120,LOC_Os08g32100,motif,merged
LOC_Os01g07120,LOC_Os05g25920,motif_CE,motif_CE
LOC_Os01g07120,LOC_Os02g05670,motif,merged
LOC_Os01g07120,LOC_Os06g06900,FunTFBS,FunTFBS
LOC_Os01g07120,LOC_Os08g09715,motif,merged
LOC_Os01g07120,LOC_Os06g07090,motif_CE,motif_CE
LOC_Os01g07120,LOC_Os04g36680,motif,merged
LOC_Os01g07120,LOC_Os09g28890,motif,merged
LOC_Os01g07120,LOC_Os12g23540,motif,merged
LOC_Os01g07120,LOC_Os09g07770,motif,merged
LOC_Os01g07120,LOC_Os03g13190,FunTFBS,FunTFBS
LOC_Os01g07120,LOC_Os06g06260,motif,merged
LOC_Os01g07120,LOC_Os10g41190,motif_CE,motif_CE
LOC_Os01g07120,LOC_Os05g05720,"FunTFBS, motif, motif_CE",merged
LOC_Os01g07120,LOC_Os07g23720,"motif, motif_CE",merged
LOC_Os01g07120,LOC_Os06g14870,motif,merged
LOC_Os01g07120,LOC_Os06g23330,motif,merged
LOC_Os01g07120,LOC_Os02g54570,motif,merged
LOC_Os01g07120,LOC_Os11g03720,motif,merged
LOC_Os01g07120,LOC_Os07g36020,motif,merged
LOC_Os01g07120,LOC_Os05g11780,motif,merged
LOC_Os01g07120,LOC_Os06g04650,motif,merged
LOC_Os01g07120,LOC_Os01g45390,FunTFBS,FunTFBS
LOC_Os01g07120,LOC_Os03g31200,motif,merged
LOC_Os01g07120,LOC_Os03g30934,motif,merged
LOC_Os01g07120,LOC_Os02g16650,motif,merged
LOC_Os01g07120,LOC_Os05g01680,"FunTFBS, motif",merged
LOC_Os01g07120,LOC_Os01g24590,motif_CE,motif_CE
LOC_Os01g07120,LOC_Os06g41600,"motif, motif_CE",merged
LOC_Os01g07120,LOC_Os04g52710,motif,merged
LOC_Os01g07120,LOC_Os12g37800,motif,merged
LOC_Os01g07120,LOC_Os09g36250,"motif, motif_CE",merged
LOC_Os01g07120,LOC_Os01g11590,"motif, motif_CE",merged
LOC_Os01g07120,LOC_Os12g20230,motif,merged
LOC_Os01g07120,LOC_Os04g36050,"motif, motif_CE",merged
LOC_Os01g07120,LOC_Os11g39060,"FunTFBS, motif",merged
LOC_Os01g07120,LOC_Os06g17920,"motif, motif_CE",merged
LOC_Os01g07120,LOC_Os02g50290,motif_CE,motif_CE
LOC_Os01g07120,LOC_Os09g39700,FunTFBS,FunTFBS
LOC_Os01g07120,LOC_Os01g48500,"motif, motif_CE",merged
LOC_Os01g07120,LOC_Os08g01840,"motif, motif_CE",merged
LOC_Os01g07120,LOC_Os09g28019,"motif, motif_CE",merged
LOC_Os01g07120,LOC_Os02g04070,motif,merged
LOC_Os01g07120,LOC_Os06g45050,motif,merged
LOC_Os01g07120,LOC_Os03g53080,motif_CE,motif_CE
LOC_Os01g07120,LOC_Os05g11040,motif,merged
LOC_Os01g07120,LOC_Os06g37980,motif,merged
LOC_Os01g07120,LOC_Os02g08140,"motif, motif_CE",merged
LOC_Os01g07120,LOC_Os08g37590,motif,merged
LOC_Os01g07120,LOC_Os10g42080,motif_CE,motif_CE
LOC_Os01g07120,LOC_Os10g15190,motif,merged
LOC_Os01g07120,LOC_Os12g38180,motif,merged
LOC_Os01g07120,LOC_Os05g46560,motif,merged
LOC_Os01g07120,LOC_Os07g45560,motif,merged
LOC_Os01g07120,LOC_Os02g03410,"motif, motif_CE",merged
LOC_Os01g07120,LOC_Os08g09210,motif,merged
LOC_Os01g07120,LOC_Os03g29510,motif,merged
LOC_Os01g07120,LOC_Os09g33950,motif_CE,motif_CE
LOC_Os01g07120,LOC_Os01g51320,"motif, motif_CE",merged
LOC_Os01g07120,LOC_Os04g46639,motif,merged
LOC_Os01g07120,LOC_Os02g37010,motif_CE,motif_CE
LOC_Os01g07120,LOC_Os06g24711,motif,merged
LOC_Os01g07120,LOC_Os07g08030,FunTFBS,FunTFBS
LOC_Os01g07120,LOC_Os09g08379,"motif, motif_CE",merged
LOC_Os01g07120,LOC_Os08g19140,motif,merged
LOC_Os01g07120,LOC_Os06g13060,motif,merged
LOC_Os01g07120,LOC_Os05g38390,"motif, motif_CE",merged
LOC_Os01g07120,LOC_Os11g22110,motif,merged
LOC_Os01g07120,LOC_Os03g02544,"motif, motif_CE",merged
LOC_Os01g07120,LOC_Os04g50212,"motif, motif_CE",merged
LOC_Os01g07120,LOC_Os03g03200,motif,merged
LOC_Os01g07120,LOC_Os01g05540,motif,merged
LOC_Os01g07120,LOC_Os03g37950,motif,merged
LOC_Os01g07120,LOC_Os08g42380,"FunTFBS, motif, motif_CE",merged
LOC_Os01g07120,LOC_Os07g30200,motif,merged
LOC_Os01g07120,LOC_Os05g48620,motif_CE,motif_CE
LOC_Os01g07120,LOC_Os08g36660,motif,merged
LOC_Os01g07120,LOC_Os03g03110,FunTFBS,FunTFBS
LOC_Os01g07120,LOC_Os02g29150,motif,merged
LOC_Os01g07120,LOC_Os09g24910,motif,merged
LOC_Os01g07120,LOC_Os03g54063,motif,merged
LOC_Os01g07120,LOC_Os11g38670,"motif, motif_CE",merged
LOC_Os01g07120,LOC_Os08g33010,motif,merged
LOC_Os01g07120,LOC_Os01g69020,motif_CE,motif_CE
LOC_Os01g07120,LOC_Os10g33060,motif,merged
LOC_Os01g07120,LOC_Os11g26210,FunTFBS,FunTFBS
LOC_Os01g07120,LOC_Os04g42095,motif,merged
LOC_Os01g07120,LOC_Os12g13530,FunTFBS,FunTFBS
LOC_Os01g07120,LOC_Os03g16700,motif_CE,motif_CE
LOC_Os01g07120,LOC_Os08g19500,motif,merged
LOC_Os01g07120,LOC_Os06g30920,"motif, motif_CE",merged
LOC_Os01g07120,LOC_Os01g74580,motif,merged
LOC_Os01g07120,LOC_Os04g05330,motif,merged
LOC_Os01g07120,LOC_Os11g26830,motif,merged
LOC_Os01g07120,LOC_Os02g21860,motif,merged
LOC_Os01g07120,LOC_Os03g63290,motif_CE,motif_CE
LOC_Os01g07120,LOC_Os03g59050,motif,merged
LOC_Os01g07120,LOC_Os06g47690,motif_CE,motif_CE
LOC_Os01g07120,LOC_Os07g10380,"FunTFBS, motif",merged
LOC_Os01g07120,LOC_Os07g47180,motif,merged
LOC_Os01g07120,LOC_Os12g38970,motif,merged
LOC_Os01g07120,LOC_Os02g41530,motif,merged
LOC_Os01g07120,LOC_Os01g38244,motif,merged
LOC_Os01g07120,LOC_Os07g09240,motif,merged
LOC_Os01g07120,LOC_Os01g08160,motif,merged
LOC_Os01g07120,LOC_Os09g27370,motif_CE,motif_CE
LOC_Os01g07120,LOC_Os12g38150,motif,merged
LOC_Os01g07120,LOC_Os10g28290,motif,merged
LOC_Os01g07120,LOC_Os02g08340,motif,merged
LOC_Os01g07120,LOC_Os07g12640,"motif, motif_CE",merged
LOC_Os01g07120,LOC_Os04g01330,motif,merged
LOC_Os01g07120,LOC_Os01g58770,"FunTFBS, motif",merged
LOC_Os01g07120,LOC_Os04g31340,motif,merged
LOC_Os01g07120,LOC_Os05g25920,"motif, motif_CE",merged
LOC_Os01g07120,LOC_Os07g31720,motif_CE,motif_CE
LOC_Os01g07120,LOC_Os12g32330,motif,merged
LOC_Os01g07120,LOC_Os01g61420,motif,merged
LOC_Os01g07120,LOC_Os12g32820,motif_CE,motif_CE
LOC_Os01g07120,LOC_Os01g10260,motif,merged
LOC_Os01g07120,LOC_Os08g38300,"FunTFBS, motif",merged
LOC_Os01g07120,LOC_Os09g08240,motif,merged
LOC_Os01g07120,LOC_Os03g48830,motif,merged
LOC_Os01g07120,LOC_Os05g24540,motif,merged
LOC_Os01g07120,LOC_Os07g03780,motif,merged
LOC_Os01g07120,LOC_Os03g49690,motif,merged
LOC_Os01g07120,ChrSy.fgenesh.gene.24,motif,merged
LOC_Os01g07120,LOC_Os06g15210,motif,merged
LOC_Os01g07120,LOC_Os05g43890,motif,merged
LOC_Os01g07120,LOC_Os11g10434,motif,merged
LOC_Os01g07120,LOC_Os06g16280,motif,merged
LOC_Os01g07120,LOC_Os12g29760,motif,merged
LOC_Os01g07120,LOC_Os12g43400,motif,merged
LOC_Os01g07120,LOC_Os04g21040,motif,merged
LOC_Os01g07120,LOC_Os04g08815,motif_CE,motif_CE
LOC_Os01g07120,LOC_Os11g07290,motif_CE,motif_CE
LOC_Os01g07120,LOC_Os05g02070,motif_CE,motif_CE
LOC_Os01g07120,LOC_Os11g39780,motif,merged
LOC_Os01g07120,LOC_Os06g39500,motif,merged
LOC_Os01g07120,LOC_Os08g17880,motif,merged
LOC_Os01g07120,LOC_Os04g28670,motif,merged
LOC_Os01g07120,LOC_Os09g38390,motif,merged
LOC_Os01g07120,LOC_Os07g04550,motif,merged
LOC_Os01g07120,LOC_Os08g41680,motif,merged
LOC_Os01g07120,LOC_Os03g47620,motif,merged
LOC_Os01g07120,LOC_Os05g25780,motif,merged
LOC_Os01g07120,LOC_Os02g08300,motif,merged
LOC_Os01g07120,LOC_Os02g49910,motif,merged
LOC_Os01g07120,LOC_Os06g13700,motif_CE,motif_CE
LOC_Os01g07120,LOC_Os02g45770,motif,merged
LOC_Os01g07120,LOC_Os03g03430,motif,merged
LOC_Os01g07120,LOC_Os10g42480,motif,merged
LOC_Os01g07120,LOC_Os06g43850,"motif, motif_CE",merged
LOC_Os01g07120,LOC_Os08g06410,"FunTFBS, motif, motif_CE",merged
LOC_Os01g07120,LOC_Os06g43580,motif,merged
LOC_Os01g07120,LOC_Os10g41090,motif,merged
LOC_Os01g07120,LOC_Os03g62250,motif,merged
LOC_Os01g07120,LOC_Os05g51640,motif,merged
LOC_Os01g07120,LOC_Os01g68700,motif_CE,motif_CE
LOC_Os01g07120,LOC_Os02g11850,motif_CE,motif_CE
LOC_Os01g07120,LOC_Os06g14810,motif,merged
LOC_Os01g07120,LOC_Os10g32980,motif_CE,motif_CE
LOC_Os01g07120,LOC_Os04g01110,motif,merged
LOC_Os01g07120,LOC_Os09g11090,motif,merged
LOC_Os01g07120,LOC_Os05g37090,"FunTFBS, motif",merged
LOC_Os01g07120,LOC_Os02g27910,FunTFBS,FunTFBS
LOC_Os01g07120,LOC_Os01g38960,motif,merged
LOC_Os01g07120,LOC_Os07g28990,motif,merged
LOC_Os01g07120,LOC_Os08g13250,motif,merged
LOC_Os01g07120,LOC_Os05g18390,motif,merged
LOC_Os01g07120,LOC_Os02g37010,"motif, motif_CE",merged
LOC_Os01g07120,LOC_Os03g09150,"motif, motif_CE",merged
LOC_Os01g07120,LOC_Os07g20900,motif,merged
LOC_Os01g07120,LOC_Os05g03650,motif,merged
LOC_Os01g07120,LOC_Os11g14410,motif,merged
LOC_Os01g07120,LOC_Os02g51700,motif_CE,motif_CE
LOC_Os01g07120,LOC_Os12g42090,"motif, motif_CE",merged
LOC_Os01g07120,LOC_Os04g05150,motif,merged
LOC_Os01g07120,LOC_Os10g18800,motif,merged
LOC_Os01g07120,LOC_Os06g18800,motif,merged
LOC_Os01g07120,LOC_Os01g43540,"motif, motif_CE",merged
LOC_Os01g07120,LOC_Os07g39110,"FunTFBS, motif, motif_CE",merged
LOC_Os01g07120,LOC_Os12g41956,motif,merged
LOC_Os01g07120,LOC_Os01g49460,motif_CE,motif_CE
LOC_Os01g07120,LOC_Os07g39260,motif,merged
LOC_Os01g07120,LOC_Os08g25390,motif_CE,motif_CE
LOC_Os01g07120,LOC_Os09g14760,motif,merged
LOC_Os01g07120,LOC_Os06g29700,motif,merged
LOC_Os01g07120,LOC_Os07g48820,motif_CE,motif_CE
LOC_Os01g07120,LOC_Os08g13630,motif,merged
LOC_Os01g07120,LOC_Os03g51170,motif,merged
LOC_Os01g07120,LOC_Os04g50880,motif,merged
LOC_Os01g07120,LOC_Os01g69020,"motif, motif_CE",merged
LOC_Os01g07120,LOC_Os05g04650,motif,merged
LOC_Os01g07120,LOC_Os04g34340,motif,merged
LOC_Os01g07120,LOC_Os09g32050,motif,merged
LOC_Os01g07120,LOC_Os03g16700,"motif, motif_CE",merged
LOC_Os01g07120,LOC_Os07g47300,motif_CE,motif_CE
LOC_Os01g07120,LOC_Os05g49350,motif,merged
LOC_Os01g07120,LOC_Os10g05220,motif,merged
LOC_Os01g07120,LOC_Os02g35150,motif_CE,motif_CE
LOC_Os01g07120,LOC_Os06g36940,motif_CE,motif_CE
LOC_Os01g07120,LOC_Os04g53650,motif,merged
LOC_Os01g07120,LOC_Os11g35080,"motif, motif_CE",merged
LOC_Os01g07120,LOC_Os07g37860,motif,merged
LOC_Os01g07120,LOC_Os02g42430,motif,merged
LOC_Os01g07120,LOC_Os02g39060,motif,merged
LOC_Os01g07120,LOC_Os11g37130,motif,merged
LOC_Os01g07120,LOC_Os06g10940,motif_CE,motif_CE
LOC_Os01g07120,LOC_Os05g01635,motif_CE,motif_CE
LOC_Os01g07120,LOC_Os11g17760,motif,merged
LOC_Os01g07120,LOC_Os02g49680,FunTFBS,FunTFBS
LOC_Os01g07120,LOC_Os11g39730,motif,merged
LOC_Os01g07120,LOC_Os02g33920,motif,merged
LOC_Os01g07120,LOC_Os11g03120,"FunTFBS, motif, motif_CE",merged
LOC_Os01g07120,LOC_Os12g24970,motif,merged
LOC_Os01g07120,LOC_Os12g36260,motif,merged
LOC_Os01g07120,LOC_Os09g21150,motif,merged
LOC_Os01g07120,LOC_Os02g14220,motif,merged
LOC_Os01g07120,LOC_Os11g47860,"motif, motif_CE",merged
LOC_Os01g07120,LOC_Os08g12080,motif,merged
LOC_Os01g07120,LOC_Os08g04760,motif,merged
LOC_Os01g07120,LOC_Os05g11990,motif,merged
LOC_Os01g07120,LOC_Os08g30040,motif,merged
LOC_Os01g07120,LOC_Os03g63300,motif,merged
LOC_Os01g07120,LOC_Os01g50032,motif_CE,motif_CE
LOC_Os01g07120,LOC_Os01g23600,motif,merged
LOC_Os01g07120,LOC_Os05g42200,motif,merged
LOC_Os01g07120,LOC_Os10g25220,FunTFBS,FunTFBS
LOC_Os01g07120,LOC_Os05g16960,motif,merged
LOC_Os01g07120,LOC_Os03g52794,"FunTFBS, motif",merged
LOC_Os01g07120,LOC_Os07g35880,motif,merged
LOC_Os01g07120,LOC_Os07g39790,motif,merged
LOC_Os01g07120,LOC_Os01g41820,motif,merged
LOC_Os01g07120,LOC_Os06g07090,"motif, motif_CE",merged
LOC_Os01g07120,LOC_Os09g19390,motif,merged
LOC_Os01g07120,LOC_Os02g33860,motif_CE,motif_CE
LOC_Os01g07120,LOC_Os01g58870,"motif, motif_CE",merged
LOC_Os01g07120,LOC_Os01g10490,motif,merged
LOC_Os01g07120,LOC_Os11g02740,motif,merged
LOC_Os01g07120,LOC_Os02g03190,motif_CE,motif_CE
LOC_Os01g07120,LOC_Os10g37640,motif,merged
LOC_Os01g07120,LOC_Os04g20990,motif,merged
LOC_Os01g07120,LOC_Os11g08610,motif,merged
LOC_Os01g07120,LOC_Os03g44380,motif,merged
LOC_Os01g07120,LOC_Os04g01480,motif,merged
LOC_Os01g07120,LOC_Os01g37790,motif,merged
LOC_Os01g07120,LOC_Os08g40820,FunTFBS,FunTFBS
LOC_Os01g07120,LOC_Os02g08080,motif,merged
LOC_Os01g07120,LOC_Os04g24410,motif_CE,motif_CE
LOC_Os01g07120,LOC_Os03g38010,motif,merged
LOC_Os01g07120,LOC_Os10g38954,motif,merged
LOC_Os01g07120,LOC_Os04g44760,motif_CE,motif_CE
LOC_Os01g07120,LOC_Os04g50864,motif,merged
LOC_Os01g07120,LOC_Os04g08815,"motif, motif_CE",merged
LOC_Os01g07120,LOC_Os11g05180,motif,merged
LOC_Os01g07120,LOC_Os01g25080,motif,merged
LOC_Os01g07120,LOC_Os12g10680,motif,merged
LOC_Os01g07120,LOC_Os01g43570,motif,merged
LOC_Os01g07120,LOC_Os08g13360,"FunTFBS, motif, motif_CE",merged
LOC_Os01g07120,LOC_Os05g27920,motif,merged
LOC_Os01g07120,LOC_Os08g23100,motif,merged
LOC_Os01g07120,LOC_Os04g14840,motif,merged
LOC_Os01g07120,LOC_Os11g12810,motif,merged
LOC_Os01g07120,LOC_Os02g03420,motif_CE,motif_CE
LOC_Os01g07120,LOC_Os10g37920,"motif, motif_CE",merged
LOC_Os01g07120,LOC_Os09g38755,motif_CE,motif_CE
LOC_Os01g07120,LOC_Os02g22440,motif,merged
LOC_Os01g07120,LOC_Os01g22030,motif_CE,motif_CE
LOC_Os01g07120,LOC_Os06g15130,motif,merged
LOC_Os01g07120,LOC_Os03g42770,motif,merged
LOC_Os01g07120,LOC_Os03g27980,motif,merged
LOC_Os01g07120,LOC_Os12g35030,motif,merged
LOC_Os01g07120,LOC_Os02g03140,motif_CE,motif_CE
LOC_Os01g07120,LOC_Os10g14220,motif,merged
LOC_Os01g07120,LOC_Os01g10960,motif,merged
LOC_Os01g07120,LOC_Os10g18550,motif,merged
LOC_Os01g07120,LOC_Os04g05050,motif,merged
LOC_Os01g07120,LOC_Os02g57050,motif_CE,motif_CE
LOC_Os01g07120,LOC_Os04g45360,"FunTFBS, motif, motif_CE",merged
LOC_Os01g07120,LOC_Os04g37530,motif,merged
LOC_Os01g07120,LOC_Os02g50290,"motif, motif_CE",merged
LOC_Os01g07120,LOC_Os03g49940,motif,merged
LOC_Os01g07120,LOC_Os01g53100,"FunTFBS, motif, motif_CE",merged
LOC_Os01g07120,LOC_Os02g20970,motif_CE,motif_CE
LOC_Os01g07120,LOC_Os12g40419,motif,merged
LOC_Os01g07120,LOC_Os01g12330,motif,merged
LOC_Os01g07120,LOC_Os10g32980,"motif, motif_CE",merged
LOC_Os01g07120,LOC_Os08g28360,motif,merged
LOC_Os01g07120,LOC_Os03g63580,motif_CE,motif_CE
LOC_Os01g07120,LOC_Os02g01920,"FunTFBS, motif, motif_CE",merged
LOC_Os01g07120,LOC_Os07g38650,motif,merged
LOC_Os01g07120,LOC_Os04g28330,FunTFBS,FunTFBS
LOC_Os01g07120,LOC_Os09g26100,motif,merged
LOC_Os01g07120,LOC_Os11g20600,motif_CE,motif_CE
LOC_Os01g07120,LOC_Os03g22180,motif_CE,motif_CE
LOC_Os01g07120,LOC_Os11g20500,motif_CE,motif_CE
LOC_Os01g07120,LOC_Os12g04610,motif,merged
LOC_Os01g07120,LOC_Os03g04020,motif,merged
LOC_Os01g07120,LOC_Os01g31170,motif,merged
LOC_Os01g07120,LOC_Os04g22620,motif,merged
LOC_Os01g07120,LOC_Os08g32730,"FunTFBS, motif",merged
LOC_Os01g07120,LOC_Os11g34340,motif,merged
LOC_Os01g07120,LOC_Os08g28090,motif,merged
LOC_Os01g07120,LOC_Os12g24340,motif,merged
LOC_Os01g07120,LOC_Os04g47555,motif_CE,motif_CE
LOC_Os01g07120,LOC_Os06g16980,motif_CE,motif_CE
LOC_Os01g07120,LOC_Os09g31458,"FunTFBS, motif, motif_CE",merged
LOC_Os01g07120,LOC_Os02g52880,motif_CE,motif_CE
LOC_Os01g07120,LOC_Os10g41330,motif,merged
LOC_Os01g07120,LOC_Os03g52960,motif,merged
LOC_Os01g07120,LOC_Os09g29950,motif,merged
LOC_Os01g07120,LOC_Os01g25250,motif,merged
LOC_Os01g07120,LOC_Os06g40200,"motif, motif_CE",merged
LOC_Os01g07120,LOC_Os09g22490,motif,merged
LOC_Os01g07120,LOC_Os05g02590,motif,merged
LOC_Os01g07120,LOC_Os01g46830,motif,merged
LOC_Os01g07120,LOC_Os08g17410,motif_CE,motif_CE
LOC_Os01g07120,LOC_Os01g12720,motif,merged
LOC_Os01g07120,LOC_Os01g16110,"FunTFBS, motif",merged
LOC_Os01g07120,LOC_Os12g43910,motif,merged
LOC_Os01g07120,LOC_Os04g28630,motif,merged
LOC_Os01g07120,LOC_Os11g33934,motif,merged
LOC_Os01g07120,LOC_Os02g35170,motif_CE,motif_CE
LOC_Os01g07120,LOC_Os03g08630,FunTFBS,FunTFBS
LOC_Os01g07120,LOC_Os10g05088,motif,merged
LOC_Os01g07120,LOC_Os12g03700,motif,merged
LOC_Os01g07120,LOC_Os10g29495,motif,merged
LOC_Os01g07120,LOC_Os02g33050,motif,merged
LOC_Os01g07120,LOC_Os05g51754,motif,merged
LOC_Os01g07120,LOC_Os07g47300,"motif, motif_CE",merged
LOC_Os01g07120,LOC_Os07g11450,motif,merged
LOC_Os01g07120,LOC_Os12g08210,motif_CE,motif_CE
LOC_Os01g07120,LOC_Os01g68710,"motif, motif_CE",merged
LOC_Os01g07120,LOC_Os01g59170,motif,merged
LOC_Os01g07120,LOC_Os01g55440,motif,merged
LOC_Os01g07120,LOC_Os11g47060,motif,merged
LOC_Os01g07120,LOC_Os11g01520,"FunTFBS, motif",merged
LOC_Os01g07120,LOC_Os06g33400,motif,merged
LOC_Os01g07120,LOC_Os09g32250,"motif, motif_CE",merged
LOC_Os01g07120,LOC_Os02g12939,motif,merged
LOC_Os01g07120,LOC_Os03g63290,"motif, motif_CE",merged
LOC_Os01g07120,LOC_Os07g07800,motif,merged
LOC_Os01g07120,LOC_Os07g11070,motif,merged
LOC_Os01g07120,LOC_Os04g34984,motif,merged
LOC_Os01g07120,LOC_Os05g01635,"motif, motif_CE",merged
LOC_Os01g07120,LOC_Os09g12360,motif,merged
LOC_Os01g07120,LOC_Os05g08460,motif,merged
LOC_Os01g07120,LOC_Os04g59090,motif,merged
LOC_Os01g07120,LOC_Os03g29250,"motif, motif_CE",merged
LOC_Os01g07120,LOC_Os09g27370,"motif, motif_CE",merged
LOC_Os01g07120,LOC_Os09g08370,motif,merged
LOC_Os01g07120,LOC_Os02g53400,motif,merged
LOC_Os01g07120,LOC_Os04g30520,motif,merged
LOC_Os01g07120,LOC_Os08g40250,"motif, motif_CE",merged
LOC_Os01g07120,LOC_Os01g66020,"FunTFBS, motif, motif_CE",merged
LOC_Os01g07120,LOC_Os01g68440,"motif, motif_CE",merged
LOC_Os01g07120,LOC_Os05g48410,motif_CE,motif_CE
LOC_Os01g07120,LOC_Os07g47380,motif_CE,motif_CE
LOC_Os01g07120,LOC_Os07g31500,motif,merged
LOC_Os01g07120,LOC_Os12g07140,motif_CE,motif_CE
LOC_Os01g07120,LOC_Os01g02720,motif,merged
LOC_Os01g07120,LOC_Os02g01190,motif,merged
LOC_Os01g07120,LOC_Os05g19290,motif,merged
LOC_Os01g07120,LOC_Os07g31720,"motif, motif_CE",merged
LOC_Os01g07120,LOC_Os06g10600,"FunTFBS, motif, motif_CE",merged
LOC_Os01g07120,LOC_Os07g07640,motif,merged
LOC_Os01g07120,LOC_Os05g04950,motif,merged
LOC_Os01g07120,LOC_Os01g34760,motif,merged
LOC_Os01g07120,LOC_Os06g49730,motif,merged
LOC_Os01g07120,LOC_Os07g02110,motif,merged
LOC_Os01g07120,LOC_Os05g06600,motif,merged
LOC_Os01g07120,LOC_Os11g28860,motif,merged
LOC_Os01g07120,LOC_Os02g03190,"motif, motif_CE",merged
LOC_Os01g07120,LOC_Os08g22840,FunTFBS,FunTFBS
LOC_Os01g07120,LOC_Os09g20770,motif,merged
LOC_Os01g07120,LOC_Os06g15995,motif_CE,motif_CE
LOC_Os01g07120,LOC_Os12g43140,motif_CE,motif_CE
LOC_Os01g07120,LOC_Os09g21380,motif_CE,motif_CE
LOC_Os01g07120,LOC_Os05g51830,"FunTFBS, motif, motif_CE",merged
LOC_Os01g07120,LOC_Os04g25820,motif,merged
LOC_Os01g07120,LOC_Os02g42200,motif_CE,motif_CE
LOC_Os01g07120,LOC_Os04g04020,motif,merged
LOC_Os01g07120,LOC_Os01g72930,"FunTFBS, motif, motif_CE",merged
LOC_Os01g07120,LOC_Os08g08050,motif,merged
LOC_Os01g07120,LOC_Os07g05190,motif_CE,motif_CE
LOC_Os01g07120,LOC_Os03g08180,motif,merged
LOC_Os01g07120,LOC_Os05g41230,motif,merged
LOC_Os01g07120,LOC_Os06g41650,motif,merged
LOC_Os01g07120,LOC_Os02g03420,"motif, motif_CE",merged
LOC_Os01g07120,LOC_Os01g34260,"motif, motif_CE",merged
LOC_Os01g07120,LOC_Os02g15480,motif,merged
LOC_Os01g07120,LOC_Os01g12800,"motif, motif_CE",merged
LOC_Os01g07120,LOC_Os05g24810,motif,merged
LOC_Os01g07120,LOC_Os03g08360,motif_CE,motif_CE
LOC_Os01g07120,LOC_Os05g01840,motif,merged
LOC_Os01g07120,LOC_Os04g53680,motif,merged
LOC_Os01g07120,LOC_Os11g19520,motif,merged
LOC_Os01g07120,LOC_Os02g03140,"motif, motif_CE",merged
LOC_Os01g07120,LOC_Os09g15500,motif,merged
LOC_Os01g07120,LOC_Os05g03200,"motif, motif_CE",merged
LOC_Os01g07120,LOC_Os06g09920,motif,merged
LOC_Os01g07120,LOC_Os03g14280,"motif, motif_CE",merged
LOC_Os01g07120,LOC_Os06g29580,motif_CE,motif_CE
LOC_Os01g07120,LOC_Os05g03110,motif,merged
LOC_Os01g07120,LOC_Os11g06930,FunTFBS,FunTFBS
LOC_Os01g07120,LOC_Os02g57050,"motif, motif_CE",merged
LOC_Os01g07120,LOC_Os12g08680,motif,merged
LOC_Os01g07120,LOC_Os10g28860,motif,merged
LOC_Os01g07120,LOC_Os03g46200,"motif, motif_CE",merged
LOC_Os01g07120,LOC_Os11g24570,motif,merged
LOC_Os01g07120,LOC_Os02g09359,FunTFBS,FunTFBS
LOC_Os01g07120,LOC_Os10g08590,"motif, motif_CE",merged
LOC_Os01g07120,LOC_Os02g45130,motif_CE,motif_CE
LOC_Os01g07120,LOC_Os04g52770,motif,merged
LOC_Os01g07120,LOC_Os07g10360,motif,merged
LOC_Os01g07120,LOC_Os02g20970,"motif, motif_CE",merged
LOC_Os01g07120,LOC_Os01g21850,motif_CE,motif_CE
LOC_Os01g07120,LOC_Os04g56640,FunTFBS,FunTFBS
LOC_Os01g07120,LOC_Os05g04770,motif,merged
LOC_Os01g07120,LOC_Os03g63580,"motif, motif_CE",merged
LOC_Os01g07120,LOC_Os05g27940,motif,merged
LOC_Os01g07120,LOC_Os11g20600,"motif, motif_CE",merged
LOC_Os01g07120,LOC_Os01g68700,"motif, motif_CE",merged
LOC_Os01g07120,LOC_Os09g12920,FunTFBS,FunTFBS
LOC_Os01g07120,LOC_Os01g32500,motif,merged
LOC_Os01g07120,LOC_Os03g07810,motif,merged
LOC_Os01g07120,LOC_Os01g45310,motif,merged
LOC_Os01g07120,LOC_Os11g41550,motif,merged
LOC_Os01g07120,LOC_Os12g37090,"FunTFBS, motif",merged
LOC_Os01g07120,LOC_Os09g39594,FunTFBS,FunTFBS
LOC_Os01g07120,LOC_Os01g06810,motif,merged
LOC_Os01g07120,LOC_Os07g19330,motif,merged
LOC_Os01g07120,LOC_Os11g15320,motif,merged
LOC_Os01g07120,LOC_Os06g03330,motif,merged
LOC_Os01g07120,LOC_Os06g09930,motif_CE,motif_CE
LOC_Os01g07120,LOC_Os12g16300,motif,merged
LOC_Os01g07120,LOC_Os05g37730,"motif, motif_CE",merged
LOC_Os01g07120,LOC_Os01g59790,motif,merged
LOC_Os01g07120,LOC_Os11g27300,motif_CE,motif_CE
LOC_Os01g07120,LOC_Os03g03020,"motif, motif_CE",merged
LOC_Os01g07120,LOC_Os04g32220,motif,merged
LOC_Os01g07120,LOC_Os05g39510,motif,merged
LOC_Os01g07120,LOC_Os12g14960,"FunTFBS, motif",merged
LOC_Os01g07120,LOC_Os06g04470,motif,merged
LOC_Os01g07120,LOC_Os05g11090,motif,merged
LOC_Os01g07120,LOC_Os11g01074,motif,merged
LOC_Os01g07120,LOC_Os04g57480,motif,merged
LOC_Os01g07120,LOC_Os12g20460,motif,merged
LOC_Os01g07120,LOC_Os07g48820,"motif, motif_CE",merged
LOC_Os01g07120,LOC_Os03g57880,motif,merged
LOC_Os01g07120,LOC_Os10g36972,motif,merged
LOC_Os01g07120,LOC_Os02g19290,motif,merged
LOC_Os01g07120,LOC_Os09g02830,motif,merged
LOC_Os01g07120,LOC_Os12g04050,motif,merged
LOC_Os01g07120,LOC_Os06g48600,motif_CE,motif_CE
LOC_Os01g07120,LOC_Os11g30130,motif,merged
LOC_Os01g07120,LOC_Os12g01820,motif_CE,motif_CE
LOC_Os01g07120,LOC_Os12g36640,"FunTFBS, motif",merged
LOC_Os01g07120,LOC_Os01g01510,motif,merged
LOC_Os01g07120,LOC_Os05g10820,motif,merged
LOC_Os01g07120,LOC_Os04g46894,motif_CE,motif_CE
LOC_Os01g07120,LOC_Os01g70830,motif,merged
LOC_Os01g07120,LOC_Os01g14940,FunTFBS,FunTFBS
LOC_Os01g07120,LOC_Os08g16420,motif,merged
LOC_Os01g07120,LOC_Os01g24120,motif,merged
LOC_Os01g07120,LOC_Os01g28184,motif,merged
LOC_Os01g07120,LOC_Os03g04300,motif_CE,motif_CE
LOC_Os01g07120,LOC_Os09g39750,motif,merged
LOC_Os01g07120,LOC_Os01g16650,motif,merged
LOC_Os01g07120,LOC_Os08g23090,motif,merged
LOC_Os01g07120,LOC_Os04g59510,motif_CE,motif_CE
LOC_Os01g07120,LOC_Os11g31470,motif,merged
LOC_Os01g07120,LOC_Os06g10940,"motif, motif_CE",merged
LOC_Os01g07120,LOC_Os12g34200,motif,merged
LOC_Os01g07120,LOC_Os10g37604,motif,merged
LOC_Os01g07120,LOC_Os04g18430,motif,merged
LOC_Os01g07120,LOC_Os10g11550,motif,merged
LOC_Os01g07120,LOC_Os05g12100,motif,merged
LOC_Os01g07120,LOC_Os10g37520,motif,merged
LOC_Os01g07120,LOC_Os06g14540,motif,merged
LOC_Os01g07120,LOC_Os09g17530,motif,merged
LOC_Os01g07120,LOC_Os03g44430,motif,merged
LOC_Os01g07120,LOC_Os07g47380,"motif, motif_CE",merged
LOC_Os01g07120,LOC_Os02g12340,motif,merged
LOC_Os01g07120,LOC_Os04g17870,motif,merged
LOC_Os01g07120,LOC_Os07g13319,"FunTFBS, motif",merged
LOC_Os01g07120,LOC_Os02g38730,motif,merged
LOC_Os01g07120,LOC_Os09g03850,FunTFBS,FunTFBS
LOC_Os01g07120,LOC_Os05g05760,motif,merged
LOC_Os01g07120,LOC_Os04g52580,motif_CE,motif_CE
LOC_Os01g07120,LOC_Os02g06510,"motif, motif_CE",merged
LOC_Os01g07120,LOC_Os01g74340,motif,merged
LOC_Os01g07120,LOC_Os11g03610,motif,merged
LOC_Os01g07120,LOC_Os04g58580,motif,merged
LOC_Os01g07120,LOC_Os04g09780,motif,merged
LOC_Os01g07120,LOC_Os02g34210,FunTFBS,FunTFBS
LOC_Os01g07120,LOC_Os12g05770,motif_CE,motif_CE
LOC_Os01g07120,LOC_Os10g41790,motif,merged
LOC_Os01g07120,LOC_Os12g04980,motif,merged
LOC_Os01g07120,LOC_Os04g18400,motif,merged
LOC_Os01g07120,LOC_Os02g05810,motif,merged
LOC_Os01g07120,LOC_Os03g01780,motif,merged
LOC_Os01g07120,LOC_Os05g27160,motif,merged
LOC_Os01g07120,LOC_Os02g55470,motif,merged
LOC_Os01g07120,LOC_Os10g21810,motif,merged
LOC_Os01g07120,LOC_Os06g26280,motif,merged
LOC_Os01g07120,LOC_Os02g42200,"motif, motif_CE",merged
LOC_Os01g07120,LOC_Os07g02070,motif,merged
LOC_Os01g07120,LOC_Os07g40920,motif,merged
LOC_Os01g07120,LOC_Os06g07710,FunTFBS,FunTFBS
LOC_Os01g07120,LOC_Os02g44470,"motif, motif_CE",merged
LOC_Os01g07120,LOC_Os04g24410,"motif, motif_CE",merged
LOC_Os01g07120,LOC_Os10g40300,motif,merged
LOC_Os01g07120,LOC_Os07g05190,"motif, motif_CE",merged
LOC_Os01g07120,LOC_Os03g20650,motif,merged
LOC_Os01g07120,LOC_Os10g28560,motif,merged
LOC_Os01g07120,LOC_Os07g37760,motif,merged
LOC_Os01g07120,LOC_Os11g16350,motif,merged
LOC_Os01g07120,LOC_Os06g21150,motif,merged
LOC_Os01g07120,LOC_Os03g49560,motif_CE,motif_CE
LOC_Os01g07120,LOC_Os07g03750,motif,merged
LOC_Os01g07120,LOC_Os08g30850,motif,merged
LOC_Os01g07120,LOC_Os06g16140,motif,merged
LOC_Os01g07120,LOC_Os03g51490,motif,merged
LOC_Os01g07120,LOC_Os12g28930,motif,merged
LOC_Os01g07120,LOC_Os03g43730,motif,merged
LOC_Os01g07120,LOC_Os11g46150,"motif, motif_CE",merged
LOC_Os01g07120,LOC_Os06g35814,motif,merged
LOC_Os01g07120,LOC_Os12g26090,motif,merged
LOC_Os01g07120,LOC_Os03g12580,motif,merged
LOC_Os01g07120,LOC_Os12g28370,motif,merged
LOC_Os01g07120,LOC_Os04g22510,motif,merged
LOC_Os01g07120,LOC_Os02g50420,motif,merged
LOC_Os01g07120,LOC_Os04g16940,motif,merged
LOC_Os01g07120,LOC_Os03g06210,motif_CE,motif_CE
LOC_Os01g07120,LOC_Os04g34500,motif,merged
LOC_Os01g07120,LOC_Os11g35790,motif,merged
LOC_Os01g07120,LOC_Os04g07240,motif,merged
LOC_Os01g07120,LOC_Os07g40050,motif,merged
LOC_Os01g07120,LOC_Os09g36180,"motif, motif_CE",merged
LOC_Os01g07120,LOC_Os07g01470,motif_CE,motif_CE
LOC_Os01g07120,LOC_Os09g18400,motif,merged
LOC_Os01g07120,LOC_Os10g10214,motif,merged
LOC_Os01g07120,LOC_Os03g55014,FunTFBS,FunTFBS
LOC_Os01g07120,LOC_Os02g44900,"motif, motif_CE",merged
LOC_Os01g07120,LOC_Os10g32470,motif,merged
LOC_Os01g07120,LOC_Os11g39890,motif,merged
LOC_Os01g07120,LOC_Os12g27050,motif,merged
LOC_Os01g07120,LOC_Os06g06870,"FunTFBS, motif",merged
LOC_Os01g07120,LOC_Os07g05920,"FunTFBS, motif",merged
LOC_Os01g07120,LOC_Os10g07380,motif,merged
LOC_Os01g07120,LOC_Os01g21850,"motif, motif_CE",merged
LOC_Os01g07120,LOC_Os06g17280,motif_CE,motif_CE
LOC_Os01g07120,LOC_Os07g44880,motif,merged
LOC_Os01g07120,LOC_Os01g68860,motif,merged
LOC_Os01g07120,LOC_Os04g48330,motif_CE,motif_CE
LOC_Os01g07120,LOC_Os06g33060,motif,merged
LOC_Os01g07120,LOC_Os05g04060,motif,merged
LOC_Os01g07120,LOC_Os03g30320,motif,merged
LOC_Os01g07120,LOC_Os11g06780,"motif, motif_CE",merged
LOC_Os01g07120,LOC_Os08g07870,motif,merged
LOC_Os01g07120,LOC_Os04g32200,motif,merged
LOC_Os01g07120,LOC_Os01g45260,motif,merged
LOC_Os01g07120,LOC_Os07g15860,motif,merged
LOC_Os01g07120,LOC_Os07g11580,motif,merged
LOC_Os01g07120,LOC_Os08g34040,motif,merged
LOC_Os01g07120,LOC_Os08g15790,motif,merged
LOC_Os01g07120,LOC_Os01g18790,motif_CE,motif_CE
LOC_Os01g07120,LOC_Os06g13910,motif,merged
LOC_Os01g07120,LOC_Os04g25550,motif,merged
LOC_Os01g07120,LOC_Os03g18220,FunTFBS,FunTFBS
LOC_Os01g07120,LOC_Os05g49900,motif,merged
LOC_Os01g07120,LOC_Os10g15060,motif,merged
LOC_Os01g07120,LOC_Os04g47555,"motif, motif_CE",merged
LOC_Os01g07120,LOC_Os06g09400,motif,merged
LOC_Os01g07120,LOC_Os02g10550,motif,merged
LOC_Os01g07120,LOC_Os06g16980,"motif, motif_CE",merged
LOC_Os01g07120,LOC_Os09g15520,motif,merged
LOC_Os01g07120,LOC_Os11g27300,"motif, motif_CE",merged
LOC_Os01g07120,LOC_Os12g06120,"FunTFBS, motif, motif_CE",merged
LOC_Os01g07120,LOC_Os07g43604,motif_CE,motif_CE
LOC_Os01g07120,LOC_Os01g49940,FunTFBS,FunTFBS
LOC_Os01g07120,LOC_Os04g42220,motif,merged
LOC_Os01g07120,LOC_Os12g38560,motif,merged
LOC_Os01g07120,LOC_Os04g14890,motif,merged
LOC_Os01g07120,LOC_Os05g44260,motif,merged
LOC_Os01g07120,LOC_Os10g33600,motif,merged
LOC_Os01g07120,ChrSy.fgenesh.gene.55,motif,merged
LOC_Os01g07120,LOC_Os03g58590,motif_CE,motif_CE
LOC_Os01g07120,LOC_Os09g29150,"FunTFBS, motif",merged
LOC_Os01g07120,LOC_Os02g53380,motif,merged
LOC_Os01g07120,LOC_Os12g36620,motif,merged
LOC_Os01g07120,LOC_Os08g39970,motif,merged
LOC_Os01g07120,LOC_Os07g43220,motif,merged
LOC_Os01g07120,LOC_Os02g52030,"motif, motif_CE",merged
LOC_Os01g07120,LOC_Os04g32310,motif,merged
LOC_Os01g07120,LOC_Os05g34530,FunTFBS,FunTFBS
LOC_Os01g07120,LOC_Os05g10930,motif,merged
LOC_Os01g07120,LOC_Os05g01870,motif,merged
LOC_Os01g07120,LOC_Os02g14350,motif,merged
LOC_Os01g07120,LOC_Os03g19630,motif,merged
LOC_Os01g07120,LOC_Os12g19810,FunTFBS,FunTFBS
LOC_Os01g07120,LOC_Os08g02330,motif,merged
LOC_Os01g07120,LOC_Os04g04320,motif_CE,motif_CE
LOC_Os01g07120,LOC_Os04g56900,motif_CE,motif_CE
LOC_Os01g07120,LOC_Os06g42420,motif,merged
LOC_Os01g07120,LOC_Os03g14530,"motif, motif_CE",merged
LOC_Os01g07120,LOC_Os09g11210,motif,merged
LOC_Os01g07120,LOC_Os07g37790,"FunTFBS, motif",merged
LOC_Os01g07120,LOC_Os09g19780,motif,merged
LOC_Os01g07120,LOC_Os01g19350,motif,merged
LOC_Os01g07120,LOC_Os04g06560,motif,merged
LOC_Os01g07120,LOC_Os07g37930,"motif, motif_CE",merged
LOC_Os01g07120,LOC_Os01g05590,motif_CE,motif_CE
LOC_Os01g07120,LOC_Os09g35000,motif,merged
LOC_Os01g07120,LOC_Os01g63750,motif,merged
LOC_Os01g07120,LOC_Os06g41050,"motif, motif_CE",merged
LOC_Os01g07120,LOC_Os08g30960,motif,merged
LOC_Os01g07120,LOC_Os03g58600,motif,merged
LOC_Os01g07120,LOC_Os04g44620,motif,merged
LOC_Os01g07120,LOC_Os07g04150,motif,merged
LOC_Os01g07120,LOC_Os03g45690,motif,merged
LOC_Os01g07120,LOC_Os07g22070,motif,merged
LOC_Os01g07120,LOC_Os12g40360,motif,merged
LOC_Os01g07120,LOC_Os01g24650,motif,merged
LOC_Os01g07120,LOC_Os03g54091,motif_CE,motif_CE
LOC_Os01g07120,LOC_Os06g40510,motif_CE,motif_CE
LOC_Os01g07120,LOC_Os01g55510,motif_CE,motif_CE
LOC_Os01g07120,LOC_Os11g02450,"motif, motif_CE",merged
LOC_Os01g07120,LOC_Os02g16670,"motif, motif_CE",merged
LOC_Os01g07120,LOC_Os01g34810,motif,merged
LOC_Os01g07120,LOC_Os07g09120,motif,merged
LOC_Os01g07120,LOC_Os06g32944,motif,merged
LOC_Os01g07120,LOC_Os08g44410,motif,merged
LOC_Os01g07120,LOC_Os12g05770,"motif, motif_CE",merged
LOC_Os01g07120,LOC_Os02g04490,"FunTFBS, motif, motif_CE",merged
LOC_Os01g07120,LOC_Os06g13000,"motif, motif_CE",merged
LOC_Os01g07120,LOC_Os08g04800,motif,merged
LOC_Os01g07120,LOC_Os02g05780,FunTFBS,FunTFBS
LOC_Os01g07120,LOC_Os12g31830,motif,merged
LOC_Os01g07120,LOC_Os05g28510,motif,merged
LOC_Os01g07120,LOC_Os07g11020,FunTFBS,FunTFBS
LOC_Os01g07120,LOC_Os02g56190,FunTFBS,FunTFBS
LOC_Os01g07120,LOC_Os07g15560,motif,merged
LOC_Os01g07120,LOC_Os08g38220,motif,merged
LOC_Os01g07120,LOC_Os01g34520,"FunTFBS, motif",merged
LOC_Os01g07120,LOC_Os04g21360,"motif, motif_CE",merged
LOC_Os01g07120,LOC_Os11g19850,motif,merged
LOC_Os01g07120,LOC_Os12g26540,motif,merged
LOC_Os01g07120,LOC_Os01g43060,motif,merged
LOC_Os01g07120,LOC_Os05g45590,motif,merged
LOC_Os01g07120,LOC_Os02g45940,motif,merged
LOC_Os01g07120,LOC_Os12g08220,"motif, motif_CE",merged
LOC_Os01g07120,LOC_Os03g39530,motif_CE,motif_CE
LOC_Os01g07120,LOC_Os11g12460,motif,merged
LOC_Os01g07120,LOC_Os03g06210,"motif, motif_CE",merged
LOC_Os01g07120,LOC_Os12g41490,motif,merged
LOC_Os01g07120,LOC_Os06g29580,"motif, motif_CE",merged
LOC_Os01g07120,LOC_Os01g24240,motif,merged
LOC_Os01g07120,LOC_Os11g15020,motif,merged
LOC_Os01g07120,LOC_Os01g16010,motif,merged
LOC_Os01g07120,LOC_Os12g41540,motif,merged
LOC_Os01g07120,LOC_Os12g30610,motif_CE,motif_CE
LOC_Os01g07120,LOC_Os04g48330,"motif, motif_CE",merged
LOC_Os01g07120,LOC_Os02g45130,"motif, motif_CE",merged
LOC_Os01g07120,LOC_Os04g07970,motif,merged
LOC_Os01g07120,LOC_Os05g50880,motif,merged
LOC_Os01g07120,LOC_Os09g34075,motif,merged
LOC_Os01g07120,LOC_Os12g08720,FunTFBS,FunTFBS
LOC_Os01g07120,LOC_Os05g20010,motif,merged
LOC_Os01g07120,LOC_Os04g06960,motif,merged
LOC_Os01g07120,LOC_Os04g10260,motif,merged
LOC_Os01g07120,LOC_Os09g13760,motif,merged
LOC_Os01g07120,LOC_Os04g45670,motif,merged
LOC_Os01g07120,LOC_Os01g18230,motif,merged
LOC_Os01g07120,LOC_Os01g60180,"motif, motif_CE",merged
LOC_Os01g07120,LOC_Os11g36570,FunTFBS,FunTFBS
LOC_Os01g07120,LOC_Os12g31380,"motif, motif_CE",merged
LOC_Os01g07120,LOC_Os10g08180,motif,merged
LOC_Os01g07120,LOC_Os06g06130,motif,merged
LOC_Os01g07120,LOC_Os02g14710,motif_CE,motif_CE
LOC_Os01g07120,LOC_Os10g04020,motif_CE,motif_CE
LOC_Os01g07120,LOC_Os01g09246,motif_CE,motif_CE
LOC_Os01g07120,LOC_Os06g08180,motif,merged
LOC_Os01g07120,LOC_Os09g21470,"motif, motif_CE",merged
LOC_Os01g07120,LOC_Os01g53860,motif,merged
LOC_Os01g07120,LOC_Os03g29740,FunTFBS,FunTFBS
LOC_Os01g07120,LOC_Os07g06644,motif,merged
LOC_Os01g07120,LOC_Os03g28110,motif,merged
LOC_Os01g07120,LOC_Os09g29800,motif_CE,motif_CE
LOC_Os01g07120,LOC_Os12g18690,motif,merged
LOC_Os01g07120,LOC_Os04g22330,FunTFBS,FunTFBS
LOC_Os01g07120,LOC_Os06g34320,FunTFBS,FunTFBS
LOC_Os01g07120,LOC_Os01g48770,"motif, motif_CE",merged
LOC_Os01g07120,LOC_Os03g01830,"motif, motif_CE",merged
LOC_Os01g07120,LOC_Os10g41270,motif,merged
LOC_Os01g07120,LOC_Os03g62630,motif,merged
LOC_Os01g07120,LOC_Os04g21950,motif,merged
LOC_Os01g07120,LOC_Os06g45220,"FunTFBS, motif, motif_CE",merged
LOC_Os01g07120,LOC_Os03g58590,"motif, motif_CE",merged
LOC_Os01g07120,LOC_Os08g06344,motif_CE,motif_CE
LOC_Os01g07120,LOC_Os04g15890,motif,merged
LOC_Os01g07120,LOC_Os12g04840,"motif, motif_CE",merged
LOC_Os01g07120,LOC_Os10g32280,motif,merged
LOC_Os01g07120,LOC_Os12g11200,motif,merged
LOC_Os01g07120,LOC_Os02g37760,"FunTFBS, motif",merged
LOC_Os01g07120,LOC_Os08g34090,motif,merged
LOC_Os01g07120,LOC_Os12g01820,"motif, motif_CE",merged
LOC_Os01g07120,LOC_Os03g11400,motif,merged
LOC_Os01g07120,LOC_Os07g31930,motif,merged
LOC_Os01g07120,LOC_Os03g04300,"motif, motif_CE",merged
LOC_Os01g07120,LOC_Os04g04320,"motif, motif_CE",merged
LOC_Os01g07120,LOC_Os11g02770,motif,merged
LOC_Os01g07120,LOC_Os03g46910,motif,merged
LOC_Os01g07120,LOC_Os11g16560,motif_CE,motif_CE
LOC_Os01g07120,LOC_Os08g09230,motif_CE,motif_CE
LOC_Os01g07120,LOC_Os03g18264,motif,merged
LOC_Os01g07120,LOC_Os03g17780,FunTFBS,FunTFBS
LOC_Os01g07120,LOC_Os08g13390,motif,merged
LOC_Os01g07120,LOC_Os04g30790,motif,merged
LOC_Os01g07120,LOC_Os02g07850,motif_CE,motif_CE
LOC_Os01g07120,LOC_Os03g15510,motif,merged
LOC_Os01g07120,LOC_Os12g32620,motif_CE,motif_CE
LOC_Os01g07120,LOC_Os02g02390,"motif, motif_CE",merged
LOC_Os01g07120,LOC_Os04g14740,motif,merged
LOC_Os01g07120,LOC_Os12g09290,FunTFBS,FunTFBS
LOC_Os01g07120,LOC_Os05g34470,motif,merged
LOC_Os01g07120,LOC_Os02g12720,motif,merged
LOC_Os01g07120,LOC_Os02g12710,motif,merged
LOC_Os01g07120,LOC_Os06g45490,motif,merged
LOC_Os01g07120,LOC_Os09g35740,motif,merged
LOC_Os01g07120,LOC_Os01g39750,motif,merged
LOC_Os01g07120,LOC_Os11g32710,motif,merged
LOC_Os01g07120,LOC_Os11g16610,motif,merged
LOC_Os01g07120,LOC_Os03g46560,motif,merged
LOC_Os01g07120,LOC_Os07g41420,FunTFBS,FunTFBS
LOC_Os01g07120,LOC_Os11g19530,motif,merged
LOC_Os01g07120,LOC_Os05g15600,motif_CE,motif_CE
LOC_Os01g07120,LOC_Os03g16210,motif,merged
LOC_Os01g07120,LOC_Os01g12650,motif,merged
LOC_Os01g07120,LOC_Os10g34710,FunTFBS,FunTFBS
LOC_Os01g07120,LOC_Os02g04540,motif,merged
LOC_Os01g07120,LOC_Os02g27310,motif,merged
LOC_Os01g07120,LOC_Os04g46770,"motif, motif_CE",merged
LOC_Os01g07120,LOC_Os07g18860,motif,merged
LOC_Os01g07120,LOC_Os06g11860,motif_CE,motif_CE
LOC_Os01g07120,LOC_Os08g26810,motif,merged
LOC_Os01g07120,LOC_Os09g36870,motif,merged
LOC_Os01g07120,LOC_Os08g19240,motif,merged
LOC_Os01g07120,LOC_Os10g33790,motif,merged
LOC_Os01g07120,LOC_Os02g10794,motif,merged
LOC_Os01g07120,LOC_Os09g24230,motif,merged
LOC_Os01g07120,LOC_Os05g45560,motif,merged
LOC_Os01g07120,LOC_Os02g58010,"motif, motif_CE",merged
LOC_Os01g07120,LOC_Os05g32290,motif,merged
LOC_Os01g07120,LOC_Os10g41150,motif,merged
LOC_Os01g07120,LOC_Os10g34010,motif,merged
LOC_Os01g07120,LOC_Os02g02640,motif,merged
LOC_Os01g07120,LOC_Os03g49560,"motif, motif_CE",merged
LOC_Os01g07120,LOC_Os10g28020,motif,merged
LOC_Os01g07120,LOC_Os07g39880,"motif, motif_CE",merged
LOC_Os01g07120,LOC_Os12g27520,motif,merged
LOC_Os01g07120,LOC_Os10g14210,motif,merged
LOC_Os01g07120,LOC_Os09g36960,motif,merged
LOC_Os01g07120,LOC_Os02g28750,motif,merged
LOC_Os01g07120,LOC_Os02g37890,motif,merged
LOC_Os01g07120,LOC_Os06g33420,motif,merged
LOC_Os01g07120,LOC_Os07g04240,"FunTFBS, motif",merged
LOC_Os01g07120,LOC_Os04g25100,motif,merged
LOC_Os01g07120,LOC_Os08g44300,motif,merged
LOC_Os01g07120,LOC_Os12g06130,motif,merged
LOC_Os01g07120,LOC_Os02g09150,motif_CE,motif_CE
LOC_Os01g07120,LOC_Os08g43360,motif,merged
LOC_Os01g07120,LOC_Os02g38140,FunTFBS,FunTFBS
LOC_Os01g07120,LOC_Os10g13650,motif,merged
LOC_Os01g07120,LOC_Os01g36860,motif,merged
LOC_Os01g07120,LOC_Os07g01470,"motif, motif_CE",merged
LOC_Os01g07120,LOC_Os10g19210,motif,merged
LOC_Os01g07120,LOC_Os05g05200,motif,merged
LOC_Os01g07120,LOC_Os02g19440,motif,merged
LOC_Os01g07120,LOC_Os06g02240,motif,merged
LOC_Os01g07120,LOC_Os12g38460,motif,merged
LOC_Os01g07120,LOC_Os04g38330,motif_CE,motif_CE
LOC_Os01g07120,LOC_Os03g02900,motif,merged
LOC_Os01g07120,LOC_Os08g25430,motif,merged
LOC_Os01g07120,LOC_Os01g20780,motif,merged
LOC_Os01g07120,LOC_Os08g06070,FunTFBS,FunTFBS
LOC_Os01g07120,LOC_Os04g49739,motif,merged
LOC_Os01g07120,LOC_Os05g07720,motif,merged
LOC_Os01g07120,LOC_Os05g03510,"FunTFBS, motif",merged
LOC_Os01g07120,LOC_Os07g37470,motif,merged
LOC_Os01g07120,LOC_Os08g40780,motif,merged
LOC_Os01g07120,LOC_Os10g04020,"motif, motif_CE",merged
LOC_Os01g07120,LOC_Os02g14710,"motif, motif_CE",merged
LOC_Os01g07120,LOC_Os04g13410,motif,merged
LOC_Os01g07120,LOC_Os01g42040,"motif, motif_CE",merged
LOC_Os01g07120,LOC_Os01g09246,"motif, motif_CE",merged
LOC_Os01g07120,LOC_Os06g42870,motif,merged
LOC_Os01g07120,LOC_Os03g57680,motif_CE,motif_CE
LOC_Os01g07120,LOC_Os12g24290,motif,merged
LOC_Os01g07120,LOC_Os09g15540,motif,merged
LOC_Os01g07120,LOC_Os07g10950,motif,merged
LOC_Os01g07120,LOC_Os01g61300,motif,merged
LOC_Os01g07120,LOC_Os09g29800,"motif, motif_CE",merged
LOC_Os01g07120,LOC_Os09g32590,motif,merged
LOC_Os01g07120,LOC_Os01g50510,motif,merged
LOC_Os01g07120,LOC_Os11g26630,motif,merged
LOC_Os01g07120,LOC_Os01g05160,motif,merged
LOC_Os01g07120,LOC_Os05g40410,motif,merged
LOC_Os01g07120,LOC_Os04g58010,motif,merged
LOC_Os01g07120,LOC_Os01g12220,FunTFBS,FunTFBS
LOC_Os01g07120,LOC_Os03g09310,motif_CE,motif_CE
LOC_Os01g07120,LOC_Os02g12800,motif,merged
LOC_Os01g07120,LOC_Os11g27120,motif,merged
LOC_Os01g07120,LOC_Os12g05980,motif_CE,motif_CE
LOC_Os01g07120,LOC_Os06g23750,motif,merged
LOC_Os01g07120,LOC_Os12g42060,motif,merged
LOC_Os01g07120,LOC_Os12g11980,motif,merged
LOC_Os01g07120,LOC_Os11g29540,motif,merged
LOC_Os01g07120,LOC_Os02g32310,motif,merged
LOC_Os01g07120,LOC_Os06g33130,motif,merged
LOC_Os01g07120,LOC_Os01g50430,"motif, motif_CE",merged
LOC_Os01g07120,LOC_Os01g35184,motif,merged
LOC_Os01g07120,LOC_Os10g12160,motif,merged
LOC_Os01g07120,LOC_Os06g09420,motif,merged
LOC_Os01g07120,LOC_Os10g31840,"motif, motif_CE",merged
LOC_Os01g07120,LOC_Os11g05130,motif,merged
LOC_Os01g07120,LOC_Os06g23160,motif,merged
LOC_Os01g07120,LOC_Os02g10680,motif,merged
LOC_Os01g07120,LOC_Os10g27430,motif,merged
LOC_Os01g07120,LOC_Os11g37110,motif,merged
LOC_Os01g07120,LOC_Os05g20820,"FunTFBS, motif",merged
LOC_Os01g07120,LOC_Os03g53970,motif,merged
LOC_Os01g07120,LOC_Os08g07620,motif,merged
LOC_Os01g07120,LOC_Os05g44710,motif,merged
LOC_Os01g07120,LOC_Os09g12620,FunTFBS,FunTFBS
LOC_Os01g07120,LOC_Os02g26890,motif,merged
LOC_Os01g07120,LOC_Os04g56900,"motif, motif_CE",merged
LOC_Os01g07120,LOC_Os09g39630,motif,merged
LOC_Os01g07120,LOC_Os03g11140,motif_CE,motif_CE
LOC_Os01g07120,LOC_Os07g38190,motif,merged
LOC_Os01g07120,LOC_Os09g21830,motif,merged
LOC_Os01g07120,LOC_Os02g07850,"motif, motif_CE",merged
LOC_Os01g07120,LOC_Os08g06790,motif,merged
LOC_Os01g07120,LOC_Os11g02464,motif,merged
LOC_Os01g07120,LOC_Os10g37670,motif_CE,motif_CE
LOC_Os01g07120,LOC_Os10g01940,motif,merged
LOC_Os01g07120,LOC_Os10g05530,motif,merged
LOC_Os01g07120,LOC_Os07g07620,motif_CE,motif_CE
LOC_Os01g07120,LOC_Os11g40080,motif_CE,motif_CE
LOC_Os01g07120,LOC_Os02g57000,motif,merged
LOC_Os01g07120,LOC_Os11g14390,motif_CE,motif_CE
LOC_Os01g07120,LOC_Os08g42680,motif,merged
LOC_Os01g07120,LOC_Os09g31438,motif,merged
LOC_Os01g07120,LOC_Os10g08110,motif,merged
LOC_Os01g07120,LOC_Os10g06510,motif,merged
LOC_Os01g07120,LOC_Os01g61690,FunTFBS,FunTFBS
LOC_Os01g07120,LOC_Os01g10630,motif,merged
LOC_Os01g07120,LOC_Os07g30900,motif,merged
LOC_Os01g07120,LOC_Os01g72380,motif,merged
LOC_Os01g07120,LOC_Os04g20690,FunTFBS,FunTFBS
LOC_Os01g07120,LOC_Os06g11860,"motif, motif_CE",merged
LOC_Os01g07120,LOC_Os01g12820,motif,merged
LOC_Os01g07120,LOC_Os02g34290,motif,merged
LOC_Os01g07120,LOC_Os07g15390,motif,merged
LOC_Os01g07120,LOC_Os04g35160,motif,merged
LOC_Os01g07120,LOC_Os12g41715,"motif, motif_CE",merged
LOC_Os01g07120,LOC_Os05g02410,"FunTFBS, motif, motif_CE",merged
LOC_Os01g07120,LOC_Os10g24240,motif,merged
LOC_Os01g07120,LOC_Os11g08950,motif,merged
LOC_Os01g07120,LOC_Os01g43260,motif_CE,motif_CE
LOC_Os01g07120,LOC_Os04g13970,motif,merged
LOC_Os01g07120,LOC_Os06g47310,motif,merged
LOC_Os01g07120,LOC_Os05g11900,motif,merged
LOC_Os01g07120,LOC_Os11g04750,FunTFBS,FunTFBS
LOC_Os01g07120,LOC_Os05g50690,motif,merged
LOC_Os01g07120,LOC_Os08g02390,"motif, motif_CE",merged
LOC_Os01g07120,LOC_Os01g10790,"FunTFBS, motif, motif_CE",merged
LOC_Os01g07120,LOC_Os04g09500,motif,merged
LOC_Os01g07120,LOC_Os02g39280,motif_CE,motif_CE
LOC_Os01g07120,LOC_Os12g44010,motif,merged
LOC_Os01g07120,LOC_Os11g02760,motif,merged
LOC_Os01g07120,LOC_Os01g72205,FunTFBS,FunTFBS
LOC_Os01g07120,LOC_Os12g04424,motif,merged
LOC_Os01g07120,LOC_Os12g41400,motif,merged
LOC_Os01g07120,LOC_Os05g06280,motif,merged
LOC_Os01g07120,LOC_Os02g06870,motif,merged
LOC_Os01g07120,LOC_Os11g42240,motif,merged
LOC_Os01g07120,LOC_Os02g06540,motif,merged
LOC_Os01g07120,LOC_Os11g04050,"FunTFBS, motif, motif_CE",merged
LOC_Os01g07120,LOC_Os04g04950,motif,merged
LOC_Os01g07120,LOC_Os10g35720,motif,merged
LOC_Os01g07120,LOC_Os07g42960,FunTFBS,FunTFBS
LOC_Os01g07120,LOC_Os08g41590,motif,merged
LOC_Os01g07120,LOC_Os11g38150,"FunTFBS, motif, motif_CE",merged
LOC_Os01g07120,LOC_Os04g02100,motif,merged
LOC_Os01g07120,LOC_Os11g24620,motif,merged
LOC_Os01g07120,LOC_Os12g22850,motif,merged
LOC_Os01g07120,LOC_Os07g12320,motif_CE,motif_CE
LOC_Os01g07120,LOC_Os05g46040,"FunTFBS, motif, motif_CE",merged
LOC_Os01g07120,LOC_Os09g37012,motif,merged
LOC_Os01g07120,LOC_Os10g04290,motif,merged
LOC_Os01g07120,LOC_Os01g05450,"FunTFBS, motif",merged
LOC_Os01g07120,LOC_Os11g43750,motif,merged
LOC_Os01g07120,LOC_Os03g39530,"motif, motif_CE",merged
LOC_Os01g07120,LOC_Os12g15520,motif,merged
LOC_Os01g07120,LOC_Os06g11600,motif,merged
LOC_Os01g07120,LOC_Os04g15550,motif,merged
LOC_Os01g07120,LOC_Os02g14330,motif,merged
LOC_Os01g07120,LOC_Os02g40860,motif,merged
LOC_Os01g07120,LOC_Os04g48310,motif,merged
LOC_Os01g07120,LOC_Os11g25870,motif,merged
LOC_Os01g07120,LOC_Os06g11640,motif_CE,motif_CE
LOC_Os01g07120,LOC_Os12g29670,FunTFBS,FunTFBS
LOC_Os01g07120,LOC_Os01g70750,motif_CE,motif_CE
LOC_Os01g07120,LOC_Os08g45270,motif,merged
LOC_Os01g07120,LOC_Os04g38330,"motif, motif_CE",merged
LOC_Os01g07120,LOC_Os08g15170,"motif, motif_CE",merged
LOC_Os01g07120,LOC_Os01g55880,motif,merged
LOC_Os01g07120,LOC_Os02g56020,motif_CE,motif_CE
LOC_Os01g07120,LOC_Os06g07190,motif,merged
LOC_Os01g07120,LOC_Os05g38530,motif,merged
LOC_Os01g07120,LOC_Os06g35470,motif_CE,motif_CE
LOC_Os01g07120,LOC_Os01g14932,FunTFBS,FunTFBS
LOC_Os01g07120,LOC_Os09g15150,motif,merged
LOC_Os01g07120,LOC_Os05g04220,"FunTFBS, motif",merged
LOC_Os01g07120,LOC_Os08g06130,"FunTFBS, motif, motif_CE",merged
LOC_Os01g07120,LOC_Os11g36480,motif,merged
LOC_Os01g07120,LOC_Os03g57680,"motif, motif_CE",merged
LOC_Os01g07120,LOC_Os10g03820,motif,merged
LOC_Os01g07120,LOC_Os08g11520,motif,merged
LOC_Os01g07120,LOC_Os03g15790,motif,merged
LOC_Os01g07120,LOC_Os09g29500,motif,merged
LOC_Os01g07120,LOC_Os09g08480,motif,merged
LOC_Os01g07120,LOC_Os03g45560,motif,merged
LOC_Os01g07120,LOC_Os06g41910,motif,merged
LOC_Os01g07120,LOC_Os08g09320,"motif, motif_CE",merged
LOC_Os01g07120,LOC_Os03g19275,motif_CE,motif_CE
LOC_Os01g07120,LOC_Os01g03730,motif,merged
LOC_Os01g07120,LOC_Os03g09310,"motif, motif_CE",merged
LOC_Os01g07120,LOC_Os09g07520,motif,merged
LOC_Os01g07120,LOC_Os06g10370,motif,merged
LOC_Os01g07120,LOC_Os07g45439,motif,merged
LOC_Os01g07120,LOC_Os01g12430,motif,merged
LOC_Os01g07120,LOC_Os08g31550,"FunTFBS, motif",merged
LOC_Os01g07120,LOC_Os01g54340,"motif, motif_CE",merged
LOC_Os01g07120,LOC_Os02g17850,motif_CE,motif_CE
LOC_Os01g07120,LOC_Os12g28440,motif,merged
LOC_Os01g07120,LOC_Os01g74350,motif,merged
LOC_Os01g07120,LOC_Os03g23000,motif,merged
LOC_Os01g07120,LOC_Os03g60800,"motif, motif_CE",merged
LOC_Os01g07120,LOC_Os06g06740,motif_CE,motif_CE
LOC_Os01g07120,LOC_Os07g19190,motif,merged
LOC_Os01g07120,LOC_Os03g24610,motif,merged
LOC_Os01g07120,LOC_Os07g31790,motif,merged
LOC_Os01g07120,LOC_Os09g26290,motif_CE,motif_CE
LOC_Os01g07120,LOC_Os01g67550,motif_CE,motif_CE
LOC_Os01g07120,LOC_Os01g12180,motif,merged
LOC_Os01g07120,LOC_Os02g28850,motif,merged
LOC_Os01g07120,LOC_Os07g43030,motif,merged
LOC_Os01g07120,LOC_Os12g17700,motif,merged
LOC_Os01g07120,LOC_Os11g04440,"FunTFBS, motif, motif_CE",merged
LOC_Os01g07120,LOC_Os05g43070,motif,merged
LOC_Os01g07120,LOC_Os01g15660,motif,merged
LOC_Os01g07120,LOC_Os09g18040,motif,merged
LOC_Os01g07120,LOC_Os04g26680,motif,merged
LOC_Os01g07120,LOC_Os02g12650,motif,merged
LOC_Os01g07120,LOC_Os08g06150,motif,merged
LOC_Os01g07120,LOC_Os01g31590,FunTFBS,FunTFBS
LOC_Os01g07120,LOC_Os01g67750,motif_CE,motif_CE
LOC_Os01g07120,LOC_Os01g55094,motif,merged
LOC_Os01g07120,LOC_Os03g51984,motif,merged
LOC_Os01g07120,LOC_Os11g42450,"FunTFBS, motif",merged
LOC_Os01g07120,LOC_Os04g43690,motif_CE,motif_CE
LOC_Os01g07120,LOC_Os03g11140,"motif, motif_CE",merged
LOC_Os01g07120,LOC_Os04g35080,"motif, motif_CE",merged
LOC_Os01g07120,LOC_Os01g03280,motif,merged
LOC_Os01g07120,LOC_Os04g22870,motif,merged
LOC_Os01g07120,LOC_Os06g11520,"motif, motif_CE",merged
LOC_Os01g07120,LOC_Os05g28930,motif,merged
LOC_Os01g07120,LOC_Os01g31780,FunTFBS,FunTFBS
LOC_Os01g07120,LOC_Os04g35090,"motif, motif_CE",merged
LOC_Os01g07120,LOC_Os07g44100,motif_CE,motif_CE
LOC_Os01g07120,LOC_Os03g09200,motif,merged
LOC_Os01g07120,LOC_Os03g11270,"FunTFBS, motif",merged
LOC_Os01g07120,LOC_Os11g14390,"motif, motif_CE",merged
LOC_Os01g07120,LOC_Os11g19320,motif,merged
LOC_Os01g07120,LOC_Os07g49290,motif,merged
LOC_Os01g07120,LOC_Os04g51050,motif,merged
LOC_Os01g07120,LOC_Os06g01010,motif,merged
LOC_Os01g07120,LOC_Os08g04360,motif,merged
LOC_Os01g07120,LOC_Os03g28180,motif,merged
LOC_Os01g07120,LOC_Os04g34550,motif,merged
LOC_Os01g07120,LOC_Os07g42104,motif,merged
LOC_Os01g07120,LOC_Os02g18390,motif,merged
LOC_Os01g07120,LOC_Os10g20870,motif,merged
LOC_Os01g07120,LOC_Os01g32810,motif,merged
LOC_Os01g07120,LOC_Os11g27390,motif,merged
LOC_Os01g07120,LOC_Os05g42300,motif,merged
LOC_Os01g07120,LOC_Os02g22410,motif,merged
LOC_Os01g07120,LOC_Os08g14630,motif,merged
LOC_Os01g07120,LOC_Os08g08120,motif_CE,motif_CE
LOC_Os01g07120,LOC_Os12g40030,motif,merged
LOC_Os01g07120,LOC_Os03g32580,FunTFBS,FunTFBS
LOC_Os01g07120,LOC_Os01g43260,"motif, motif_CE",merged
LOC_Os01g07120,LOC_Os02g27870,motif,merged
LOC_Os01g07120,LOC_Os09g16190,motif,merged
LOC_Os01g07120,LOC_Os11g35590,motif,merged
LOC_Os01g07120,LOC_Os01g42840,motif,merged
LOC_Os01g07120,LOC_Os02g31140,"FunTFBS, motif, motif_CE",merged
LOC_Os01g07120,LOC_Os09g01560,motif,merged
LOC_Os01g07120,LOC_Os08g11550,motif,merged
LOC_Os01g07120,LOC_Os05g20830,motif,merged
LOC_Os01g07120,LOC_Os04g23910,motif,merged
LOC_Os01g07120,LOC_Os07g14260,motif,merged
LOC_Os01g07120,LOC_Os03g16320,motif,merged
LOC_Os01g07120,LOC_Os07g12320,"motif, motif_CE",merged
LOC_Os01g07120,LOC_Os08g13710,motif,merged
LOC_Os01g07120,LOC_Os09g20310,"motif, motif_CE",merged
LOC_Os01g07120,LOC_Os01g21585,FunTFBS,FunTFBS
LOC_Os01g07120,LOC_Os12g35890,motif,merged
LOC_Os01g07120,LOC_Os02g41940,"FunTFBS, motif",merged
LOC_Os01g07120,LOC_Os06g26180,motif,merged
LOC_Os01g07120,LOC_Os05g16030,motif,merged
LOC_Os01g07120,LOC_Os08g45130,"motif, motif_CE",merged
LOC_Os01g07120,LOC_Os03g42310,motif,merged
LOC_Os01g07120,LOC_Os02g09150,"motif, motif_CE",merged
LOC_Os01g07120,LOC_Os06g21290,motif,merged
LOC_Os01g07120,LOC_Os03g63730,motif,merged
LOC_Os01g07120,LOC_Os06g11640,"motif, motif_CE",merged
LOC_Os01g07120,LOC_Os10g01150,motif,merged
LOC_Os01g07120,LOC_Os11g03450,motif_CE,motif_CE
LOC_Os01g07120,LOC_Os11g10000,motif,merged
LOC_Os01g07120,LOC_Os03g37050,motif,merged
LOC_Os01g07120,LOC_Os08g12680,motif,merged
LOC_Os01g07120,LOC_Os08g31190,motif,merged
LOC_Os01g07120,LOC_Os02g26404,motif_CE,motif_CE
LOC_Os01g07120,LOC_Os06g15700,motif,merged
LOC_Os01g07120,LOC_Os07g05070,motif,merged
LOC_Os01g07120,LOC_Os08g08320,motif,merged
LOC_Os01g07120,LOC_Os09g25090,motif,merged
LOC_Os01g07120,LOC_Os01g37180,motif,merged
LOC_Os01g07120,LOC_Os10g06670,motif,merged
LOC_Os01g07120,LOC_Os03g33400,motif,merged
LOC_Os01g07120,LOC_Os11g08050,motif,merged
LOC_Os01g07120,LOC_Os09g34130,FunTFBS,FunTFBS
LOC_Os01g07120,LOC_Os07g36300,motif,merged
LOC_Os01g07120,LOC_Os06g28950,motif,merged
LOC_Os01g07120,LOC_Os07g15090,motif,merged
LOC_Os01g07120,LOC_Os09g39360,motif,merged
LOC_Os01g07120,LOC_Os08g02670,motif_CE,motif_CE
LOC_Os01g07120,LOC_Os06g10320,motif_CE,motif_CE
LOC_Os01g07120,LOC_Os11g37270,motif,merged
LOC_Os01g07120,LOC_Os12g31480,"motif, motif_CE",merged
LOC_Os01g07120,LOC_Os11g44030,motif,merged
LOC_Os01g07120,LOC_Os10g22900,motif,merged
LOC_Os01g07120,LOC_Os02g17240,motif,merged
LOC_Os01g07120,LOC_Os03g19275,"motif, motif_CE",merged
LOC_Os01g07120,LOC_Os12g34310,motif,merged
LOC_Os01g07120,LOC_Os05g07890,motif,merged
LOC_Os01g07120,LOC_Os08g42880,motif,merged
LOC_Os01g07120,LOC_Os06g09900,motif,merged
LOC_Os01g07120,LOC_Os12g02550,"motif, motif_CE",merged
LOC_Os01g07120,LOC_Os01g64090,motif,merged
LOC_Os01g07120,LOC_Os02g17850,"motif, motif_CE",merged
LOC_Os01g07120,LOC_Os03g62830,motif,merged
LOC_Os01g07120,LOC_Os08g40240,motif,merged
LOC_Os01g07120,LOC_Os05g44080,motif_CE,motif_CE
LOC_Os01g07120,LOC_Os02g38050,motif,merged
LOC_Os01g07120,LOC_Os08g06870,"motif, motif_CE",merged
LOC_Os01g07120,LOC_Os02g02290,motif_CE,motif_CE
LOC_Os01g07120,LOC_Os06g13839,motif,merged
LOC_Os01g07120,LOC_Os09g26290,"motif, motif_CE",merged
LOC_Os01g07120,LOC_Os09g28820,motif,merged
LOC_Os01g07120,LOC_Os06g23560,motif,merged
LOC_Os01g07120,LOC_Os11g11680,motif,merged
LOC_Os01g07120,LOC_Os05g05070,motif,merged
LOC_Os01g07120,LOC_Os11g31660,motif,merged
LOC_Os01g07120,LOC_Os01g13460,motif_CE,motif_CE
LOC_Os01g07120,LOC_Os01g67530,motif,merged
LOC_Os01g07120,LOC_Os03g27360,"FunTFBS, motif",merged
LOC_Os01g07120,LOC_Os01g58470,"FunTFBS, motif, motif_CE",merged
LOC_Os01g07120,LOC_Os08g34940,motif,merged
LOC_Os01g07120,LOC_Os06g08800,motif,merged
LOC_Os01g07120,LOC_Os02g08200,FunTFBS,FunTFBS
LOC_Os01g07120,LOC_Os05g39650,motif,merged
LOC_Os01g07120,LOC_Os11g35890,motif,merged
LOC_Os01g07120,LOC_Os04g57540,motif,merged
LOC_Os01g07120,LOC_Os01g68524,motif_CE,motif_CE
LOC_Os01g07120,LOC_Os07g10870,motif,merged
LOC_Os01g07120,LOC_Os09g23200,motif,merged
LOC_Os01g07120,LOC_Os05g19900,motif,merged
LOC_Os01g07120,LOC_Os03g10050,motif,merged
LOC_Os01g07120,LOC_Os10g27274,motif,merged
LOC_Os01g07120,LOC_Os07g38910,motif,merged
LOC_Os01g07120,LOC_Os07g44100,"motif, motif_CE",merged
LOC_Os01g07120,LOC_Os01g70620,motif,merged
LOC_Os01g07120,LOC_Os03g49890,motif,merged
LOC_Os01g07120,LOC_Os09g13300,motif,merged
LOC_Os01g07120,LOC_Os03g18570,motif_CE,motif_CE
LOC_Os01g07120,LOC_Os09g03250,motif,merged
LOC_Os01g07120,LOC_Os05g14840,"FunTFBS, motif",merged
LOC_Os01g07120,LOC_Os11g45580,motif,merged
LOC_Os01g07120,LOC_Os01g56090,motif,merged
LOC_Os01g07120,LOC_Os01g58510,motif_CE,motif_CE
LOC_Os01g07120,LOC_Os04g34910,motif,merged
LOC_Os01g07120,LOC_Os12g38420,motif,merged
LOC_Os01g07120,LOC_Os05g16664,motif,merged
LOC_Os01g07120,LOC_Os06g16340,motif,merged
LOC_Os01g07120,LOC_Os09g31300,motif,merged
LOC_Os01g07120,LOC_Os03g50520,motif,merged
LOC_Os01g07120,LOC_Os02g35950,motif_CE,motif_CE
LOC_Os01g07120,LOC_Os08g43570,motif,merged
LOC_Os01g07120,LOC_Os03g51390,motif,merged
LOC_Os01g07120,LOC_Os10g27190,"FunTFBS, motif, motif_CE",merged
LOC_Os01g07120,LOC_Os11g10670,motif,merged
LOC_Os01g07120,LOC_Os01g56640,"motif, motif_CE",merged
LOC_Os01g07120,LOC_Os02g57850,motif,merged
LOC_Os01g07120,LOC_Os03g40030,motif,merged
LOC_Os01g07120,LOC_Os10g36860,motif,merged
LOC_Os01g07120,LOC_Os10g33680,motif_CE,motif_CE
LOC_Os01g07120,LOC_Os02g07840,motif_CE,motif_CE
LOC_Os01g07120,LOC_Os08g06410,motif_CE,motif_CE
LOC_Os01g07120,LOC_Os06g19650,motif,merged
LOC_Os01g07120,LOC_Os12g41150,FunTFBS,FunTFBS
LOC_Os01g07120,LOC_Os07g32160,motif,merged
LOC_Os01g07120,LOC_Os12g10120,motif,merged
LOC_Os01g07120,LOC_Os04g49720,motif,merged
LOC_Os01g07120,LOC_Os01g65730,motif,merged
LOC_Os01g07120,LOC_Os03g52780,"FunTFBS, motif, motif_CE",merged
LOC_Os01g07120,LOC_Os02g32570,motif_CE,motif_CE
LOC_Os01g07120,LOC_Os03g18160,motif,merged
LOC_Os01g07120,LOC_Os07g46360,motif,merged
LOC_Os01g07120,LOC_Os11g41000,motif,merged
LOC_Os01g07120,LOC_Os10g36390,motif,merged
LOC_Os01g07120,LOC_Os06g28160,motif,merged
LOC_Os01g07120,LOC_Os01g49670,motif,merged
LOC_Os01g07120,LOC_Os02g05365,motif,merged
LOC_Os01g07120,LOC_Os03g22390,motif_CE,motif_CE
LOC_Os01g07120,LOC_Os12g20360,motif,merged
LOC_Os01g07120,LOC_Os05g35900,FunTFBS,FunTFBS
LOC_Os01g07120,LOC_Os01g40030,motif,merged
LOC_Os01g07120,LOC_Os01g22630,motif,merged
LOC_Os01g07120,LOC_Os08g32530,motif,merged
LOC_Os01g07120,LOC_Os02g01250,motif,merged
LOC_Os01g07120,LOC_Os05g29940,motif,merged
LOC_Os01g07120,LOC_Os10g34570,FunTFBS,FunTFBS
LOC_Os01g07120,LOC_Os12g13980,motif,merged
LOC_Os01g07120,LOC_Os07g44000,motif,merged
LOC_Os01g07120,LOC_Os07g03980,motif,merged
LOC_Os01g07120,LOC_Os06g33310,FunTFBS,FunTFBS
LOC_Os01g07120,LOC_Os01g27190,motif,merged
LOC_Os01g07120,LOC_Os01g52090,motif,merged
LOC_Os01g07120,LOC_Os07g39110,motif_CE,motif_CE
LOC_Os01g07120,LOC_Os06g41990,motif_CE,motif_CE
LOC_Os01g07120,LOC_Os05g25060,motif_CE,motif_CE
LOC_Os01g07120,LOC_Os01g18160,motif,merged
LOC_Os01g07120,LOC_Os03g30590,motif,merged
LOC_Os01g07120,LOC_Os08g19930,FunTFBS,FunTFBS
LOC_Os01g07120,LOC_Os07g49220,FunTFBS,FunTFBS
LOC_Os01g07120,LOC_Os11g09210,motif,merged
LOC_Os01g07120,LOC_Os03g52280,FunTFBS,FunTFBS
LOC_Os01g07120,LOC_Os10g32920,motif_CE,motif_CE
LOC_Os01g07120,LOC_Os11g41470,motif,merged
LOC_Os01g07120,LOC_Os02g56020,"motif, motif_CE",merged
LOC_Os01g07120,LOC_Os06g46970,motif,merged
LOC_Os01g07120,LOC_Os08g02670,"motif, motif_CE",merged
LOC_Os01g07120,LOC_Os06g31210,motif_CE,motif_CE
LOC_Os01g07120,LOC_Os06g10320,"motif, motif_CE",merged
LOC_Os01g07120,LOC_Os09g24200,motif,merged
LOC_Os01g07120,LOC_Os01g03530,motif_CE,motif_CE
LOC_Os01g07120,LOC_Os09g23630,motif,merged
LOC_Os01g07120,LOC_Os03g21850,motif,merged
LOC_Os01g07120,LOC_Os03g44300,"motif, motif_CE",merged
LOC_Os01g07120,LOC_Os05g49030,"motif, motif_CE",merged
LOC_Os01g07120,LOC_Os03g04230,"FunTFBS, motif",merged
LOC_Os01g07120,LOC_Os04g54780,motif,merged
LOC_Os01g07120,LOC_Os04g22140,FunTFBS,FunTFBS
LOC_Os01g07120,LOC_Os08g31080,motif_CE,motif_CE
LOC_Os01g07120,LOC_Os10g10020,motif,merged
LOC_Os01g07120,LOC_Os11g15580,motif,merged
LOC_Os01g07120,LOC_Os02g49770,motif,merged
LOC_Os01g07120,LOC_Os05g23270,motif_CE,motif_CE
LOC_Os01g07120,LOC_Os09g09960,FunTFBS,FunTFBS
LOC_Os01g07120,LOC_Os04g02470,motif,merged
LOC_Os01g07120,LOC_Os06g17480,motif,merged
LOC_Os01g07120,LOC_Os08g13400,motif,merged
LOC_Os01g07120,LOC_Os02g20850,motif_CE,motif_CE
LOC_Os01g07120,LOC_Os04g03450,motif,merged
LOC_Os01g07120,LOC_Os10g29330,motif,merged
LOC_Os01g07120,LOC_Os01g19470,motif_CE,motif_CE
LOC_Os01g07120,LOC_Os12g04880,motif_CE,motif_CE
LOC_Os01g07120,LOC_Os02g40600,motif,merged
LOC_Os01g07120,LOC_Os11g37980,motif,merged
LOC_Os01g07120,LOC_Os06g06740,"motif, motif_CE",merged
LOC_Os01g07120,LOC_Os10g07546,motif,merged
LOC_Os01g07120,LOC_Os05g26580,motif,merged
LOC_Os01g07120,LOC_Os02g33990,motif,merged
LOC_Os01g07120,LOC_Os11g10070,motif,merged
LOC_Os01g07120,LOC_Os04g26200,motif,merged
LOC_Os01g07120,LOC_Os01g67550,"motif, motif_CE",merged
LOC_Os01g07120,LOC_Os05g34730,motif_CE,motif_CE
LOC_Os01g07120,LOC_Os11g25490,motif,merged
LOC_Os01g07120,LOC_Os08g35700,motif,merged
LOC_Os01g07120,LOC_Os02g05090,"FunTFBS, motif",merged
LOC_Os01g07120,LOC_Os10g41360,"motif, motif_CE",merged
LOC_Os01g07120,LOC_Os08g27330,"motif, motif_CE",merged
LOC_Os01g07120,LOC_Os02g49280,motif_CE,motif_CE
LOC_Os01g07120,LOC_Os07g04970,motif,merged
LOC_Os01g07120,LOC_Os02g28460,motif_CE,motif_CE
LOC_Os01g07120,LOC_Os04g26140,motif,merged
LOC_Os01g07120,LOC_Os11g05556,motif_CE,motif_CE
LOC_Os01g07120,LOC_Os02g30450,motif,merged
LOC_Os01g07120,LOC_Os01g05850,"motif, motif_CE",merged
LOC_Os01g07120,LOC_Os01g22900,motif,merged
LOC_Os01g07120,LOC_Os06g42350,motif,merged
LOC_Os01g07120,LOC_Os06g17050,FunTFBS,FunTFBS
LOC_Os01g07120,LOC_Os06g47130,"motif, motif_CE",merged
LOC_Os01g07120,LOC_Os02g30560,motif,merged
LOC_Os01g07120,LOC_Os06g21340,motif,merged
LOC_Os01g07120,LOC_Os07g29570,motif,merged
LOC_Os01g07120,LOC_Os10g36310,motif,merged
LOC_Os01g07120,LOC_Os01g09260,motif,merged
LOC_Os01g07120,LOC_Os02g33160,motif,merged
LOC_Os01g07120,LOC_Os04g20380,motif,merged
LOC_Os01g07120,LOC_Os08g24760,"motif, motif_CE",merged
LOC_Os01g07120,LOC_Os05g17880,motif,merged
LOC_Os01g07120,LOC_Os01g60480,FunTFBS,FunTFBS
LOC_Os01g07120,LOC_Os06g29350,motif,merged
LOC_Os01g07120,LOC_Os03g21070,"FunTFBS, motif",merged
LOC_Os01g07120,LOC_Os02g15250,motif,merged
LOC_Os01g07120,LOC_Os02g15810,motif,merged
LOC_Os01g07120,LOC_Os01g53630,"FunTFBS, motif",merged
LOC_Os01g07120,LOC_Os12g36110,motif_CE,motif_CE
LOC_Os01g07120,LOC_Os10g04770,motif,merged
LOC_Os01g07120,LOC_Os05g31525,motif,merged
LOC_Os01g07120,LOC_Os10g39830,motif,merged
LOC_Os01g07120,LOC_Os11g38620,motif,merged
LOC_Os01g07120,LOC_Os01g59150,"FunTFBS, motif, motif_CE",merged
LOC_Os01g07120,LOC_Os06g05272,motif,merged
LOC_Os01g07120,LOC_Os03g54890,motif_CE,motif_CE
LOC_Os01g07120,LOC_Os10g33680,"motif, motif_CE",merged
LOC_Os01g07120,LOC_Os11g38870,motif,merged
LOC_Os01g07120,LOC_Os04g45360,motif_CE,motif_CE
LOC_Os01g07120,LOC_Os05g42340,motif,merged
LOC_Os01g07120,LOC_Os05g36030,FunTFBS,FunTFBS
LOC_Os01g07120,LOC_Os06g20640,motif,merged
LOC_Os01g07120,LOC_Os04g58390,motif,merged
LOC_Os01g07120,LOC_Os01g22150,motif,merged
LOC_Os01g07120,LOC_Os03g53090,"FunTFBS, motif",merged
LOC_Os01g07120,LOC_Os03g17050,motif,merged
LOC_Os01g07120,LOC_Os02g32570,"motif, motif_CE",merged
LOC_Os01g07120,LOC_Os09g29630,motif,merged
LOC_Os01g07120,LOC_Os07g23600,motif,merged
LOC_Os01g07120,LOC_Os06g07969,motif,merged
LOC_Os01g07120,LOC_Os03g51620,motif,merged
LOC_Os01g07120,LOC_Os11g05980,"motif, motif_CE",merged
LOC_Os01g07120,LOC_Os08g42540,"motif, motif_CE",merged
LOC_Os01g07120,LOC_Os03g50300,motif_CE,motif_CE
LOC_Os01g07120,LOC_Os04g28390,motif,merged
LOC_Os01g07120,LOC_Os06g48290,motif_CE,motif_CE
LOC_Os01g07120,LOC_Os02g51510,motif,merged
LOC_Os01g07120,LOC_Os06g24300,motif,merged
LOC_Os01g07120,LOC_Os10g26110,motif,merged
LOC_Os01g07120,LOC_Os03g38980,motif_CE,motif_CE
LOC_Os01g07120,LOC_Os01g29850,motif_CE,motif_CE
LOC_Os01g07120,LOC_Os07g13580,motif,merged
LOC_Os01g07120,LOC_Os06g07150,motif,merged
LOC_Os01g07120,LOC_Os05g38020,motif,merged
LOC_Os01g07120,LOC_Os01g70310,motif_CE,motif_CE
LOC_Os01g07120,LOC_Os05g50650,"FunTFBS, motif, motif_CE",merged
LOC_Os01g07120,LOC_Os09g17180,motif,merged
LOC_Os01g07120,LOC_Os02g08330,motif,merged
LOC_Os01g07120,LOC_Os11g03450,"motif, motif_CE",merged
LOC_Os01g07120,LOC_Os01g55620,motif,merged
LOC_Os01g07120,LOC_Os12g09620,motif,merged
LOC_Os01g07120,LOC_Os03g29830,motif_CE,motif_CE
LOC_Os01g07120,LOC_Os11g13694,FunTFBS,FunTFBS
LOC_Os01g07120,LOC_Os01g50880,FunTFBS,FunTFBS
LOC_Os01g07120,LOC_Os01g41850,motif,merged
LOC_Os01g07120,LOC_Os12g41190,motif_CE,motif_CE
LOC_Os01g07120,LOC_Os08g15600,FunTFBS,FunTFBS
LOC_Os01g07120,LOC_Os04g49540,motif,merged
LOC_Os01g07120,LOC_Os01g10240,"motif, motif_CE",merged
LOC_Os01g07120,LOC_Os10g09900,motif,merged
LOC_Os01g07120,LOC_Os10g32920,"motif, motif_CE",merged
LOC_Os01g07120,LOC_Os03g30620,motif,merged
LOC_Os01g07120,LOC_Os01g15260,"motif, motif_CE",merged
LOC_Os01g07120,LOC_Os11g16480,motif,merged
LOC_Os01g07120,LOC_Os09g27150,motif_CE,motif_CE
LOC_Os01g07120,LOC_Os01g21990,motif_CE,motif_CE
LOC_Os01g07120,LOC_Os11g06740,motif,merged
LOC_Os01g07120,LOC_Os06g45370,motif_CE,motif_CE
LOC_Os01g07120,LOC_Os03g24950,FunTFBS,FunTFBS
LOC_Os01g07120,LOC_Os01g03530,"motif, motif_CE",merged
LOC_Os01g07120,LOC_Os08g40610,motif,merged
LOC_Os01g07120,LOC_Os05g49220,motif_CE,motif_CE
LOC_Os01g07120,LOC_Os01g07010,motif,merged
LOC_Os01g07120,LOC_Os02g10900,motif_CE,motif_CE
LOC_Os01g07120,LOC_Os06g40620,motif,merged
LOC_Os01g07120,LOC_Os08g30870,motif,merged
LOC_Os01g07120,LOC_Os02g02890,motif,merged
LOC_Os01g07120,LOC_Os05g28320,FunTFBS,FunTFBS
LOC_Os01g07120,LOC_Os08g41700,motif,merged
LOC_Os01g07120,LOC_Os03g26250,motif_CE,motif_CE
LOC_Os01g07120,LOC_Os01g61630,motif_CE,motif_CE
LOC_Os01g07120,LOC_Os03g06060,motif_CE,motif_CE
LOC_Os01g07120,LOC_Os01g14270,motif,merged
LOC_Os01g07120,LOC_Os09g25865,motif,merged
LOC_Os01g07120,LOC_Os01g19470,"motif, motif_CE",merged
LOC_Os01g07120,LOC_Os07g34560,motif,merged
LOC_Os01g07120,LOC_Os07g28290,"FunTFBS, motif",merged
LOC_Os01g07120,LOC_Os01g06410,motif,merged
LOC_Os01g07120,LOC_Os03g06700,motif_CE,motif_CE
LOC_Os01g07120,LOC_Os01g08990,motif,merged
LOC_Os01g07120,LOC_Os02g36860,motif_CE,motif_CE
LOC_Os01g07120,LOC_Os07g09470,motif,merged
LOC_Os01g07120,LOC_Os12g19610,motif_CE,motif_CE
LOC_Os01g07120,LOC_Os11g07480,"motif, motif_CE",merged
LOC_Os01g07120,LOC_Os08g28730,motif,merged
LOC_Os01g07120,LOC_Os08g30230,motif,merged
LOC_Os01g07120,LOC_Os11g47494,FunTFBS,FunTFBS
LOC_Os01g07120,LOC_Os12g31640,motif_CE,motif_CE
LOC_Os01g07120,LOC_Os01g33830,motif,merged
LOC_Os01g07120,LOC_Os04g32870,motif,merged
LOC_Os01g07120,LOC_Os06g10600,motif_CE,motif_CE
LOC_Os01g07120,LOC_Os11g36760,motif,merged
LOC_Os01g07120,LOC_Os01g55640,motif,merged
LOC_Os01g07120,LOC_Os03g63040,motif,merged
LOC_Os01g07120,LOC_Os01g40560,motif,merged
LOC_Os01g07120,LOC_Os10g41510,motif,merged
LOC_Os01g07120,LOC_Os01g36690,"motif, motif_CE",merged
LOC_Os01g07120,LOC_Os04g32300,"motif, motif_CE",merged
LOC_Os01g07120,LOC_Os04g56710,motif_CE,motif_CE
LOC_Os01g07120,LOC_Os02g35220,"motif, motif_CE",merged
LOC_Os01g07120,LOC_Os10g33980,motif_CE,motif_CE
LOC_Os01g07120,LOC_Os06g20190,motif,merged
LOC_Os01g07120,LOC_Os10g14840,motif,merged
LOC_Os01g07120,LOC_Os03g62430,motif,merged
LOC_Os01g07120,LOC_Os05g08410,"motif, motif_CE",merged
LOC_Os01g07120,LOC_Os06g04200,motif,merged
LOC_Os01g07120,LOC_Os02g48790,motif_CE,motif_CE
LOC_Os01g07120,LOC_Os11g16450,motif,merged
LOC_Os01g07120,LOC_Os02g46150,motif,merged
LOC_Os01g07120,LOC_Os07g41760,motif,merged
LOC_Os01g07120,LOC_Os04g07770,motif,merged
LOC_Os01g07120,LOC_Os10g01540,"FunTFBS, motif, motif_CE",merged
LOC_Os01g07120,LOC_Os06g47100,FunTFBS,FunTFBS
LOC_Os01g07120,LOC_Os03g56590,"motif, motif_CE",merged
LOC_Os01g07120,LOC_Os11g22090,motif,merged
LOC_Os01g07120,LOC_Os03g22490,motif,merged
LOC_Os01g07120,LOC_Os01g40650,motif,merged
LOC_Os01g07120,LOC_Os04g06610,motif,merged
LOC_Os01g07120,LOC_Os02g33300,motif,merged
LOC_Os01g07120,LOC_Os06g25000,motif,merged
LOC_Os01g07120,LOC_Os11g14440,motif,merged
LOC_Os01g07120,LOC_Os07g47050,motif_CE,motif_CE
LOC_Os01g07120,LOC_Os03g48840,motif,merged
LOC_Os01g07120,LOC_Os05g06050,motif,merged
LOC_Os01g07120,LOC_Os08g13360,motif_CE,motif_CE
LOC_Os01g07120,LOC_Os10g20510,motif,merged
LOC_Os01g07120,LOC_Os06g04010,FunTFBS,FunTFBS
LOC_Os01g07120,LOC_Os04g49590,motif,merged
LOC_Os01g07120,LOC_Os03g13750,motif_CE,motif_CE
LOC_Os01g07120,LOC_Os11g41920,motif,merged
LOC_Os01g07120,LOC_Os12g23780,motif,merged
LOC_Os01g07120,LOC_Os02g06060,motif,merged
LOC_Os01g07120,LOC_Os03g33060,motif_CE,motif_CE
LOC_Os01g07120,LOC_Os06g08700,motif,merged
LOC_Os01g07120,LOC_Os01g74170,motif_CE,motif_CE
LOC_Os01g07120,LOC_Os07g44570,motif_CE,motif_CE
LOC_Os01g07120,LOC_Os02g07840,"motif, motif_CE",merged
LOC_Os01g07120,LOC_Os04g16290,motif,merged
LOC_Os01g07120,LOC_Os08g13920,motif,merged
LOC_Os01g07120,LOC_Os04g25280,motif,merged
LOC_Os01g07120,LOC_Os03g08800,motif_CE,motif_CE
LOC_Os01g07120,LOC_Os12g29350,motif,merged
LOC_Os01g07120,LOC_Os12g35970,motif,merged
LOC_Os01g07120,LOC_Os01g69090,motif_CE,motif_CE
LOC_Os01g07120,LOC_Os08g31290,motif_CE,motif_CE
LOC_Os01g07120,LOC_Os03g31930,motif,merged
LOC_Os01g07120,LOC_Os12g28640,motif,merged
LOC_Os01g07120,LOC_Os04g21130,motif,merged
LOC_Os01g07120,LOC_Os12g43060,motif,merged
LOC_Os01g07120,LOC_Os08g39510,"FunTFBS, motif, motif_CE",merged
LOC_Os01g07120,LOC_Os11g31930,motif,merged
LOC_Os01g07120,LOC_Os03g45540,motif,merged
LOC_Os01g07120,LOC_Os04g13860,motif,merged
LOC_Os01g07120,LOC_Os09g33760,motif,merged
LOC_Os01g07120,LOC_Os03g22390,"motif, motif_CE",merged
LOC_Os01g07120,LOC_Os04g31130,motif,merged
LOC_Os01g07120,LOC_Os03g54230,"FunTFBS, motif",merged
LOC_Os01g07120,LOC_Os03g51790,motif,merged
LOC_Os01g07120,LOC_Os12g41190,"motif, motif_CE",merged
LOC_Os01g07120,LOC_Os02g50380,motif,merged
LOC_Os01g07120,LOC_Os08g05790,motif,merged
LOC_Os01g07120,LOC_Os07g09960,motif,merged
LOC_Os01g07120,LOC_Os01g37270,motif,merged
LOC_Os01g07120,LOC_Os12g06210,motif,merged
LOC_Os01g07120,LOC_Os09g27150,"motif, motif_CE",merged
LOC_Os01g07120,LOC_Os01g21990,"motif, motif_CE",merged
LOC_Os01g07120,LOC_Os01g18370,motif,merged
LOC_Os01g07120,LOC_Os05g25530,motif,merged
LOC_Os01g07120,LOC_Os10g17570,motif,merged
LOC_Os01g07120,LOC_Os10g43060,motif,merged
LOC_Os01g07120,LOC_Os05g49220,"motif, motif_CE",merged
LOC_Os01g07120,LOC_Os10g13360,motif,merged
LOC_Os01g07120,LOC_Os07g28910,motif,merged
LOC_Os01g07120,LOC_Os08g01640,motif,merged
LOC_Os01g07120,LOC_Os07g32850,motif,merged
LOC_Os01g07120,LOC_Os04g39800,motif,merged
LOC_Os01g07120,LOC_Os09g07100,motif,merged
LOC_Os01g07120,LOC_Os06g47850,"FunTFBS, motif",merged
LOC_Os01g07120,LOC_Os05g40800,motif,merged
LOC_Os01g07120,LOC_Os08g35640,FunTFBS,FunTFBS
LOC_Os01g07120,LOC_Os03g06060,"motif, motif_CE",merged
LOC_Os01g07120,LOC_Os12g38980,motif,merged
LOC_Os01g07120,LOC_Os01g36620,motif,merged
LOC_Os01g07120,LOC_Os01g72210,FunTFBS,FunTFBS
LOC_Os01g07120,LOC_Os05g23270,"motif, motif_CE",merged
LOC_Os01g07120,LOC_Os10g12720,motif,merged
LOC_Os01g07120,ChrUn.fgenesh.gene.69,motif,merged
LOC_Os01g07120,LOC_Os03g07850,FunTFBS,FunTFBS
LOC_Os01g07120,LOC_Os07g48440,motif,merged
LOC_Os01g07120,LOC_Os12g19610,"motif, motif_CE",merged
LOC_Os01g07120,LOC_Os08g44240,"motif, motif_CE",merged
LOC_Os01g07120,LOC_Os10g39460,motif,merged
LOC_Os01g07120,LOC_Os09g10260,motif,merged
LOC_Os01g07120,LOC_Os02g57940,motif,merged
LOC_Os01g07120,LOC_Os11g17620,motif,merged
LOC_Os01g07120,LOC_Os02g19330,motif,merged
LOC_Os01g07120,LOC_Os12g31640,"motif, motif_CE",merged
LOC_Os01g07120,LOC_Os01g32560,FunTFBS,FunTFBS
LOC_Os01g07120,LOC_Os03g17880,motif,merged
LOC_Os01g07120,LOC_Os04g33410,motif,merged
LOC_Os01g07120,LOC_Os03g24470,motif,merged
LOC_Os01g07120,LOC_Os04g31010,motif,merged
LOC_Os01g07120,LOC_Os01g13830,motif,merged
LOC_Os01g07120,LOC_Os04g56710,"motif, motif_CE",merged
LOC_Os01g07120,LOC_Os08g13670,motif,merged
LOC_Os01g07120,LOC_Os02g28460,"motif, motif_CE",merged
LOC_Os01g07120,LOC_Os06g42290,motif,merged
LOC_Os01g07120,LOC_Os07g28450,motif,merged
LOC_Os01g07120,LOC_Os01g18010,motif,merged
LOC_Os01g07120,LOC_Os04g31090,motif,merged
LOC_Os01g07120,LOC_Os02g44270,motif,merged
LOC_Os01g07120,LOC_Os04g05460,motif,merged
LOC_Os01g07120,LOC_Os07g04230,motif,merged
LOC_Os01g07120,LOC_Os03g08030,motif_CE,motif_CE
LOC_Os01g07120,LOC_Os05g07730,motif,merged
LOC_Os01g07120,LOC_Os03g05890,motif,merged
LOC_Os01g07120,LOC_Os06g34150,motif,merged
LOC_Os01g07120,LOC_Os06g24240,motif,merged
LOC_Os01g07120,LOC_Os04g23990,motif,merged
LOC_Os01g07120,LOC_Os01g27960,motif,merged
LOC_Os01g07120,LOC_Os03g46610,"FunTFBS, motif",merged
LOC_Os01g07120,LOC_Os12g27280,"FunTFBS, motif",merged
LOC_Os01g07120,LOC_Os11g18280,motif,merged
LOC_Os01g07120,LOC_Os08g34270,motif_CE,motif_CE
LOC_Os01g07120,LOC_Os01g41410,FunTFBS,FunTFBS
LOC_Os01g07120,LOC_Os01g74460,FunTFBS,FunTFBS
LOC_Os01g07120,LOC_Os04g31960,motif,merged
LOC_Os01g07120,LOC_Os04g12980,motif,merged
LOC_Os01g07120,LOC_Os10g35740,motif_CE,motif_CE
LOC_Os01g07120,LOC_Os02g10950,motif,merged
LOC_Os01g07120,LOC_Os01g17065,motif_CE,motif_CE
LOC_Os01g07120,LOC_Os09g14400,motif,merged
LOC_Os01g07120,LOC_Os03g42120,motif,merged
LOC_Os01g07120,LOC_Os07g22960,motif,merged
LOC_Os01g07120,LOC_Os02g44830,motif,merged
LOC_Os01g07120,LOC_Os08g04670,motif,merged
LOC_Os01g07120,LOC_Os05g44330,FunTFBS,FunTFBS
LOC_Os01g07120,LOC_Os03g41260,motif,merged
LOC_Os01g07120,LOC_Os07g35690,motif,merged
LOC_Os01g07120,LOC_Os03g56830,"FunTFBS, motif, motif_CE",merged
LOC_Os01g07120,LOC_Os05g05690,"motif, motif_CE",merged
LOC_Os01g07120,LOC_Os10g38680,motif,merged
LOC_Os01g07120,LOC_Os11g26594,motif,merged
LOC_Os01g07120,LOC_Os01g74170,"motif, motif_CE",merged
LOC_Os01g07120,LOC_Os03g40300,"FunTFBS, motif",merged
LOC_Os01g07120,LOC_Os02g06880,motif_CE,motif_CE
LOC_Os01g07120,LOC_Os06g46010,motif,merged
LOC_Os01g07120,LOC_Os10g39760,motif,merged
LOC_Os01g07120,LOC_Os03g07910,"motif, motif_CE",merged
LOC_Os01g07120,LOC_Os01g08660,motif,merged
LOC_Os01g07120,LOC_Os07g12890,motif,merged
LOC_Os01g07120,LOC_Os08g12840,FunTFBS,FunTFBS
LOC_Os01g07120,LOC_Os03g08800,"motif, motif_CE",merged
LOC_Os01g07120,LOC_Os05g09050,motif,merged
LOC_Os01g07120,LOC_Os03g11860,motif,merged
LOC_Os01g07120,LOC_Os06g08390,motif,merged
LOC_Os01g07120,LOC_Os01g54880,"motif, motif_CE",merged
LOC_Os01g07120,LOC_Os03g30400,"FunTFBS, motif, motif_CE",merged
LOC_Os01g07120,LOC_Os03g27350,motif,merged
LOC_Os01g07120,LOC_Os01g38520,motif,merged
LOC_Os01g07120,LOC_Os02g15130,motif_CE,motif_CE
LOC_Os01g07120,LOC_Os04g21110,motif,merged
LOC_Os01g07120,LOC_Os03g13660,motif,merged
LOC_Os01g07120,LOC_Os07g32412,motif,merged
LOC_Os01g07120,LOC_Os12g38430,motif,merged
LOC_Os01g07120,LOC_Os10g38820,"FunTFBS, motif",merged
LOC_Os01g07120,LOC_Os06g51460,motif,merged
LOC_Os01g07120,LOC_Os09g28270,motif,merged
LOC_Os01g07120,LOC_Os12g34270,motif,merged
LOC_Os01g07120,LOC_Os01g01930,"FunTFBS, motif",merged
LOC_Os01g07120,LOC_Os09g33790,"FunTFBS, motif",merged
LOC_Os01g07120,LOC_Os04g08360,motif,merged
LOC_Os01g07120,LOC_Os11g47660,motif,merged
LOC_Os01g07120,LOC_Os01g59350,"motif, motif_CE",merged
LOC_Os01g07120,LOC_Os06g50630,FunTFBS,FunTFBS
LOC_Os01g07120,LOC_Os04g31820,motif_CE,motif_CE
LOC_Os01g07120,LOC_Os02g18710,motif,merged
LOC_Os01g07120,LOC_Os02g27250,motif,merged
LOC_Os01g07120,LOC_Os09g37990,motif,merged
LOC_Os01g07120,LOC_Os08g37340,motif,merged
LOC_Os01g07120,LOC_Os03g48560,motif,merged
LOC_Os01g07120,LOC_Os05g51760,motif,merged
LOC_Os01g07120,LOC_Os07g41230,motif,merged
LOC_Os01g07120,LOC_Os09g11050,motif,merged
LOC_Os01g07120,LOC_Os05g50500,"motif, motif_CE",merged
LOC_Os01g07120,LOC_Os06g32310,motif,merged
LOC_Os01g07120,LOC_Os07g39770,motif,merged
LOC_Os01g07120,LOC_Os01g53460,motif_CE,motif_CE
LOC_Os01g07120,LOC_Os11g37400,"FunTFBS, motif, motif_CE",merged
LOC_Os01g07120,LOC_Os10g40780,motif_CE,motif_CE
LOC_Os01g07120,LOC_Os03g58120,motif,merged
LOC_Os01g07120,LOC_Os02g57390,motif,merged
LOC_Os01g07120,LOC_Os02g03880,"motif, motif_CE",merged
LOC_Os01g07120,LOC_Os03g25130,"motif, motif_CE",merged
LOC_Os01g07120,LOC_Os10g33770,motif_CE,motif_CE
LOC_Os01g07120,LOC_Os01g03070,motif_CE,motif_CE
LOC_Os01g07120,LOC_Os01g02170,motif,merged
LOC_Os01g07120,LOC_Os10g24970,motif,merged
LOC_Os01g07120,LOC_Os02g07420,motif_CE,motif_CE
LOC_Os01g07120,LOC_Os12g07980,motif_CE,motif_CE
LOC_Os01g07120,LOC_Os06g32430,motif,merged
LOC_Os01g07120,LOC_Os02g13330,motif_CE,motif_CE
LOC_Os01g07120,LOC_Os03g06860,motif,merged
LOC_Os01g07120,LOC_Os02g53210,motif,merged
LOC_Os01g07120,LOC_Os02g10380,"motif, motif_CE",merged
LOC_Os01g07120,LOC_Os06g26130,motif,merged
LOC_Os01g07120,LOC_Os06g44940,FunTFBS,FunTFBS
LOC_Os01g07120,LOC_Os05g17849,motif,merged
LOC_Os01g07120,LOC_Os03g07930,motif,merged
LOC_Os01g07120,LOC_Os10g37740,motif,merged
LOC_Os01g07120,LOC_Os04g28470,motif,merged
LOC_Os01g07120,LOC_Os07g33290,motif,merged
LOC_Os01g07120,LOC_Os09g39400,motif,merged
LOC_Os01g07120,LOC_Os03g56400,motif_CE,motif_CE
LOC_Os01g07120,LOC_Os06g34730,motif,merged
LOC_Os01g07120,LOC_Os06g16360,motif,merged
LOC_Os01g07120,LOC_Os03g06700,"motif, motif_CE",merged
LOC_Os01g07120,LOC_Os01g52430,motif,merged
LOC_Os01g07120,LOC_Os01g54800,FunTFBS,FunTFBS
LOC_Os01g07120,LOC_Os10g35580,motif_CE,motif_CE
LOC_Os01g07120,LOC_Os02g36860,"motif, motif_CE",merged
LOC_Os01g07120,LOC_Os01g16100,"motif, motif_CE",merged
LOC_Os01g07120,LOC_Os02g53290,motif,merged
LOC_Os01g07120,LOC_Os12g40260,motif_CE,motif_CE
LOC_Os01g07120,LOC_Os07g46440,motif_CE,motif_CE
LOC_Os01g07120,LOC_Os06g20500,motif_CE,motif_CE
LOC_Os01g07120,LOC_Os05g33644,motif,merged
LOC_Os01g07120,LOC_Os07g01850,motif,merged
LOC_Os01g07120,LOC_Os04g11090,motif,merged
LOC_Os01g07120,LOC_Os09g10160,motif,merged
LOC_Os01g07120,LOC_Os03g24440,motif_CE,motif_CE
LOC_Os01g07120,LOC_Os10g24030,motif,merged
LOC_Os01g07120,LOC_Os05g38219,motif,merged
LOC_Os01g07120,LOC_Os02g54750,motif,merged
LOC_Os01g07120,LOC_Os07g23560,"FunTFBS, motif",merged
LOC_Os01g07120,LOC_Os03g38140,motif,merged
LOC_Os01g07120,LOC_Os04g32320,motif,merged
LOC_Os01g07120,LOC_Os10g10550,motif,merged
LOC_Os01g07120,LOC_Os11g18760,motif,merged
LOC_Os01g07120,LOC_Os03g17070,motif_CE,motif_CE
LOC_Os01g07120,LOC_Os02g52770,motif_CE,motif_CE
LOC_Os01g07120,LOC_Os01g56670,"motif, motif_CE",merged
LOC_Os01g07120,LOC_Os04g45920,motif,merged
LOC_Os01g07120,LOC_Os01g16146,motif,merged
LOC_Os01g07120,LOC_Os07g01990,motif,merged
LOC_Os01g07120,LOC_Os01g50670,"FunTFBS, motif",merged
LOC_Os01g07120,LOC_Os03g44860,motif,merged
LOC_Os01g07120,LOC_Os04g23580,motif,merged
LOC_Os01g07120,LOC_Os05g31420,"FunTFBS, motif",merged
LOC_Os01g07120,LOC_Os06g02590,"motif, motif_CE",merged
LOC_Os01g07120,LOC_Os04g43370,motif,merged
LOC_Os01g07120,LOC_Os07g41120,motif,merged
LOC_Os01g07120,LOC_Os09g03160,motif,merged
LOC_Os01g07120,LOC_Os07g32550,FunTFBS,FunTFBS
LOC_Os01g07120,LOC_Os02g33660,motif,merged
LOC_Os01g07120,LOC_Os01g32550,motif,merged
LOC_Os01g07120,LOC_Os05g14990,"FunTFBS, motif",merged
LOC_Os01g07120,LOC_Os02g56310,motif,merged
LOC_Os01g07120,LOC_Os06g14160,motif,merged
LOC_Os01g07120,LOC_Os05g32500,motif,merged
LOC_Os01g07120,LOC_Os03g55810,motif,merged
LOC_Os01g07120,LOC_Os11g01720,FunTFBS,FunTFBS
LOC_Os01g07120,LOC_Os05g01190,motif_CE,motif_CE
LOC_Os01g07120,LOC_Os06g15080,motif,merged
LOC_Os01g07120,LOC_Os02g14929,"FunTFBS, motif, motif_CE",merged
LOC_Os01g07120,LOC_Os02g14980,motif,merged
LOC_Os01g07120,LOC_Os06g07340,motif,merged
LOC_Os01g07120,LOC_Os03g33060,"motif, motif_CE",merged
LOC_Os01g07120,LOC_Os01g33900,motif,merged
LOC_Os01g07120,LOC_Os12g14030,motif,merged
LOC_Os01g07120,LOC_Os07g10160,motif,merged
LOC_Os01g07120,LOC_Os08g11170,"FunTFBS, motif",merged
LOC_Os01g07120,LOC_Os02g01980,motif_CE,motif_CE
LOC_Os01g07120,LOC_Os08g23910,motif,merged
LOC_Os01g07120,LOC_Os04g24950,"FunTFBS, motif",merged
LOC_Os01g07120,LOC_Os03g27920,motif,merged
LOC_Os01g07120,LOC_Os01g12500,FunTFBS,FunTFBS
LOC_Os01g07120,LOC_Os03g64350,"FunTFBS, motif, motif_CE",merged
LOC_Os01g07120,LOC_Os05g42420,motif,merged
LOC_Os01g07120,LOC_Os03g47754,motif,merged
LOC_Os01g07120,LOC_Os01g69120,motif_CE,motif_CE
LOC_Os01g07120,LOC_Os08g31290,"motif, motif_CE",merged
LOC_Os01g07120,LOC_Os01g09750,motif,merged
LOC_Os01g07120,LOC_Os09g32140,motif,merged
LOC_Os01g07120,LOC_Os08g17600,motif,merged
LOC_Os01g07120,LOC_Os09g17750,motif,merged
LOC_Os01g07120,LOC_Os01g53610,motif_CE,motif_CE
LOC_Os01g07120,LOC_Os11g03130,motif_CE,motif_CE
LOC_Os01g07120,LOC_Os06g20310,motif,merged
LOC_Os01g07120,LOC_Os09g07040,"FunTFBS, motif",merged
LOC_Os01g07120,LOC_Os02g58090,motif_CE,motif_CE
LOC_Os01g07120,LOC_Os01g19390,motif_CE,motif_CE
LOC_Os01g07120,LOC_Os03g53720,FunTFBS,FunTFBS
LOC_Os01g07120,LOC_Os05g37490,FunTFBS,FunTFBS
LOC_Os01g07120,LOC_Os12g05620,motif_CE,motif_CE
LOC_Os01g07120,LOC_Os12g09280,"FunTFBS, motif, motif_CE",merged
LOC_Os01g07120,LOC_Os10g42490,motif,merged
LOC_Os01g07120,LOC_Os12g36070,motif,merged
LOC_Os01g07120,LOC_Os03g48490,"motif, motif_CE",merged
LOC_Os01g07120,LOC_Os12g43290,"FunTFBS, motif",merged
LOC_Os01g07120,LOC_Os01g25540,motif,merged
LOC_Os01g07120,LOC_Os04g31820,"motif, motif_CE",merged
LOC_Os01g07120,LOC_Os12g01380,motif,merged
LOC_Os01g07120,LOC_Os02g07330,motif,merged
LOC_Os01g07120,LOC_Os03g60240,FunTFBS,FunTFBS
LOC_Os01g07120,LOC_Os09g18280,"motif, motif_CE",merged
LOC_Os01g07120,LOC_Os06g07580,"FunTFBS, motif, motif_CE",merged
LOC_Os01g07120,LOC_Os04g40740,"FunTFBS, motif, motif_CE",merged
LOC_Os01g07120,LOC_Os11g33220,motif,merged
LOC_Os01g07120,LOC_Os03g15033,"motif, motif_CE",merged
LOC_Os01g07120,LOC_Os01g16510,motif_CE,motif_CE
LOC_Os01g07120,LOC_Os06g01810,motif_CE,motif_CE
LOC_Os01g07120,LOC_Os10g33770,"motif, motif_CE",merged
LOC_Os01g07120,LOC_Os01g03070,"motif, motif_CE",merged
LOC_Os01g07120,LOC_Os08g07760,motif,merged
LOC_Os01g07120,LOC_Os02g07420,"motif, motif_CE",merged
LOC_Os01g07120,LOC_Os01g38990,motif,merged
LOC_Os01g07120,LOC_Os10g05010,motif,merged
LOC_Os01g07120,LOC_Os04g59460,"motif, motif_CE",merged
LOC_Os01g07120,LOC_Os12g07980,"motif, motif_CE",merged
LOC_Os01g07120,LOC_Os12g12360,"FunTFBS, motif",merged
LOC_Os01g07120,LOC_Os02g13330,"motif, motif_CE",merged
LOC_Os01g07120,LOC_Os01g13080,motif_CE,motif_CE
LOC_Os01g07120,LOC_Os01g38730,FunTFBS,FunTFBS
LOC_Os01g07120,LOC_Os07g38630,"FunTFBS, motif, motif_CE",merged
LOC_Os01g07120,LOC_Os01g36940,motif_CE,motif_CE
LOC_Os01g07120,LOC_Os01g53470,motif,merged
LOC_Os01g07120,ChrUn.fgenesh.gene.78,motif,merged
LOC_Os01g07120,LOC_Os07g05180,motif,merged
LOC_Os01g07120,LOC_Os07g41260,motif_CE,motif_CE
LOC_Os01g07120,LOC_Os02g06850,motif,merged
LOC_Os01g07120,LOC_Os03g05080,motif,merged
LOC_Os01g07120,LOC_Os07g43900,motif,merged
LOC_Os01g07120,LOC_Os11g29800,"FunTFBS, motif",merged
LOC_Os01g07120,LOC_Os10g36480,motif,merged
LOC_Os01g07120,LOC_Os05g50840,motif_CE,motif_CE
LOC_Os01g07120,LOC_Os04g29360,motif,merged
LOC_Os01g07120,LOC_Os03g02310,"motif, motif_CE",merged
LOC_Os01g07120,LOC_Os09g22060,motif_CE,motif_CE
LOC_Os01g07120,LOC_Os02g51410,FunTFBS,FunTFBS
LOC_Os01g07120,LOC_Os02g43600,motif_CE,motif_CE
LOC_Os01g07120,LOC_Os08g19790,motif,merged
LOC_Os01g07120,LOC_Os02g35840,motif,merged
LOC_Os01g07120,LOC_Os03g04390,FunTFBS,FunTFBS
LOC_Os01g07120,LOC_Os10g27450,motif_CE,motif_CE
LOC_Os01g07120,LOC_Os10g42280,"motif, motif_CE",merged
LOC_Os01g07120,LOC_Os09g26360,motif_CE,motif_CE
LOC_Os01g07120,LOC_Os11g27980,motif,merged
LOC_Os01g07120,LOC_Os09g21630,motif,merged
LOC_Os01g07120,LOC_Os06g20500,"motif, motif_CE",merged
LOC_Os01g07120,LOC_Os03g39640,"motif, motif_CE",merged
LOC_Os01g07120,LOC_Os04g23980,motif,merged
LOC_Os01g07120,LOC_Os12g37415,motif_CE,motif_CE
LOC_Os01g07120,LOC_Os08g37820,"FunTFBS, motif",merged
LOC_Os01g07120,LOC_Os03g35950,motif,merged
LOC_Os01g07120,LOC_Os05g28360,motif,merged
LOC_Os01g07120,LOC_Os03g24440,"motif, motif_CE",merged
LOC_Os01g07120,LOC_Os12g03990,motif,merged
LOC_Os01g07120,LOC_Os02g15640,motif_CE,motif_CE
LOC_Os01g07120,LOC_Os07g43540,"motif, motif_CE",merged
LOC_Os01g07120,LOC_Os04g53800,motif,merged
LOC_Os01g07120,LOC_Os08g42010,motif_CE,motif_CE
LOC_Os01g07120,LOC_Os09g12390,motif,merged
LOC_Os01g07120,LOC_Os03g42360,motif,merged
LOC_Os01g07120,LOC_Os09g19150,motif,merged
LOC_Os01g07120,LOC_Os01g33980,motif,merged
LOC_Os01g07120,LOC_Os11g32390,motif,merged
LOC_Os01g07120,LOC_Os03g17070,"motif, motif_CE",merged
LOC_Os01g07120,LOC_Os12g26350,motif,merged
LOC_Os01g07120,LOC_Os02g07730,motif_CE,motif_CE
LOC_Os01g07120,LOC_Os02g52770,"motif, motif_CE",merged
LOC_Os01g07120,LOC_Os04g40270,motif,merged
LOC_Os01g07120,LOC_Os06g39270,motif,merged
LOC_Os01g07120,LOC_Os02g07520,"FunTFBS, motif",merged
LOC_Os01g07120,LOC_Os10g23220,motif,merged
LOC_Os01g07120,LOC_Os02g29180,motif,merged
LOC_Os01g07120,LOC_Os07g02120,motif_CE,motif_CE
LOC_Os01g07120,LOC_Os03g02939,motif,merged
LOC_Os01g07120,LOC_Os05g03330,motif,merged
LOC_Os01g07120,LOC_Os05g41570,"FunTFBS, motif",merged
LOC_Os01g07120,LOC_Os08g35180,"motif, motif_CE",merged
LOC_Os01g07120,LOC_Os02g18800,motif,merged
LOC_Os01g07120,LOC_Os11g22360,motif,merged
LOC_Os01g07120,LOC_Os08g22540,motif,merged
LOC_Os01g07120,LOC_Os08g31340,"motif, motif_CE",merged
LOC_Os01g07120,LOC_Os04g37960,motif_CE,motif_CE
LOC_Os01g07120,LOC_Os03g35710,motif,merged
LOC_Os01g07120,LOC_Os01g10480,FunTFBS,FunTFBS
LOC_Os01g07120,LOC_Os07g19290,motif,merged
LOC_Os01g07120,LOC_Os01g05560,motif,merged
LOC_Os01g07120,LOC_Os04g46190,"motif, motif_CE",merged
LOC_Os01g07120,LOC_Os07g18130,FunTFBS,FunTFBS
LOC_Os01g07120,LOC_Os11g04900,motif,merged
LOC_Os01g07120,LOC_Os04g28640,motif,merged
LOC_Os01g07120,LOC_Os04g23210,"FunTFBS, motif, motif_CE",merged
LOC_Os01g07120,LOC_Os01g17065,"motif, motif_CE",merged
LOC_Os01g07120,LOC_Os05g37550,motif,merged
LOC_Os01g07120,LOC_Os04g27740,motif,merged
LOC_Os01g07120,LOC_Os05g05240,motif,merged
LOC_Os01g07120,LOC_Os02g15080,motif,merged
LOC_Os01g07120,LOC_Os04g20590,"FunTFBS, motif",merged
LOC_Os01g07120,LOC_Os07g11710,motif,merged
LOC_Os01g07120,LOC_Os12g36360,motif,merged
LOC_Os01g07120,LOC_Os02g27190,motif,merged
LOC_Os01g07120,LOC_Os02g52900,"motif, motif_CE",merged
LOC_Os01g07120,LOC_Os09g07150,motif,merged
LOC_Os01g07120,LOC_Os05g26220,motif,merged
LOC_Os01g07120,LOC_Os12g24310,motif,merged
LOC_Os01g07120,LOC_Os05g06910,motif,merged
LOC_Os01g07120,LOC_Os05g37670,motif,merged
LOC_Os01g07120,LOC_Os02g49780,FunTFBS,FunTFBS
LOC_Os01g07120,LOC_Os06g44540,motif,merged
LOC_Os01g07120,LOC_Os05g24330,motif,merged
LOC_Os01g07120,LOC_Os05g10550,motif,merged
LOC_Os01g07120,LOC_Os10g06600,"motif, motif_CE",merged
LOC_Os01g07120,LOC_Os05g01990,motif,merged
LOC_Os01g07120,LOC_Os08g03410,motif,merged
LOC_Os01g07120,LOC_Os07g26790,motif,merged
LOC_Os01g07120,LOC_Os01g39134,"motif, motif_CE",merged
LOC_Os01g07120,LOC_Os11g28920,motif,merged
LOC_Os01g07120,LOC_Os07g37430,motif,merged
LOC_Os01g07120,LOC_Os03g07840,motif_CE,motif_CE
LOC_Os01g07120,LOC_Os09g34250,motif,merged
LOC_Os01g07120,LOC_Os02g58090,"motif, motif_CE",merged
LOC_Os01g07120,LOC_Os11g31420,motif,merged
LOC_Os01g07120,LOC_Os05g24740,motif,merged
LOC_Os01g07120,LOC_Os08g02530,motif,merged
LOC_Os01g07120,LOC_Os10g08960,motif,merged
LOC_Os01g07120,LOC_Os08g07320,motif,merged
LOC_Os01g07120,LOC_Os02g10400,motif,merged
LOC_Os01g07120,LOC_Os01g58670,motif_CE,motif_CE
LOC_Os01g07120,LOC_Os05g05730,FunTFBS,FunTFBS
LOC_Os01g07120,LOC_Os05g23890,motif_CE,motif_CE
LOC_Os01g07120,LOC_Os02g49110,motif,merged
LOC_Os01g07120,LOC_Os02g11750,motif,merged
LOC_Os01g07120,LOC_Os08g34870,motif_CE,motif_CE
LOC_Os01g07120,LOC_Os09g38310,motif,merged
LOC_Os01g07120,LOC_Os10g21790,motif,merged
LOC_Os01g07120,LOC_Os12g32030,motif,merged
LOC_Os01g07120,LOC_Os10g37610,motif,merged
LOC_Os01g07120,LOC_Os07g37140,motif,merged
LOC_Os01g07120,LOC_Os02g54440,"FunTFBS, motif",merged
LOC_Os01g07120,LOC_Os08g34070,motif,merged
LOC_Os01g07120,LOC_Os02g58590,motif_CE,motif_CE
LOC_Os01g07120,LOC_Os04g35290,"motif, motif_CE",merged
LOC_Os01g07120,LOC_Os01g53250,motif,merged
LOC_Os01g07120,LOC_Os04g43140,motif_CE,motif_CE
LOC_Os01g07120,LOC_Os08g25470,"FunTFBS, motif",merged
LOC_Os01g07120,LOC_Os10g28820,motif,merged
LOC_Os01g07120,LOC_Os07g34360,motif_CE,motif_CE
LOC_Os01g07120,LOC_Os10g31750,motif,merged
LOC_Os01g07120,LOC_Os12g43730,"FunTFBS, motif",merged
LOC_Os01g07120,LOC_Os09g10900,motif,merged
LOC_Os01g07120,LOC_Os07g40100,motif,merged
LOC_Os01g07120,LOC_Os02g29980,motif,merged
LOC_Os01g07120,LOC_Os10g05240,motif,merged
LOC_Os01g07120,LOC_Os01g61700,motif_CE,motif_CE
LOC_Os01g07120,LOC_Os07g43490,motif,merged
LOC_Os01g07120,LOC_Os12g18729,motif,merged
LOC_Os01g07120,LOC_Os01g39040,motif,merged
LOC_Os01g07120,LOC_Os06g47470,motif,merged
LOC_Os01g07120,LOC_Os08g03460,motif_CE,motif_CE
LOC_Os01g07120,LOC_Os11g37250,motif,merged
LOC_Os01g07120,LOC_Os03g62780,motif,merged
LOC_Os01g07120,LOC_Os11g32950,motif,merged
LOC_Os01g07120,LOC_Os01g73800,motif,merged
LOC_Os01g07120,LOC_Os08g35090,motif,merged
LOC_Os01g07120,LOC_Os09g22060,"motif, motif_CE",merged
LOC_Os01g07120,LOC_Os03g34260,motif,merged
LOC_Os01g07120,LOC_Os04g22360,"FunTFBS, motif",merged
LOC_Os01g07120,LOC_Os10g25544,motif,merged
LOC_Os01g07120,LOC_Os05g34070,motif_CE,motif_CE
LOC_Os01g07120,LOC_Os04g49180,motif_CE,motif_CE
LOC_Os01g07120,LOC_Os06g03720,motif_CE,motif_CE
LOC_Os01g07120,LOC_Os10g22070,motif,merged
LOC_Os01g07120,LOC_Os03g13940,motif,merged
LOC_Os01g07120,LOC_Os02g57030,motif_CE,motif_CE
LOC_Os01g07120,LOC_Os02g15920,motif,merged
LOC_Os01g07120,LOC_Os06g04580,motif,merged
LOC_Os01g07120,LOC_Os10g35580,"motif, motif_CE",merged
LOC_Os01g07120,LOC_Os01g37610,motif,merged
LOC_Os01g07120,LOC_Os09g21780,FunTFBS,FunTFBS
LOC_Os01g07120,LOC_Os04g44830,motif_CE,motif_CE
LOC_Os01g07120,LOC_Os11g17160,motif,merged
LOC_Os01g07120,LOC_Os07g33954,FunTFBS,FunTFBS
LOC_Os01g07120,LOC_Os02g32900,motif,merged
LOC_Os01g07120,LOC_Os09g10960,motif,merged
LOC_Os01g07120,LOC_Os02g57170,"motif, motif_CE",merged
LOC_Os01g07120,LOC_Os09g02330,FunTFBS,FunTFBS
LOC_Os01g07120,LOC_Os12g35090,motif,merged
LOC_Os01g07120,LOC_Os04g40040,"FunTFBS, motif, motif_CE",merged
LOC_Os01g07120,LOC_Os06g08760,motif_CE,motif_CE
LOC_Os01g07120,LOC_Os01g62560,motif,merged
LOC_Os01g07120,LOC_Os11g31760,motif,merged
LOC_Os01g07120,LOC_Os09g29750,motif_CE,motif_CE
LOC_Os01g07120,LOC_Os05g04810,FunTFBS,FunTFBS
LOC_Os01g07120,LOC_Os01g69930,motif,merged
LOC_Os01g07120,LOC_Os08g31670,motif,merged
LOC_Os01g07120,LOC_Os02g20560,motif,merged
LOC_Os01g07120,LOC_Os10g09290,motif,merged
LOC_Os01g07120,LOC_Os01g55960,"motif, motif_CE",merged
LOC_Os01g07120,LOC_Os12g43510,motif,merged
LOC_Os01g07120,LOC_Os01g12390,motif,merged
LOC_Os01g07120,LOC_Os07g18050,"motif, motif_CE",merged
LOC_Os01g07120,LOC_Os01g57082,motif,merged
LOC_Os01g07120,LOC_Os11g22460,motif_CE,motif_CE
LOC_Os01g07120,LOC_Os07g01130,FunTFBS,FunTFBS
LOC_Os01g07120,LOC_Os12g12920,motif,merged
LOC_Os01g07120,LOC_Os02g01900,motif,merged
LOC_Os01g07120,LOC_Os12g25120,FunTFBS,FunTFBS
LOC_Os01g07120,LOC_Os06g09160,motif,merged
LOC_Os01g07120,LOC_Os02g08100,motif,merged
LOC_Os01g07120,LOC_Os06g36880,motif,merged
LOC_Os01g07120,LOC_Os04g51420,motif,merged
LOC_Os01g07120,LOC_Os12g07850,motif,merged
LOC_Os01g07120,LOC_Os01g29590,motif,merged
LOC_Os01g07120,LOC_Os07g03240,"FunTFBS, motif",merged
LOC_Os01g07120,LOC_Os03g63210,motif,merged
LOC_Os01g07120,LOC_Os05g41000,"FunTFBS, motif",merged
LOC_Os01g07120,LOC_Os09g11700,motif,merged
LOC_Os01g07120,LOC_Os03g29570,motif,merged
LOC_Os01g07120,LOC_Os03g13700,motif,merged
LOC_Os01g07120,LOC_Os01g16620,motif,merged
LOC_Os01g07120,LOC_Os05g05560,motif,merged
LOC_Os01g07120,LOC_Os01g56969,motif,merged
LOC_Os01g07120,LOC_Os05g46040,motif_CE,motif_CE
LOC_Os01g07120,LOC_Os03g02514,motif,merged
LOC_Os01g07120,LOC_Os11g39360,motif,merged
LOC_Os01g07120,LOC_Os08g10090,motif,merged
LOC_Os01g07120,LOC_Os12g10480,motif,merged
LOC_Os01g07120,LOC_Os12g13130,motif,merged
LOC_Os01g07120,LOC_Os02g04550,motif_CE,motif_CE
LOC_Os01g07120,LOC_Os05g05860,motif_CE,motif_CE
LOC_Os01g07120,LOC_Os02g12220,motif,merged
LOC_Os01g07120,LOC_Os01g08150,motif_CE,motif_CE
LOC_Os01g07120,LOC_Os08g25290,motif,merged
LOC_Os01g07120,LOC_Os02g32290,motif,merged
LOC_Os01g07120,LOC_Os04g06850,motif,merged
LOC_Os01g07120,LOC_Os01g74500,FunTFBS,FunTFBS
LOC_Os01g07120,LOC_Os02g55689,motif,merged
LOC_Os01g07120,LOC_Os03g53880,motif_CE,motif_CE
LOC_Os01g07120,LOC_Os03g54084,motif,merged
LOC_Os01g07120,LOC_Os01g13760,motif,merged
LOC_Os01g07120,LOC_Os06g50480,motif,merged
LOC_Os01g07120,LOC_Os09g09460,motif_CE,motif_CE
LOC_Os01g07120,LOC_Os08g43100,motif,merged
LOC_Os01g07120,LOC_Os05g03780,motif,merged
LOC_Os01g07120,LOC_Os01g19390,"motif, motif_CE",merged
LOC_Os01g07120,LOC_Os08g06130,motif_CE,motif_CE
LOC_Os01g07120,LOC_Os05g32850,motif_CE,motif_CE
LOC_Os01g07120,LOC_Os07g41710,motif_CE,motif_CE
LOC_Os01g07120,LOC_Os12g05620,"motif, motif_CE",merged
LOC_Os01g07120,LOC_Os04g53160,"motif, motif_CE",merged
LOC_Os01g07120,LOC_Os04g09654,FunTFBS,FunTFBS
LOC_Os01g07120,LOC_Os06g45880,motif,merged
LOC_Os01g07120,LOC_Os12g08820,"FunTFBS, motif, motif_CE",merged
LOC_Os01g07120,LOC_Os12g15790,motif,merged
LOC_Os01g07120,LOC_Os06g13070,motif_CE,motif_CE
LOC_Os01g07120,LOC_Os03g25690,motif,merged
LOC_Os01g07120,LOC_Os09g10720,motif,merged
LOC_Os01g07120,LOC_Os10g33670,motif,merged
LOC_Os01g07120,LOC_Os01g61350,motif_CE,motif_CE
LOC_Os01g07120,LOC_Os04g43140,"motif, motif_CE",merged
LOC_Os01g07120,LOC_Os11g08660,motif,merged
LOC_Os01g07120,LOC_Os04g59590,motif,merged
LOC_Os01g07120,LOC_Os01g70370,motif,merged
LOC_Os01g07120,LOC_Os01g65300,motif,merged
LOC_Os01g07120,LOC_Os03g08450,motif_CE,motif_CE
LOC_Os01g07120,LOC_Os03g54190,FunTFBS,FunTFBS
LOC_Os01g07120,LOC_Os03g18170,"motif, motif_CE",merged
LOC_Os01g07120,LOC_Os03g45250,motif_CE,motif_CE
LOC_Os01g07120,LOC_Os10g39190,motif_CE,motif_CE
LOC_Os01g07120,LOC_Os01g61700,"motif, motif_CE",merged
LOC_Os01g07120,LOC_Os11g37930,"motif, motif_CE",merged
LOC_Os01g07120,LOC_Os04g59540,motif,merged
LOC_Os01g07120,LOC_Os06g42080,motif,merged
LOC_Os01g07120,LOC_Os01g71040,motif,merged
LOC_Os01g07120,LOC_Os05g37760,motif,merged
LOC_Os01g07120,LOC_Os05g41300,"motif, motif_CE",merged
LOC_Os01g07120,LOC_Os05g45640,motif,merged
LOC_Os01g07120,LOC_Os08g03460,"motif, motif_CE",merged
LOC_Os01g07120,LOC_Os12g20290,motif,merged
LOC_Os01g07120,LOC_Os06g37740,motif,merged
LOC_Os01g07120,LOC_Os04g05870,motif,merged
LOC_Os01g07120,LOC_Os05g50950,motif,merged
LOC_Os01g07120,LOC_Os06g40060,motif,merged
LOC_Os01g07120,LOC_Os07g37820,"motif, motif_CE",merged
LOC_Os01g07120,LOC_Os12g23300,motif,merged
LOC_Os01g07120,LOC_Os11g16990,motif,merged
LOC_Os01g07120,LOC_Os12g08290,motif,merged
LOC_Os01g07120,LOC_Os03g11819,motif,merged
LOC_Os01g07120,LOC_Os03g61019,motif_CE,motif_CE
LOC_Os01g07120,LOC_Os12g06500,motif,merged
LOC_Os01g07120,LOC_Os09g06990,motif,merged
LOC_Os01g07120,LOC_Os06g01710,motif,merged
LOC_Os01g07120,LOC_Os12g37920,motif,merged
LOC_Os01g07120,LOC_Os04g41330,motif,merged
LOC_Os01g07120,LOC_Os01g60170,motif,merged
LOC_Os01g07120,LOC_Os06g19620,motif,merged
LOC_Os01g07120,LOC_Os04g32650,motif,merged
LOC_Os01g07120,LOC_Os02g57030,"motif, motif_CE",merged
LOC_Os01g07120,LOC_Os10g07994,motif,merged
LOC_Os01g07120,LOC_Os03g37900,motif,merged
LOC_Os01g07120,LOC_Os08g16840,FunTFBS,FunTFBS
LOC_Os01g07120,LOC_Os08g10560,motif,merged
LOC_Os01g07120,LOC_Os06g49520,FunTFBS,FunTFBS
LOC_Os01g07120,LOC_Os01g16930,motif_CE,motif_CE
LOC_Os01g07120,LOC_Os03g57190,motif_CE,motif_CE
LOC_Os01g07120,LOC_Os06g25980,motif,merged
LOC_Os01g07120,LOC_Os09g26360,"motif, motif_CE",merged
LOC_Os01g07120,LOC_Os02g10750,motif,merged
LOC_Os01g07120,LOC_Os08g43690,"FunTFBS, motif",merged
LOC_Os01g07120,LOC_Os04g40380,"FunTFBS, motif, motif_CE",merged
LOC_Os01g07120,LOC_Os05g19650,motif,merged
LOC_Os01g07120,LOC_Os06g06240,motif,merged
LOC_Os01g07120,LOC_Os06g07800,motif,merged
LOC_Os01g07120,LOC_Os10g29610,motif,merged
LOC_Os01g07120,LOC_Os02g15640,"motif, motif_CE",merged
LOC_Os01g07120,LOC_Os12g05394,"FunTFBS, motif, motif_CE",merged
LOC_Os01g07120,LOC_Os04g30940,motif,merged
LOC_Os01g07120,LOC_Os04g45910,motif_CE,motif_CE
LOC_Os01g07120,LOC_Os08g42010,"motif, motif_CE",merged
LOC_Os01g07120,LOC_Os06g34870,motif,merged
LOC_Os01g07120,LOC_Os07g29710,motif,merged
LOC_Os01g07120,LOC_Os05g26270,motif,merged
LOC_Os01g07120,LOC_Os02g21640,motif_CE,motif_CE
LOC_Os01g07120,LOC_Os08g17430,motif,merged
LOC_Os01g07120,LOC_Os02g07730,"motif, motif_CE",merged
LOC_Os01g07120,LOC_Os03g42654,motif,merged
LOC_Os01g07120,LOC_Os03g32140,motif,merged
LOC_Os01g07120,LOC_Os08g22560,motif,merged
LOC_Os01g07120,LOC_Os12g06420,motif,merged
LOC_Os01g07120,LOC_Os08g33154,motif,merged
LOC_Os01g07120,LOC_Os12g26040,motif,merged
LOC_Os01g07120,LOC_Os06g29360,motif,merged
LOC_Os01g07120,LOC_Os06g15640,motif,merged
LOC_Os01g07120,LOC_Os06g06410,motif_CE,motif_CE
LOC_Os01g07120,LOC_Os07g32530,FunTFBS,FunTFBS
LOC_Os01g07120,LOC_Os07g02120,"motif, motif_CE",merged
LOC_Os01g07120,LOC_Os04g58990,motif_CE,motif_CE
LOC_Os01g07120,LOC_Os10g35010,motif,merged
LOC_Os01g07120,LOC_Os07g41390,motif,merged
LOC_Os01g07120,LOC_Os07g14620,"FunTFBS, motif",merged
LOC_Os01g07120,LOC_Os01g42850,motif,merged
LOC_Os01g07120,LOC_Os02g09910,motif,merged
LOC_Os01g07120,LOC_Os01g47660,motif_CE,motif_CE
LOC_Os01g07120,LOC_Os09g10670,motif_CE,motif_CE
LOC_Os01g07120,LOC_Os03g52100,motif,merged
LOC_Os01g07120,LOC_Os12g23670,motif,merged
LOC_Os01g07120,LOC_Os01g38100,motif,merged
LOC_Os01g07120,LOC_Os01g58880,motif,merged
LOC_Os01g07120,LOC_Os01g01500,motif,merged
LOC_Os01g07120,LOC_Os04g03510,motif,merged
LOC_Os01g07120,LOC_Os04g37960,"motif, motif_CE",merged
LOC_Os01g07120,LOC_Os02g17480,motif,merged
LOC_Os01g07120,LOC_Os06g48235,motif,merged
LOC_Os01g07120,LOC_Os12g03140,motif,merged
LOC_Os01g07120,LOC_Os02g46120,"motif, motif_CE",merged
LOC_Os01g07120,LOC_Os02g41820,motif,merged
LOC_Os01g07120,LOC_Os01g22640,motif,merged
LOC_Os01g07120,LOC_Os05g15670,motif,merged
LOC_Os01g07120,LOC_Os09g32660,motif,merged
LOC_Os01g07120,LOC_Os01g46040,motif,merged
LOC_Os01g07120,LOC_Os11g06670,motif_CE,motif_CE
LOC_Os01g07120,LOC_Os09g16850,motif,merged
LOC_Os01g07120,LOC_Os10g41490,motif,merged
LOC_Os01g07120,LOC_Os10g28570,motif,merged
LOC_Os01g07120,LOC_Os07g08040,motif,merged
LOC_Os01g07120,LOC_Os02g04550,"motif, motif_CE",merged
LOC_Os01g07120,LOC_Os08g05020,motif,merged
LOC_Os01g07120,LOC_Os01g08150,"motif, motif_CE",merged
LOC_Os01g07120,LOC_Os01g44100,motif,merged
LOC_Os01g07120,LOC_Os07g04500,motif,merged
LOC_Os01g07120,LOC_Os01g28200,motif,merged
LOC_Os01g07120,LOC_Os07g40470,motif,merged
LOC_Os01g07120,LOC_Os12g33710,motif,merged
LOC_Os01g07120,LOC_Os12g41630,motif,merged
LOC_Os01g07120,LOC_Os03g60360,motif_CE,motif_CE
LOC_Os01g07120,LOC_Os10g35920,motif,merged
LOC_Os01g07120,LOC_Os12g07420,motif,merged
LOC_Os01g07120,LOC_Os10g04050,motif,merged
LOC_Os01g07120,LOC_Os02g28040,"motif, motif_CE",merged
LOC_Os01g07120,LOC_Os09g22550,motif_CE,motif_CE
LOC_Os01g07120,LOC_Os09g09460,"motif, motif_CE",merged
LOC_Os01g07120,LOC_Os11g33210,motif,merged
LOC_Os01g07120,LOC_Os09g28860,"motif, motif_CE",merged
LOC_Os01g07120,LOC_Os02g09080,motif,merged
LOC_Os01g07120,LOC_Os06g43790,motif_CE,motif_CE
LOC_Os01g07120,LOC_Os04g14370,motif_CE,motif_CE
LOC_Os01g07120,LOC_Os05g32850,"motif, motif_CE",merged
LOC_Os01g07120,LOC_Os07g41710,"motif, motif_CE",merged
LOC_Os01g07120,LOC_Os05g12490,motif,merged
LOC_Os01g07120,LOC_Os12g32374,motif_CE,motif_CE
LOC_Os01g07120,LOC_Os02g31160,motif,merged
LOC_Os01g07120,LOC_Os01g58670,"motif, motif_CE",merged
LOC_Os01g07120,LOC_Os03g47022,"motif, motif_CE",merged
LOC_Os01g07120,LOC_Os05g01310,"FunTFBS, motif",merged
LOC_Os01g07120,LOC_Os06g13070,"motif, motif_CE",merged
LOC_Os01g07120,LOC_Os07g20510,motif,merged
LOC_Os01g07120,LOC_Os09g11890,motif,merged
LOC_Os01g07120,LOC_Os10g07544,"motif, motif_CE",merged
LOC_Os01g07120,LOC_Os07g28700,motif,merged
LOC_Os01g07120,LOC_Os08g40890,motif,merged
LOC_Os01g07120,LOC_Os06g42390,motif,merged
LOC_Os01g07120,LOC_Os01g61350,"motif, motif_CE",merged
LOC_Os01g07120,LOC_Os11g02870,motif,merged
LOC_Os01g07120,LOC_Os02g48660,motif_CE,motif_CE
LOC_Os01g07120,LOC_Os07g46570,motif_CE,motif_CE
LOC_Os01g07120,LOC_Os10g06950,motif,merged
LOC_Os01g07120,LOC_Os08g29650,motif,merged
LOC_Os01g07120,LOC_Os02g15360,"FunTFBS, motif, motif_CE",merged
LOC_Os01g07120,LOC_Os12g28860,motif,merged
LOC_Os01g07120,LOC_Os05g43670,motif,merged
LOC_Os01g07120,LOC_Os06g39030,motif,merged
LOC_Os01g07120,LOC_Os10g39190,"motif, motif_CE",merged
LOC_Os01g07120,LOC_Os01g38970,motif,merged
LOC_Os01g07120,LOC_Os06g46500,motif,merged
LOC_Os01g07120,LOC_Os07g06810,motif,merged
LOC_Os01g07120,LOC_Os11g09970,motif,merged
LOC_Os01g07120,LOC_Os06g43830,motif,merged
LOC_Os01g07120,LOC_Os08g21450,motif,merged
LOC_Os01g07120,LOC_Os10g11430,motif,merged
LOC_Os01g07120,LOC_Os05g36050,"motif, motif_CE",merged
LOC_Os01g07120,LOC_Os05g12460,"FunTFBS, motif",merged
LOC_Os01g07120,LOC_Os06g14180,"FunTFBS, motif",merged
LOC_Os01g07120,LOC_Os08g08160,motif,merged
LOC_Os01g07120,LOC_Os03g61019,"motif, motif_CE",merged
LOC_Os01g07120,LOC_Os02g42314,motif,merged
LOC_Os01g07120,LOC_Os04g24720,motif,merged
LOC_Os01g07120,LOC_Os12g29650,motif,merged
LOC_Os01g07120,LOC_Os03g58510,motif_CE,motif_CE
LOC_Os01g07120,LOC_Os02g24205,motif,merged
LOC_Os01g07120,LOC_Os04g25660,motif,merged
LOC_Os01g07120,LOC_Os04g39270,motif,merged
LOC_Os01g07120,LOC_Os01g39020,motif,merged
LOC_Os01g07120,LOC_Os07g49100,motif,merged
LOC_Os01g07120,LOC_Os12g28390,motif,merged
LOC_Os01g07120,LOC_Os09g38600,"FunTFBS, motif",merged
LOC_Os01g07120,LOC_Os02g54410,"FunTFBS, motif",merged
LOC_Os01g07120,LOC_Os07g44630,motif_CE,motif_CE
LOC_Os01g07120,LOC_Os01g60890,motif,merged
LOC_Os01g07120,LOC_Os02g37950,motif,merged
LOC_Os01g07120,LOC_Os06g03720,"motif, motif_CE",merged
LOC_Os01g07120,LOC_Os03g46600,motif,merged
LOC_Os01g07120,LOC_Os01g16930,"motif, motif_CE",merged
LOC_Os01g07120,LOC_Os03g57190,"motif, motif_CE",merged
LOC_Os01g07120,LOC_Os05g38650,motif,merged
LOC_Os01g07120,LOC_Os01g08580,motif_CE,motif_CE
LOC_Os01g07120,LOC_Os10g02680,motif,merged
LOC_Os01g07120,LOC_Os09g06760,motif,merged
LOC_Os01g07120,LOC_Os02g03690,"motif, motif_CE",merged
LOC_Os01g07120,LOC_Os01g32990,motif,merged
LOC_Os01g07120,LOC_Os09g25314,motif_CE,motif_CE
LOC_Os01g07120,LOC_Os07g48420,"motif, motif_CE",merged
LOC_Os01g07120,LOC_Os04g38270,motif,merged
LOC_Os01g07120,LOC_Os04g28290,motif,merged
LOC_Os01g07120,LOC_Os11g30930,motif,merged
LOC_Os01g07120,LOC_Os03g06960,"FunTFBS, motif",merged
LOC_Os01g07120,LOC_Os05g35580,"motif, motif_CE",merged
LOC_Os01g07120,LOC_Os08g28810,motif,merged
LOC_Os01g07120,LOC_Os01g49290,motif_CE,motif_CE
LOC_Os01g07120,LOC_Os11g22460,"motif, motif_CE",merged
LOC_Os01g07120,LOC_Os02g27070,motif,merged
LOC_Os01g07120,LOC_Os02g20160,motif,merged
LOC_Os01g07120,LOC_Os02g58630,FunTFBS,FunTFBS
LOC_Os01g07120,LOC_Os02g01930,motif_CE,motif_CE
LOC_Os01g07120,LOC_Os03g51020,motif,merged
LOC_Os01g07120,LOC_Os12g22630,motif,merged
LOC_Os01g07120,LOC_Os05g05610,motif,merged
LOC_Os01g07120,LOC_Os06g30030,FunTFBS,FunTFBS
LOC_Os01g07120,LOC_Os01g47660,"motif, motif_CE",merged
LOC_Os01g07120,LOC_Os06g07960,"FunTFBS, motif, motif_CE",merged
LOC_Os01g07120,LOC_Os09g08330,motif_CE,motif_CE
LOC_Os01g07120,LOC_Os08g07830,"FunTFBS, motif, motif_CE",merged
LOC_Os01g07120,LOC_Os05g32640,motif,merged
LOC_Os01g07120,LOC_Os06g26290,motif,merged
LOC_Os01g07120,LOC_Os03g32030,motif,merged
LOC_Os01g07120,LOC_Os07g23720,motif_CE,motif_CE
LOC_Os01g07120,LOC_Os07g05510,motif,merged
LOC_Os01g07120,LOC_Os02g45600,"FunTFBS, motif",merged
LOC_Os01g07120,LOC_Os07g15120,motif,merged
LOC_Os01g07120,LOC_Os03g48960,motif,merged
LOC_Os01g07120,LOC_Os03g03750,motif,merged
LOC_Os01g07120,LOC_Os07g34330,motif,merged
LOC_Os01g07120,LOC_Os02g21770,motif,merged
LOC_Os01g07120,LOC_Os03g52780,motif_CE,motif_CE
LOC_Os01g07120,LOC_Os08g11250,motif,merged
LOC_Os01g07120,LOC_Os12g35490,"FunTFBS, motif",merged
LOC_Os01g07120,LOC_Os06g50970,motif_CE,motif_CE
LOC_Os01g07120,LOC_Os12g02050,motif,merged
LOC_Os01g07120,LOC_Os11g10740,motif,merged
LOC_Os01g07120,LOC_Os11g06670,"motif, motif_CE",merged
LOC_Os01g07120,LOC_Os06g10420,"motif, motif_CE",merged
LOC_Os01g07120,LOC_Os10g25430,motif,merged
LOC_Os01g07120,LOC_Os03g12790,FunTFBS,FunTFBS
LOC_Os01g07120,LOC_Os12g12730,"motif, motif_CE",merged
LOC_Os01g07120,LOC_Os10g38950,motif,merged
LOC_Os01g07120,LOC_Os11g15710,motif,merged
LOC_Os01g07120,LOC_Os12g26320,motif,merged
LOC_Os01g07120,LOC_Os03g46530,motif_CE,motif_CE
LOC_Os01g07120,LOC_Os06g04830,FunTFBS,FunTFBS
LOC_Os01g07120,LOC_Os12g04710,FunTFBS,FunTFBS
LOC_Os01g07120,LOC_Os05g45230,motif,merged
LOC_Os01g07120,LOC_Os09g18320,motif,merged
LOC_Os01g07120,LOC_Os11g07300,motif,merged
LOC_Os01g07120,LOC_Os07g33100,motif_CE,motif_CE
LOC_Os01g07120,LOC_Os09g03380,motif,merged
LOC_Os01g07120,LOC_Os12g24020,motif,merged
LOC_Os01g07120,LOC_Os07g28880,"motif, motif_CE",merged
LOC_Os01g07120,LOC_Os01g05550,"motif, motif_CE",merged
LOC_Os01g07120,LOC_Os07g32990,motif,merged
LOC_Os01g07120,LOC_Os09g22550,"motif, motif_CE",merged
LOC_Os01g07120,LOC_Os06g02560,motif_CE,motif_CE
LOC_Os01g07120,LOC_Os09g22030,FunTFBS,FunTFBS
LOC_Os01g07120,LOC_Os04g10340,motif,merged
LOC_Os01g07120,LOC_Os08g01840,motif_CE,motif_CE
LOC_Os01g07120,LOC_Os09g28019,motif_CE,motif_CE
LOC_Os01g07120,LOC_Os02g36710,motif,merged
LOC_Os01g07120,LOC_Os02g21840,motif,merged
LOC_Os01g07120,LOC_Os01g73380,motif,merged
LOC_Os01g07120,LOC_Os03g48890,motif,merged
LOC_Os01g07120,LOC_Os12g07720,motif,merged
LOC_Os01g07120,LOC_Os01g68240,motif,merged
LOC_Os01g07120,LOC_Os12g39910,motif,merged
LOC_Os01g07120,LOC_Os11g07370,motif,merged
LOC_Os01g07120,LOC_Os10g12240,motif,merged
LOC_Os01g07120,LOC_Os01g36730,motif,merged
LOC_Os01g07120,LOC_Os12g32374,"motif, motif_CE",merged
LOC_Os01g07120,LOC_Os01g38660,motif_CE,motif_CE
LOC_Os01g07120,LOC_Os04g41229,motif_CE,motif_CE
LOC_Os01g07120,LOC_Os01g35530,motif,merged
LOC_Os01g07120,LOC_Os01g24400,motif,merged
LOC_Os01g07120,LOC_Os05g39260,"FunTFBS, motif",merged
LOC_Os01g07120,LOC_Os03g08260,motif,merged
LOC_Os01g07120,LOC_Os02g54710,motif_CE,motif_CE
LOC_Os01g07120,LOC_Os07g08410,"FunTFBS, motif",merged
LOC_Os01g07120,LOC_Os03g58130,motif,merged
LOC_Os01g07120,LOC_Os08g38289,motif,merged
LOC_Os01g07120,LOC_Os01g56420,"motif, motif_CE",merged
LOC_Os01g07120,LOC_Os06g31050,motif,merged
LOC_Os01g07120,LOC_Os09g36950,"motif, motif_CE",merged
LOC_Os01g07120,LOC_Os03g56140,motif,merged
LOC_Os01g07120,LOC_Os02g26310,motif,merged
LOC_Os01g07120,LOC_Os07g38930,motif,merged
LOC_Os01g07120,LOC_Os04g47650,motif,merged
LOC_Os01g07120,LOC_Os07g20150,motif,merged
LOC_Os01g07120,LOC_Os12g25530,motif,merged
LOC_Os01g07120,LOC_Os04g31290,motif_CE,motif_CE
LOC_Os01g07120,LOC_Os01g61970,motif,merged
LOC_Os01g07120,LOC_Os10g32860,"motif, motif_CE",merged
LOC_Os01g07120,LOC_Os03g45250,"motif, motif_CE",merged
LOC_Os01g07120,LOC_Os11g08640,motif,merged
LOC_Os01g07120,LOC_Os06g24390,motif,merged
LOC_Os01g07120,LOC_Os06g17690,motif,merged
LOC_Os01g07120,LOC_Os12g10770,motif,merged
LOC_Os01g07120,LOC_Os02g56565,"FunTFBS, motif, motif_CE",merged
LOC_Os01g07120,LOC_Os12g15280,motif,merged
LOC_Os01g07120,LOC_Os08g29950,motif,merged
LOC_Os01g07120,LOC_Os10g27470,motif,merged
LOC_Os01g07120,LOC_Os03g58510,"motif, motif_CE",merged
LOC_Os01g07120,LOC_Os11g26860,motif,merged
LOC_Os01g07120,LOC_Os05g30500,motif,merged
LOC_Os01g07120,LOC_Os12g29360,motif,merged
LOC_Os01g07120,LOC_Os05g12260,motif_CE,motif_CE
LOC_Os01g07120,LOC_Os07g17680,motif,merged
LOC_Os01g07120,LOC_Os01g36970,motif,merged
LOC_Os01g07120,LOC_Os06g29790,motif,merged
LOC_Os01g07120,LOC_Os03g32070,motif,merged
LOC_Os01g07120,LOC_Os04g03220,motif,merged
LOC_Os01g07120,LOC_Os01g58390,"FunTFBS, motif",merged
LOC_Os01g07120,LOC_Os02g56760,motif,merged
LOC_Os01g07120,LOC_Os03g42040,motif,merged
LOC_Os01g07120,LOC_Os04g38310,motif,merged
LOC_Os01g07120,LOC_Os01g28040,motif,merged
LOC_Os01g07120,LOC_Os06g17250,motif,merged
LOC_Os01g07120,LOC_Os01g08580,"motif, motif_CE",merged
LOC_Os01g07120,LOC_Os12g04850,"motif, motif_CE",merged
LOC_Os01g07120,LOC_Os03g13360,motif,merged
LOC_Os01g07120,LOC_Os08g23600,motif,merged
LOC_Os01g07120,LOC_Os09g29900,motif,merged
LOC_Os01g07120,LOC_Os03g03470,FunTFBS,FunTFBS
LOC_Os01g07120,LOC_Os05g31390,motif,merged
LOC_Os01g07120,LOC_Os07g08330,motif,merged
LOC_Os01g07120,LOC_Os05g23740,motif,merged
LOC_Os01g07120,LOC_Os11g11120,motif,merged
LOC_Os01g07120,LOC_Os05g47640,motif,merged
LOC_Os01g07120,LOC_Os02g24980,"FunTFBS, motif, motif_CE",merged
LOC_Os01g07120,LOC_Os03g15280,motif,merged
LOC_Os01g07120,LOC_Os10g06800,motif,merged
LOC_Os01g07120,LOC_Os07g06199,"FunTFBS, motif, motif_CE",merged
LOC_Os01g07120,LOC_Os09g17740,motif,merged
LOC_Os01g07120,LOC_Os11g12280,motif,merged
LOC_Os01g07120,LOC_Os01g32540,motif,merged
LOC_Os01g07120,LOC_Os05g32840,motif,merged
LOC_Os01g07120,LOC_Os02g40420,motif_CE,motif_CE
LOC_Os01g07120,LOC_Os06g05660,motif,merged
LOC_Os01g07120,LOC_Os02g21640,"motif, motif_CE",merged
LOC_Os01g07120,LOC_Os08g17270,motif,merged
LOC_Os01g07120,LOC_Os02g39210,motif,merged
LOC_Os01g07120,LOC_Os06g48350,motif,merged
LOC_Os01g07120,LOC_Os11g13730,motif,merged
LOC_Os01g07120,LOC_Os08g02990,motif,merged
LOC_Os01g07120,LOC_Os04g47700,motif_CE,motif_CE
LOC_Os01g07120,LOC_Os02g08120,FunTFBS,FunTFBS
LOC_Os01g07120,LOC_Os12g38300,motif_CE,motif_CE
LOC_Os01g07120,LOC_Os05g24930,motif,merged
LOC_Os01g07120,LOC_Os03g04750,motif_CE,motif_CE
LOC_Os01g07120,LOC_Os08g03450,motif_CE,motif_CE
LOC_Os01g07120,LOC_Os09g28050,"motif, motif_CE",merged
LOC_Os01g07120,LOC_Os06g39000,FunTFBS,FunTFBS
LOC_Os01g07120,LOC_Os04g58990,"motif, motif_CE",merged
LOC_Os01g07120,LOC_Os11g33462,motif,merged
LOC_Os01g07120,LOC_Os12g26270,motif,merged
LOC_Os01g07120,LOC_Os10g29950,motif,merged
LOC_Os01g07120,LOC_Os12g02700,motif,merged
LOC_Os01g07120,LOC_Os11g07590,motif,merged
LOC_Os01g07120,LOC_Os06g44050,motif,merged
LOC_Os01g07120,LOC_Os11g27060,motif,merged
LOC_Os01g07120,LOC_Os06g50970,"motif, motif_CE",merged
LOC_Os01g07120,LOC_Os06g17270,motif,merged
LOC_Os01g07120,LOC_Os01g56160,motif,merged
LOC_Os01g07120,LOC_Os05g08920,motif_CE,motif_CE
LOC_Os01g07120,LOC_Os04g47590,"motif, motif_CE",merged
LOC_Os01g07120,LOC_Os11g36940,motif,merged
LOC_Os01g07120,LOC_Os02g19900,motif,merged
LOC_Os01g07120,LOC_Os07g12300,motif,merged
LOC_Os01g07120,LOC_Os04g20510,motif,merged
LOC_Os01g07120,LOC_Os05g31290,motif_CE,motif_CE
LOC_Os01g07120,LOC_Os12g08090,motif,merged
LOC_Os01g07120,LOC_Os02g19040,FunTFBS,FunTFBS
LOC_Os01g07120,LOC_Os09g04960,motif,merged
LOC_Os01g07120,LOC_Os03g17570,motif,merged
LOC_Os01g07120,LOC_Os08g25780,FunTFBS,FunTFBS
LOC_Os01g07120,LOC_Os06g40560,motif,merged
LOC_Os01g07120,LOC_Os07g33100,"motif, motif_CE",merged
LOC_Os01g07120,LOC_Os04g33280,"motif, motif_CE",merged
LOC_Os01g07120,LOC_Os06g22820,motif,merged
LOC_Os01g07120,LOC_Os07g10810,motif,merged
LOC_Os01g07120,LOC_Os01g37910,motif,merged
LOC_Os01g07120,LOC_Os02g51230,motif,merged
LOC_Os01g07120,LOC_Os09g36540,motif,merged
LOC_Os01g07120,LOC_Os11g07600,motif,merged
LOC_Os01g07120,LOC_Os03g41000,motif,merged
LOC_Os01g07120,LOC_Os01g50970,motif,merged
LOC_Os01g07120,LOC_Os07g45360,"motif, motif_CE",merged
LOC_Os01g07120,LOC_Os05g40530,motif,merged
LOC_Os01g07120,LOC_Os01g38660,"motif, motif_CE",merged
LOC_Os01g07120,LOC_Os09g12820,motif,merged
LOC_Os01g07120,LOC_Os06g03990,motif,merged
LOC_Os01g07120,LOC_Os02g54710,"motif, motif_CE",merged
LOC_Os01g07120,LOC_Os03g14810,"motif, motif_CE",merged
LOC_Os01g07120,LOC_Os02g14860,motif_CE,motif_CE
LOC_Os01g07120,LOC_Os05g11414,"motif, motif_CE",merged
LOC_Os01g07120,LOC_Os01g34010,motif,merged
LOC_Os01g07120,LOC_Os07g46570,"motif, motif_CE",merged
LOC_Os01g07120,LOC_Os04g31290,"motif, motif_CE",merged
LOC_Os01g07120,LOC_Os03g17020,motif_CE,motif_CE
LOC_Os01g07120,LOC_Os04g34160,motif,merged
LOC_Os01g07120,LOC_Os06g32360,motif,merged
LOC_Os01g07120,LOC_Os01g46440,motif,merged
LOC_Os01g07120,LOC_Os05g28140,motif,merged
LOC_Os01g07120,LOC_Os03g22350,motif,merged
LOC_Os01g07120,LOC_Os05g06670,"motif, motif_CE",merged
LOC_Os01g07120,LOC_Os06g29110,"motif, motif_CE",merged
LOC_Os01g07120,LOC_Os07g30040,motif,merged
LOC_Os01g07120,LOC_Os08g44890,motif,merged
LOC_Os01g07120,LOC_Os04g12790,FunTFBS,FunTFBS
LOC_Os01g07120,LOC_Os02g06440,motif_CE,motif_CE
LOC_Os01g07120,LOC_Os04g33630,motif,merged
LOC_Os01g07120,LOC_Os06g50770,motif,merged
LOC_Os01g07120,LOC_Os03g22100,motif,merged
LOC_Os01g07120,LOC_Os06g45040,"motif, motif_CE",merged
LOC_Os01g07120,LOC_Os03g57130,FunTFBS,FunTFBS
LOC_Os01g07120,LOC_Os06g46950,"motif, motif_CE",merged
LOC_Os01g07120,LOC_Os08g12180,motif,merged
LOC_Os01g07120,LOC_Os10g41120,motif,merged
LOC_Os01g07120,LOC_Os01g05120,motif,merged
LOC_Os01g07120,LOC_Os04g11470,FunTFBS,FunTFBS
LOC_Os01g07120,LOC_Os02g24020,motif,merged
LOC_Os01g07120,LOC_Os09g25910,motif,merged
LOC_Os01g07120,LOC_Os12g04540,motif,merged
LOC_Os01g07120,LOC_Os08g02150,FunTFBS,FunTFBS
LOC_Os01g07120,LOC_Os11g34150,motif,merged
LOC_Os01g07120,LOC_Os01g24420,motif,merged
LOC_Os01g07120,LOC_Os04g57750,FunTFBS,FunTFBS
LOC_Os01g07120,LOC_Os04g22430,FunTFBS,FunTFBS
LOC_Os01g07120,LOC_Os06g43120,FunTFBS,FunTFBS
LOC_Os01g07120,LOC_Os12g42830,motif,merged
LOC_Os01g07120,LOC_Os10g41850,"FunTFBS, motif",merged
LOC_Os01g07120,LOC_Os09g13910,motif,merged
LOC_Os01g07120,LOC_Os07g36840,motif,merged
LOC_Os01g07120,LOC_Os09g24550,motif,merged
LOC_Os01g07120,LOC_Os08g40100,motif,merged
LOC_Os01g07120,LOC_Os12g29550,motif,merged
LOC_Os01g07120,LOC_Os03g27880,"FunTFBS, motif, motif_CE",merged
LOC_Os01g07120,LOC_Os03g48810,motif,merged
LOC_Os01g07120,LOC_Os01g09880,motif,merged
LOC_Os01g07120,LOC_Os07g08380,motif,merged
LOC_Os01g07120,LOC_Os05g22980,motif,merged
LOC_Os01g07120,LOC_Os05g29735,motif,merged
LOC_Os01g07120,LOC_Os11g06310,motif,merged
LOC_Os01g07120,LOC_Os03g11980,motif_CE,motif_CE
LOC_Os01g07120,LOC_Os06g12400,motif,merged
LOC_Os01g07120,LOC_Os11g47860,motif_CE,motif_CE
LOC_Os01g07120,LOC_Os12g41080,motif,merged
LOC_Os01g07120,LOC_Os10g18510,motif,merged
LOC_Os01g07120,LOC_Os09g33770,motif,merged
LOC_Os01g07120,LOC_Os01g23820,motif,merged
LOC_Os01g07120,LOC_Os08g21330,motif_CE,motif_CE
LOC_Os01g07120,LOC_Os10g30640,"motif, motif_CE",merged
LOC_Os01g07120,LOC_Os02g24000,"FunTFBS, motif, motif_CE",merged
LOC_Os01g07120,LOC_Os11g08510,motif,merged
LOC_Os01g07120,LOC_Os02g34540,motif,merged
LOC_Os01g07120,LOC_Os02g48220,motif,merged
LOC_Os01g07120,LOC_Os06g46720,motif,merged
LOC_Os01g07120,LOC_Os01g48140,"motif, motif_CE",merged
LOC_Os01g07120,LOC_Os12g38300,"motif, motif_CE",merged
LOC_Os01g07120,LOC_Os06g49740,motif,merged
LOC_Os01g07120,LOC_Os01g58870,motif_CE,motif_CE
LOC_Os01g07120,LOC_Os12g05080,motif,merged
LOC_Os01g07120,LOC_Os04g20520,motif,merged
LOC_Os01g07120,LOC_Os09g20320,motif,merged
LOC_Os01g07120,LOC_Os11g01100,motif,merged
LOC_Os01g07120,LOC_Os07g40130,motif,merged
LOC_Os01g07120,LOC_Os04g24880,motif,merged
LOC_Os01g07120,LOC_Os04g05070,motif,merged
LOC_Os01g07120,LOC_Os05g28330,FunTFBS,FunTFBS
LOC_Os01g07120,LOC_Os02g57220,motif,merged
LOC_Os01g07120,LOC_Os05g19930,motif,merged
LOC_Os01g07120,LOC_Os03g22510,"motif, motif_CE",merged
LOC_Os01g07120,LOC_Os02g07250,motif_CE,motif_CE
LOC_Os01g07120,LOC_Os09g33750,motif,merged
LOC_Os01g07120,LOC_Os03g57930,motif,merged
LOC_Os01g07120,LOC_Os06g44150,"motif, motif_CE",merged
LOC_Os01g07120,LOC_Os02g03870,motif,merged
LOC_Os01g07120,LOC_Os06g17070,motif,merged
LOC_Os01g07120,LOC_Os03g10590,"motif, motif_CE",merged
LOC_Os01g07120,LOC_Os12g38830,motif,merged
LOC_Os01g07120,LOC_Os08g26680,motif,merged
LOC_Os01g07120,LOC_Os10g37920,motif_CE,motif_CE
LOC_Os01g07120,LOC_Os10g12232,motif,merged
LOC_Os01g07120,LOC_Os03g37915,motif,merged
LOC_Os01g07120,LOC_Os03g19690,motif_CE,motif_CE
LOC_Os01g07120,LOC_Os04g52550,motif,merged
LOC_Os01g07120,LOC_Os09g06540,"FunTFBS, motif",merged
LOC_Os01g07120,LOC_Os03g55330,motif_CE,motif_CE
LOC_Os01g07120,LOC_Os01g46710,motif_CE,motif_CE
LOC_Os01g07120,LOC_Os07g48320,motif,merged
LOC_Os01g07120,LOC_Os05g32480,motif,merged
LOC_Os01g07120,LOC_Os06g06370,motif,merged
LOC_Os01g07120,LOC_Os11g38930,motif,merged
LOC_Os01g07120,LOC_Os12g24480,motif,merged
LOC_Os01g07120,LOC_Os11g26330,motif,merged
LOC_Os01g07120,LOC_Os04g34930,"FunTFBS, motif, motif_CE",merged
LOC_Os01g07120,LOC_Os09g29050,motif,merged
LOC_Os01g07120,LOC_Os07g17520,motif,merged
LOC_Os01g07120,LOC_Os01g70120,motif,merged
LOC_Os01g07120,LOC_Os01g61810,motif,merged
LOC_Os01g07120,LOC_Os09g03680,motif,merged
LOC_Os01g07120,LOC_Os08g02570,motif,merged
LOC_Os01g07120,LOC_Os08g37960,motif,merged
LOC_Os01g07120,LOC_Os05g25510,motif,merged
LOC_Os01g07120,LOC_Os07g43190,motif,merged
LOC_Os01g07120,LOC_Os04g33840,FunTFBS,FunTFBS
LOC_Os01g07120,LOC_Os10g28810,motif,merged
LOC_Os01g07120,LOC_Os11g05340,motif,merged
LOC_Os01g07120,LOC_Os04g43400,"motif, motif_CE",merged
LOC_Os01g07120,LOC_Os07g49230,FunTFBS,FunTFBS
LOC_Os01g07120,LOC_Os12g42670,motif,merged
LOC_Os01g07120,LOC_Os05g11550,motif,merged
LOC_Os01g07120,LOC_Os11g24360,FunTFBS,FunTFBS
LOC_Os01g07120,LOC_Os02g06430,motif_CE,motif_CE
LOC_Os01g07120,LOC_Os03g22730,motif,merged
LOC_Os01g07120,LOC_Os04g41229,"motif, motif_CE",merged
LOC_Os01g07120,LOC_Os06g42930,motif,merged
LOC_Os01g07120,LOC_Os04g42910,motif,merged
LOC_Os01g07120,LOC_Os05g09360,"motif, motif_CE",merged
LOC_Os01g07120,LOC_Os04g28850,motif,merged
LOC_Os01g07120,LOC_Os01g06320,motif,merged
LOC_Os01g07120,LOC_Os10g11940,motif,merged
LOC_Os01g07120,LOC_Os09g19650,motif,merged
LOC_Os01g07120,LOC_Os05g08640,motif,merged
LOC_Os01g07120,LOC_Os12g27025,motif,merged
LOC_Os01g07120,LOC_Os06g05910,motif,merged
LOC_Os01g07120,LOC_Os04g32090,motif_CE,motif_CE
LOC_Os01g07120,LOC_Os05g06040,motif,merged
LOC_Os01g07120,LOC_Os06g40390,motif,merged
LOC_Os01g07120,LOC_Os03g17020,"motif, motif_CE",merged
LOC_Os01g07120,LOC_Os04g45280,motif,merged
LOC_Os01g07120,LOC_Os12g40680,motif,merged
LOC_Os01g07120,LOC_Os02g43010,"motif, motif_CE",merged
LOC_Os01g07120,LOC_Os07g04380,motif,merged
LOC_Os01g07120,LOC_Os07g44700,"motif, motif_CE",merged
LOC_Os01g07120,LOC_Os03g47260,motif_CE,motif_CE
LOC_Os01g07120,LOC_Os11g28770,motif,merged
LOC_Os01g07120,LOC_Os02g39330,"motif, motif_CE",merged
LOC_Os01g07120,LOC_Os04g51460,motif,merged
LOC_Os01g07120,LOC_Os09g37006,FunTFBS,FunTFBS
LOC_Os01g07120,LOC_Os02g35160,motif_CE,motif_CE
LOC_Os01g07120,LOC_Os02g10930,"motif, motif_CE",merged
LOC_Os01g07120,LOC_Os09g02470,FunTFBS,FunTFBS
LOC_Os01g07120,LOC_Os07g08160,"motif, motif_CE",merged
LOC_Os01g07120,LOC_Os07g14310,motif,merged
LOC_Os01g07120,LOC_Os01g73280,motif,merged
LOC_Os01g07120,LOC_Os02g01020,motif,merged
LOC_Os01g07120,LOC_Os10g08640,motif,merged
LOC_Os01g07120,LOC_Os04g32260,motif,merged
LOC_Os01g07120,LOC_Os07g39800,motif_CE,motif_CE
LOC_Os01g07120,LOC_Os08g02400,"motif, motif_CE",merged
LOC_Os01g07120,LOC_Os01g62500,motif,merged
LOC_Os01g07120,LOC_Os03g55670,motif,merged
LOC_Os01g07120,LOC_Os11g13540,motif,merged
LOC_Os01g07120,LOC_Os03g24260,motif,merged
LOC_Os01g07120,LOC_Os06g35840,motif,merged
LOC_Os01g07120,LOC_Os07g48610,FunTFBS,FunTFBS
LOC_Os01g07120,LOC_Os10g26859,motif,merged
LOC_Os01g07120,LOC_Os03g23900,motif,merged
LOC_Os01g07120,LOC_Os01g36390,"motif, motif_CE",merged
LOC_Os01g07120,LOC_Os03g27290,motif_CE,motif_CE
LOC_Os01g07120,LOC_Os02g58530,"motif, motif_CE",merged
LOC_Os01g07120,LOC_Os08g10400,FunTFBS,FunTFBS
LOC_Os01g07120,LOC_Os09g38340,motif_CE,motif_CE
LOC_Os01g07120,LOC_Os09g08180,motif,merged
LOC_Os01g07120,LOC_Os12g38370,motif,merged
LOC_Os01g07120,LOC_Os01g20800,motif_CE,motif_CE
LOC_Os01g07120,LOC_Os12g37490,"motif, motif_CE",merged
LOC_Os01g07120,LOC_Os09g30210,motif,merged
LOC_Os01g07120,LOC_Os08g42560,FunTFBS,FunTFBS
LOC_Os01g07120,LOC_Os08g42390,motif_CE,motif_CE
LOC_Os01g07120,LOC_Os04g45940,motif_CE,motif_CE
LOC_Os01g07120,LOC_Os03g54860,motif_CE,motif_CE
LOC_Os01g07120,LOC_Os07g40510,motif_CE,motif_CE
LOC_Os01g07120,LOC_Os07g25770,FunTFBS,FunTFBS
LOC_Os01g07120,LOC_Os07g28850,motif,merged
LOC_Os01g07120,LOC_Os08g21330,"motif, motif_CE",merged
LOC_Os01g07120,LOC_Os10g42170,motif_CE,motif_CE
LOC_Os01g07120,LOC_Os02g45470,motif,merged
LOC_Os01g07120,LOC_Os03g38500,motif,merged
LOC_Os01g07120,LOC_Os01g43390,motif_CE,motif_CE
LOC_Os01g07120,LOC_Os04g58780,motif_CE,motif_CE
LOC_Os01g07120,LOC_Os07g38540,"motif, motif_CE",merged
LOC_Os01g07120,LOC_Os05g03000,"motif, motif_CE",merged
LOC_Os01g07120,LOC_Os10g03590,motif,merged
LOC_Os01g07120,LOC_Os03g19880,motif,merged
LOC_Os01g07120,LOC_Os01g16470,motif_CE,motif_CE
LOC_Os01g07120,LOC_Os03g63480,motif,merged
LOC_Os01g07120,LOC_Os01g59110,motif,merged
LOC_Os01g07120,LOC_Os06g20440,motif_CE,motif_CE
LOC_Os01g07120,LOC_Os03g48730,motif,merged
LOC_Os01g07120,LOC_Os12g13090,motif,merged
LOC_Os01g07120,LOC_Os10g05050,motif_CE,motif_CE
LOC_Os01g07120,LOC_Os03g04750,"motif, motif_CE",merged
LOC_Os01g07120,LOC_Os10g41190,"motif, motif_CE",merged
LOC_Os01g07120,LOC_Os12g08170,motif,merged
LOC_Os01g07120,LOC_Os02g07250,"motif, motif_CE",merged
LOC_Os01g07120,LOC_Os04g38620,motif,merged
LOC_Os01g07120,LOC_Os01g29540,motif,merged
LOC_Os01g07120,LOC_Os06g50880,motif,merged
LOC_Os01g07120,LOC_Os06g30790,motif,merged
LOC_Os01g07120,LOC_Os12g11800,motif,merged
LOC_Os01g07120,LOC_Os03g50364,"FunTFBS, motif, motif_CE",merged
LOC_Os01g07120,LOC_Os02g33460,motif_CE,motif_CE
LOC_Os01g07120,LOC_Os03g25350,motif,merged
LOC_Os01g07120,LOC_Os05g08920,"motif, motif_CE",merged
LOC_Os01g07120,LOC_Os06g09540,"motif, motif_CE",merged
LOC_Os01g07120,LOC_Os10g38690,motif,merged
LOC_Os01g07120,LOC_Os11g21950,motif,merged
LOC_Os01g07120,LOC_Os04g46730,motif,merged
LOC_Os01g07120,LOC_Os09g27570,motif,merged
LOC_Os01g07120,LOC_Os10g26260,motif,merged
LOC_Os01g07120,LOC_Os03g14270,motif_CE,motif_CE
LOC_Os01g07120,LOC_Os02g10100,motif,merged
LOC_Os01g07120,LOC_Os09g08560,motif,merged
LOC_Os01g07120,LOC_Os01g53340,motif,merged
LOC_Os01g07120,LOC_Os08g02420,motif,merged
LOC_Os01g07120,LOC_Os06g01460,motif,merged
LOC_Os01g07120,LOC_Os07g19140,motif,merged
LOC_Os01g07120,LOC_Os05g11870,"motif, motif_CE",merged
LOC_Os01g07120,LOC_Os08g44420,FunTFBS,FunTFBS
LOC_Os01g07120,LOC_Os08g16410,motif,merged
LOC_Os01g07120,LOC_Os01g48070,motif,merged
LOC_Os01g07120,LOC_Os02g52540,motif_CE,motif_CE
LOC_Os01g07120,LOC_Os06g47870,motif_CE,motif_CE
LOC_Os01g07120,LOC_Os09g09010,motif,merged
LOC_Os01g07120,LOC_Os11g39760,motif,merged
LOC_Os01g07120,LOC_Os04g52260,motif,merged
LOC_Os01g07120,LOC_Os09g07480,motif,merged
LOC_Os01g07120,LOC_Os11g39220,motif,merged
LOC_Os01g07120,LOC_Os11g34840,motif,merged
LOC_Os01g07120,LOC_Os02g14860,"motif, motif_CE",merged
LOC_Os01g07120,LOC_Os09g21460,motif_CE,motif_CE
LOC_Os01g07120,LOC_Os06g06590,motif,merged
LOC_Os01g07120,LOC_Os10g27060,"FunTFBS, motif",merged
LOC_Os01g07120,LOC_Os03g47260,"motif, motif_CE",merged
LOC_Os01g07120,LOC_Os04g33390,"motif, motif_CE",merged
LOC_Os01g07120,LOC_Os05g03550,motif_CE,motif_CE
LOC_Os01g07120,LOC_Os12g17230,motif,merged
LOC_Os01g07120,LOC_Os03g25190,motif_CE,motif_CE
LOC_Os01g07120,LOC_Os07g33340,motif,merged
LOC_Os01g07120,LOC_Os08g06560,motif,merged
LOC_Os01g07120,LOC_Os10g39060,"motif, motif_CE",merged
LOC_Os01g07120,LOC_Os01g38440,motif,merged
LOC_Os01g07120,LOC_Os11g35830,"motif, motif_CE",merged
LOC_Os01g07120,LOC_Os03g52400,"FunTFBS, motif, motif_CE",merged
LOC_Os01g07120,LOC_Os05g48620,"motif, motif_CE",merged
LOC_Os01g07120,LOC_Os11g36440,"FunTFBS, motif",merged
LOC_Os01g07120,LOC_Os03g11170,motif,merged
LOC_Os01g07120,LOC_Os02g33720,motif_CE,motif_CE
LOC_Os01g07120,LOC_Os02g47160,motif,merged
LOC_Os01g07120,LOC_Os03g18470,motif_CE,motif_CE
LOC_Os01g07120,LOC_Os07g39800,"motif, motif_CE",merged
LOC_Os01g07120,LOC_Os01g42600,motif,merged
LOC_Os01g07120,LOC_Os09g01610,motif,merged
LOC_Os01g07120,LOC_Os04g20960,motif,merged
LOC_Os01g07120,LOC_Os07g27120,motif,merged
LOC_Os01g07120,LOC_Os01g64590,FunTFBS,FunTFBS
LOC_Os01g07120,LOC_Os09g10470,motif,merged
LOC_Os01g07120,LOC_Os05g37720,motif,merged
LOC_Os01g07120,LOC_Os02g12140,motif,merged
LOC_Os01g07120,LOC_Os09g01090,motif,merged
LOC_Os01g07120,LOC_Os06g12940,motif_CE,motif_CE
LOC_Os01g07120,LOC_Os11g32900,motif,merged
LOC_Os01g07120,LOC_Os11g08240,FunTFBS,FunTFBS
LOC_Os01g07120,LOC_Os03g27290,"motif, motif_CE",merged
LOC_Os01g07120,LOC_Os01g47300,motif,merged
LOC_Os01g07120,LOC_Os06g30770,motif,merged
LOC_Os01g07120,LOC_Os01g13490,motif,merged
LOC_Os01g07120,LOC_Os01g19170,motif,merged
LOC_Os01g07120,LOC_Os03g59520,motif,merged
LOC_Os01g07120,LOC_Os02g50830,"FunTFBS, motif",merged
LOC_Os01g07120,LOC_Os08g43090,motif,merged
LOC_Os01g07120,LOC_Os07g37370,motif,merged
LOC_Os01g07120,LOC_Os03g05980,motif,merged
LOC_Os01g07120,LOC_Os01g20800,"motif, motif_CE",merged
LOC_Os01g07120,LOC_Os11g12770,motif,merged
LOC_Os01g07120,LOC_Os04g45940,"motif, motif_CE",merged
LOC_Os01g07120,LOC_Os07g13140,motif,merged
LOC_Os01g07120,LOC_Os11g36980,motif,merged
LOC_Os01g07120,LOC_Os10g05940,motif_CE,motif_CE
LOC_Os01g07120,LOC_Os06g39520,FunTFBS,FunTFBS
LOC_Os01g07120,LOC_Os05g10350,motif,merged
LOC_Os01g07120,LOC_Os05g11620,motif_CE,motif_CE
LOC_Os01g07120,LOC_Os07g49410,motif,merged
LOC_Os01g07120,LOC_Os07g29380,motif,merged
LOC_Os01g07120,LOC_Os08g04290,motif,merged
LOC_Os01g07120,LOC_Os09g09820,FunTFBS,FunTFBS
LOC_Os01g07120,LOC_Os02g03820,"FunTFBS, motif, motif_CE",merged
LOC_Os01g07120,LOC_Os01g36610,motif_CE,motif_CE
LOC_Os01g07120,LOC_Os05g41940,motif,merged
LOC_Os01g07120,LOC_Os10g05050,"motif, motif_CE",merged
LOC_Os01g07120,LOC_Os11g14170,"FunTFBS, motif",merged
LOC_Os01g07120,LOC_Os01g34610,motif,merged
LOC_Os01g07120,LOC_Os04g25480,FunTFBS,FunTFBS
LOC_Os01g07120,LOC_Os01g10250,motif,merged
LOC_Os01g07120,LOC_Os04g31300,motif,merged
LOC_Os01g07120,LOC_Os12g35870,motif,merged
LOC_Os01g07120,LOC_Os08g13800,motif,merged
LOC_Os01g07120,LOC_Os10g03510,motif,merged
LOC_Os01g07120,LOC_Os01g36630,motif,merged
LOC_Os01g07120,LOC_Os05g19710,motif,merged
LOC_Os01g07120,LOC_Os09g38510,motif,merged
LOC_Os01g07120,LOC_Os11g15000,"FunTFBS, motif",merged
LOC_Os01g07120,LOC_Os04g33720,motif_CE,motif_CE
LOC_Os01g07120,LOC_Os01g73310,motif,merged
LOC_Os01g07120,LOC_Os06g18160,motif_CE,motif_CE
LOC_Os01g07120,LOC_Os02g37880,motif_CE,motif_CE
LOC_Os01g07120,LOC_Os01g09230,motif,merged
LOC_Os01g07120,LOC_Os01g10820,motif,merged
LOC_Os01g07120,LOC_Os04g08320,"FunTFBS, motif",merged
LOC_Os01g07120,LOC_Os07g28830,motif,merged
LOC_Os01g07120,LOC_Os07g12390,motif,merged
LOC_Os01g07120,LOC_Os02g33180,motif_CE,motif_CE
LOC_Os01g07120,LOC_Os10g08620,motif_CE,motif_CE
LOC_Os01g07120,LOC_Os01g15860,motif,merged
LOC_Os01g07120,LOC_Os03g16850,motif_CE,motif_CE
LOC_Os01g07120,LOC_Os01g18130,motif,merged
LOC_Os01g07120,LOC_Os08g32450,motif,merged
LOC_Os01g07120,LOC_Os03g14270,"motif, motif_CE",merged
LOC_Os01g07120,LOC_Os04g12550,motif,merged
LOC_Os01g07120,LOC_Os05g50654,FunTFBS,FunTFBS
LOC_Os01g07120,LOC_Os03g18480,motif_CE,motif_CE
LOC_Os01g07120,LOC_Os02g03030,motif_CE,motif_CE
LOC_Os01g07120,LOC_Os11g43000,motif,merged
LOC_Os01g07120,LOC_Os11g34570,motif,merged
LOC_Os01g07120,LOC_Os01g29900,motif,merged
LOC_Os01g07120,LOC_Os12g01230,motif,merged
LOC_Os01g07120,LOC_Os03g59670,motif,merged
LOC_Os01g07120,LOC_Os01g48220,motif,merged
LOC_Os01g07120,LOC_Os02g12570,motif,merged
LOC_Os01g07120,LOC_Os04g40740,motif_CE,motif_CE
LOC_Os01g07120,LOC_Os02g44900,motif_CE,motif_CE
LOC_Os01g07120,LOC_Os02g20090,motif,merged
LOC_Os01g07120,LOC_Os02g52540,"motif, motif_CE",merged
LOC_Os01g07120,LOC_Os08g36570,motif,merged
LOC_Os01g07120,LOC_Os02g04020,motif,merged
LOC_Os01g07120,LOC_Os11g47830,motif,merged
LOC_Os01g07120,LOC_Os06g25990,motif,merged
LOC_Os01g07120,LOC_Os12g03870,motif,merged
LOC_Os01g07120,LOC_Os11g20400,motif,merged
LOC_Os01g07120,LOC_Os11g10590,motif,merged
LOC_Os01g07120,LOC_Os02g06430,"motif, motif_CE",merged
LOC_Os01g07120,LOC_Os12g06660,motif,merged
LOC_Os01g07120,LOC_Os01g44950,motif,merged
LOC_Os01g07120,LOC_Os01g21550,motif,merged
LOC_Os01g07120,LOC_Os04g32890,motif,merged
LOC_Os01g07120,LOC_Os02g54290,FunTFBS,FunTFBS
LOC_Os01g07120,LOC_Os04g24670,motif,merged
LOC_Os01g07120,LOC_Os03g40540,"motif, motif_CE",merged
LOC_Os01g07120,LOC_Os09g29080,"motif, motif_CE",merged
LOC_Os01g07120,LOC_Os11g06950,motif,merged
LOC_Os01g07120,LOC_Os02g51700,"motif, motif_CE",merged
LOC_Os01g07120,LOC_Os03g25480,motif,merged
LOC_Os01g07120,LOC_Os05g39360,"motif, motif_CE",merged
LOC_Os01g07120,LOC_Os01g68940,motif_CE,motif_CE
LOC_Os01g07120,LOC_Os08g38320,motif_CE,motif_CE
LOC_Os01g07120,LOC_Os08g24210,motif,merged
LOC_Os01g07120,LOC_Os06g28890,motif,merged
LOC_Os01g07120,LOC_Os08g23780,"motif, motif_CE",merged
LOC_Os01g07120,LOC_Os04g40300,motif,merged
LOC_Os01g07120,LOC_Os12g18800,motif,merged
LOC_Os01g07120,LOC_Os07g26350,motif,merged
LOC_Os01g07120,LOC_Os02g54690,motif_CE,motif_CE
LOC_Os01g07120,LOC_Os05g47510,FunTFBS,FunTFBS
LOC_Os01g07120,LOC_Os01g32130,motif,merged
LOC_Os01g07120,LOC_Os01g68330,motif,merged
LOC_Os01g07120,LOC_Os05g10210,motif,merged
LOC_Os01g07120,LOC_Os07g01200,motif_CE,motif_CE
LOC_Os01g07120,LOC_Os03g57010,motif,merged
LOC_Os01g07120,LOC_Os02g35160,"motif, motif_CE",merged
LOC_Os01g07120,LOC_Os11g42040,motif,merged
LOC_Os01g07120,LOC_Os04g14730,motif,merged
LOC_Os01g07120,LOC_Os01g12880,"motif, motif_CE",merged
LOC_Os01g07120,LOC_Os07g33570,FunTFBS,FunTFBS
LOC_Os01g07120,LOC_Os07g16380,motif,merged
LOC_Os01g07120,LOC_Os03g52640,motif_CE,motif_CE
LOC_Os01g07120,LOC_Os10g31790,"motif, motif_CE",merged
LOC_Os01g07120,LOC_Os03g45000,motif,merged
LOC_Os01g07120,LOC_Os09g32520,motif,merged
LOC_Os01g07120,LOC_Os03g31690,motif,merged
LOC_Os01g07120,LOC_Os12g30810,motif,merged
LOC_Os01g07120,LOC_Os02g37450,motif,merged
LOC_Os01g07120,LOC_Os02g35150,"motif, motif_CE",merged
LOC_Os01g07120,LOC_Os11g28750,motif,merged
LOC_Os01g07120,LOC_Os06g36940,"motif, motif_CE",merged
LOC_Os01g07120,LOC_Os04g47380,motif_CE,motif_CE
LOC_Os01g07120,LOC_Os08g09450,motif,merged
LOC_Os01g07120,LOC_Os01g67930,motif,merged
LOC_Os01g07120,LOC_Os12g26650,motif,merged
LOC_Os01g07120,LOC_Os07g36130,motif,merged
LOC_Os01g07120,LOC_Os01g59390,motif,merged
LOC_Os01g07120,LOC_Os08g20010,motif,merged
LOC_Os01g07120,LOC_Os02g08180,motif_CE,motif_CE
LOC_Os01g07120,LOC_Os01g14280,motif,merged
LOC_Os01g07120,LOC_Os09g38340,"motif, motif_CE",merged
LOC_Os01g07120,LOC_Os06g36510,motif,merged
LOC_Os01g07120,LOC_Os07g47420,motif,merged
LOC_Os01g07120,LOC_Os12g07450,"motif, motif_CE",merged
LOC_Os01g07120,LOC_Os05g20110,motif,merged
LOC_Os01g07120,LOC_Os10g35250,motif,merged
LOC_Os01g07120,LOC_Os02g58200,motif_CE,motif_CE
LOC_Os01g07120,LOC_Os12g40130,motif_CE,motif_CE
LOC_Os01g07120,LOC_Os04g20210,motif,merged
LOC_Os01g07120,LOC_Os03g04990,motif_CE,motif_CE
LOC_Os01g07120,LOC_Os02g05520,motif,merged
LOC_Os01g07120,LOC_Os04g39610,motif_CE,motif_CE
LOC_Os01g07120,LOC_Os05g44922,motif,merged
LOC_Os01g07120,LOC_Os10g05940,"motif, motif_CE",merged
LOC_Os01g07120,LOC_Os12g40580,motif,merged
LOC_Os01g07120,LOC_Os09g23650,motif,merged
LOC_Os01g07120,LOC_Os04g17540,motif,merged
LOC_Os01g07120,LOC_Os05g49340,motif,merged
LOC_Os01g07120,LOC_Os06g41150,motif,merged
LOC_Os01g07120,LOC_Os06g44900,motif,merged
LOC_Os01g07120,LOC_Os11g41090,motif,merged
LOC_Os01g07120,LOC_Os10g42170,"motif, motif_CE",merged
LOC_Os01g07120,LOC_Os06g11530,motif,merged
LOC_Os01g07120,LOC_Os01g50032,"motif, motif_CE",merged
LOC_Os01g07120,LOC_Os03g22750,motif,merged
LOC_Os01g07120,LOC_Os01g36610,"motif, motif_CE",merged
LOC_Os01g07120,ChrSy.fgenesh.gene.26,motif,merged
LOC_Os01g07120,LOC_Os02g56050,motif,merged
LOC_Os01g07120,LOC_Os11g02450,motif_CE,motif_CE
LOC_Os01g07120,LOC_Os03g58320,motif,merged
LOC_Os01g07120,LOC_Os04g15944,motif,merged
LOC_Os01g07120,LOC_Os01g19420,motif,merged
LOC_Os01g07120,LOC_Os07g48810,motif,merged
LOC_Os01g07120,LOC_Os06g20440,"motif, motif_CE",merged
LOC_Os01g07120,LOC_Os01g36840,"motif, motif_CE",merged
LOC_Os01g07120,LOC_Os02g43220,"motif, motif_CE",merged
LOC_Os01g07120,LOC_Os08g34740,motif,merged
LOC_Os01g07120,LOC_Os11g02680,motif,merged
LOC_Os01g07120,LOC_Os04g25570,motif,merged
LOC_Os01g07120,LOC_Os06g49260,motif,merged
LOC_Os01g07120,LOC_Os11g18250,motif,merged
LOC_Os01g07120,LOC_Os03g01620,motif,merged
LOC_Os01g07120,LOC_Os04g34670,motif_CE,motif_CE
LOC_Os01g07120,LOC_Os04g21810,motif,merged
LOC_Os01g07120,LOC_Os06g24610,motif,merged
LOC_Os01g07120,LOC_Os06g18160,"motif, motif_CE",merged
LOC_Os01g07120,LOC_Os02g37880,"motif, motif_CE",merged
LOC_Os01g07120,LOC_Os08g12330,motif,merged
LOC_Os01g07120,LOC_Os08g06220,FunTFBS,FunTFBS
LOC_Os01g07120,LOC_Os01g74520,"FunTFBS, motif, motif_CE",merged
LOC_Os01g07120,LOC_Os11g05940,motif,merged
LOC_Os01g07120,LOC_Os04g44760,"motif, motif_CE",merged
LOC_Os01g07120,LOC_Os01g06080,motif,merged
LOC_Os01g07120,LOC_Os01g20070,motif,merged
LOC_Os01g07120,LOC_Os08g35410,motif,merged
LOC_Os01g07120,LOC_Os01g10430,motif,merged
LOC_Os01g07120,LOC_Os04g21360,motif_CE,motif_CE
LOC_Os01g07120,LOC_Os02g27450,"FunTFBS, motif",merged
LOC_Os01g07120,LOC_Os08g31390,motif,merged
LOC_Os01g07120,LOC_Os01g26980,motif,merged
LOC_Os01g07120,LOC_Os11g14230,motif,merged
LOC_Os01g07120,LOC_Os03g15120,"FunTFBS, motif, motif_CE",merged
LOC_Os01g07120,LOC_Os04g59620,motif,merged
LOC_Os01g07120,LOC_Os09g19690,motif,merged
LOC_Os01g07120,LOC_Os03g06760,motif,merged
LOC_Os01g07120,LOC_Os09g38755,"motif, motif_CE",merged
LOC_Os01g07120,LOC_Os02g02070,motif,merged
LOC_Os01g07120,LOC_Os11g33200,motif,merged
LOC_Os01g07120,LOC_Os01g22030,"motif, motif_CE",merged
LOC_Os01g07120,LOC_Os03g18480,"motif, motif_CE",merged
LOC_Os01g07120,LOC_Os06g06690,motif,merged
LOC_Os01g07120,LOC_Os03g58640,motif_CE,motif_CE
LOC_Os01g07120,LOC_Os05g51400,motif,merged
LOC_Os01g07120,LOC_Os02g03030,"motif, motif_CE",merged
LOC_Os01g07120,LOC_Os06g13999,motif,merged
LOC_Os01g07120,LOC_Os06g19770,motif,merged
LOC_Os01g07120,LOC_Os02g18614,motif,merged
LOC_Os01g07120,LOC_Os06g31250,FunTFBS,FunTFBS
LOC_Os01g07120,LOC_Os09g37600,motif,merged
LOC_Os01g07120,LOC_Os01g60660,motif_CE,motif_CE
LOC_Os01g07120,LOC_Os12g31000,motif_CE,motif_CE
LOC_Os01g07120,LOC_Os04g21320,motif,merged
LOC_Os01g07120,LOC_Os06g13180,motif,merged
LOC_Os01g07120,LOC_Os08g04470,motif,merged
LOC_Os01g07120,LOC_Os08g31260,motif,merged
LOC_Os01g07120,LOC_Os03g61540,motif,merged
LOC_Os01g07120,LOC_Os08g35920,motif,merged
LOC_Os01g07120,LOC_Os11g34230,motif,merged
LOC_Os01g07120,LOC_Os06g07580,motif_CE,motif_CE
LOC_Os01g07120,LOC_Os06g40090,motif,merged
LOC_Os01g07120,LOC_Os06g47870,"motif, motif_CE",merged
LOC_Os01g07120,LOC_Os06g02160,FunTFBS,FunTFBS
LOC_Os01g07120,LOC_Os05g16640,motif_CE,motif_CE
LOC_Os01g07120,LOC_Os01g21590,"motif, motif_CE",merged
LOC_Os01g07120,LOC_Os11g39618,motif,merged
LOC_Os01g07120,LOC_Os08g08860,motif,merged
LOC_Os01g07120,LOC_Os07g12810,motif_CE,motif_CE
LOC_Os01g07120,LOC_Os01g60180,motif_CE,motif_CE
LOC_Os01g07120,LOC_Os11g20500,"motif, motif_CE",merged
LOC_Os01g07120,LOC_Os07g38750,motif,merged
LOC_Os01g07120,LOC_Os05g45340,motif,merged
LOC_Os01g07120,LOC_Os11g16440,motif,merged
LOC_Os01g07120,LOC_Os08g38320,"motif, motif_CE",merged
LOC_Os01g07120,LOC_Os02g28970,motif,merged
LOC_Os01g07120,LOC_Os02g27180,motif,merged
LOC_Os01g07120,LOC_Os07g07890,motif,merged
LOC_Os01g07120,LOC_Os06g51350,motif,merged
LOC_Os01g07120,LOC_Os05g27400,motif,merged
LOC_Os01g07120,LOC_Os09g17270,motif,merged
LOC_Os01g07120,LOC_Os05g07180,motif,merged
LOC_Os01g07120,LOC_Os06g12030,motif,merged
LOC_Os01g07120,LOC_Os08g16540,motif,merged
LOC_Os01g07120,LOC_Os02g52880,"motif, motif_CE",merged
LOC_Os01g07120,LOC_Os12g33240,motif,merged
LOC_Os01g07120,LOC_Os01g22190,motif,merged
LOC_Os01g07120,LOC_Os02g30460,motif_CE,motif_CE
LOC_Os01g07120,LOC_Os07g01200,"motif, motif_CE",merged
LOC_Os01g07120,LOC_Os11g18630,motif,merged
LOC_Os01g07120,LOC_Os01g48770,motif_CE,motif_CE
LOC_Os01g07120,LOC_Os01g71050,motif,merged
LOC_Os01g07120,LOC_Os01g54750,motif,merged
LOC_Os01g07120,LOC_Os12g03090,motif,merged
LOC_Os01g07120,LOC_Os03g56241,FunTFBS,FunTFBS
LOC_Os01g07120,LOC_Os03g26120,FunTFBS,FunTFBS
LOC_Os01g07120,LOC_Os03g08820,motif_CE,motif_CE
LOC_Os01g07120,LOC_Os02g33720,"motif, motif_CE",merged
LOC_Os01g07120,LOC_Os09g28880,motif,merged
LOC_Os01g07120,LOC_Os03g16874,FunTFBS,FunTFBS
LOC_Os01g07120,LOC_Os05g50310,motif,merged
LOC_Os01g07120,LOC_Os12g39210,motif,merged
LOC_Os01g07120,LOC_Os02g35170,"motif, motif_CE",merged
LOC_Os01g07120,LOC_Os06g40680,motif,merged
LOC_Os01g07120,LOC_Os06g37840,motif,merged
LOC_Os01g07120,LOC_Os12g08210,"motif, motif_CE",merged
LOC_Os01g07120,LOC_Os07g25360,motif,merged
LOC_Os01g07120,LOC_Os03g56250,motif_CE,motif_CE
LOC_Os01g07120,LOC_Os06g36920,motif,merged
LOC_Os01g07120,LOC_Os03g56630,motif,merged
LOC_Os01g07120,LOC_Os03g22760,motif,merged
LOC_Os01g07120,LOC_Os01g37390,motif,merged
LOC_Os01g07120,LOC_Os06g12940,"motif, motif_CE",merged
LOC_Os01g07120,LOC_Os06g39470,"motif, motif_CE",merged
LOC_Os01g07120,LOC_Os07g12590,"FunTFBS, motif",merged
LOC_Os01g07120,LOC_Os03g22880,FunTFBS,FunTFBS
LOC_Os01g07120,LOC_Os02g08180,"motif, motif_CE",merged
LOC_Os01g07120,LOC_Os01g33060,motif_CE,motif_CE
LOC_Os01g07120,LOC_Os06g37460,motif,merged
LOC_Os01g07120,LOC_Os01g54910,motif_CE,motif_CE
LOC_Os01g07120,LOC_Os01g18200,motif,merged
LOC_Os01g07120,LOC_Os03g30000,motif,merged
LOC_Os01g07120,LOC_Os09g38020,motif,merged
LOC_Os01g07120,LOC_Os12g36020,motif,merged
LOC_Os01g07120,LOC_Os02g26080,motif,merged
LOC_Os01g07120,LOC_Os10g40550,motif,merged
LOC_Os01g07120,LOC_Os02g41590,motif_CE,motif_CE
LOC_Os01g07120,LOC_Os01g39780,motif,merged
LOC_Os01g07120,LOC_Os10g01580,motif,merged
LOC_Os01g07120,LOC_Os10g33840,motif,merged
LOC_Os01g07120,LOC_Os06g30400,motif,merged
LOC_Os01g07120,LOC_Os09g18010,FunTFBS,FunTFBS
LOC_Os01g07120,LOC_Os06g44330,motif,merged
LOC_Os01g07120,LOC_Os06g35270,motif,merged
LOC_Os01g07120,LOC_Os10g42250,motif,merged
LOC_Os01g07120,LOC_Os07g42395,"motif, motif_CE",merged
LOC_Os01g07120,LOC_Os06g32920,motif,merged
LOC_Os01g07120,LOC_Os06g33140,motif,merged
LOC_Os01g07120,LOC_Os08g45280,motif,merged
LOC_Os01g07120,LOC_Os03g39740,motif,merged
LOC_Os01g07120,LOC_Os07g03130,motif,merged
LOC_Os01g07120,LOC_Os07g39990,motif,merged
LOC_Os01g07120,LOC_Os01g62900,motif,merged
LOC_Os01g07120,LOC_Os03g44890,"motif, motif_CE",merged
LOC_Os01g07120,LOC_Os03g56760,motif,merged
LOC_Os01g07120,LOC_Os02g52580,motif,merged
LOC_Os01g07120,LOC_Os10g24640,motif,merged
LOC_Os01g07120,LOC_Os04g43380,motif,merged
LOC_Os01g07120,LOC_Os08g05280,"FunTFBS, motif",merged
LOC_Os01g07120,LOC_Os01g69900,"FunTFBS, motif",merged
LOC_Os01g07120,LOC_Os06g23170,motif,merged
LOC_Os01g07120,LOC_Os02g21680,FunTFBS,FunTFBS
LOC_Os01g07120,LOC_Os04g16150,motif,merged
LOC_Os01g07120,LOC_Os05g08890,motif,merged
LOC_Os01g07120,LOC_Os01g21960,motif,merged
LOC_Os01g07120,LOC_Os03g37460,"FunTFBS, motif, motif_CE",merged
LOC_Os01g07120,LOC_Os12g10700,motif,merged
LOC_Os01g07120,LOC_Os06g45240,motif,merged
LOC_Os01g07120,LOC_Os01g70525,motif_CE,motif_CE
LOC_Os01g07120,LOC_Os01g54380,FunTFBS,FunTFBS
LOC_Os01g07120,LOC_Os02g58470,motif,merged
LOC_Os01g07120,LOC_Os01g09670,FunTFBS,FunTFBS
LOC_Os01g07120,LOC_Os06g16210,motif,merged
LOC_Os01g07120,LOC_Os12g27070,motif,merged
LOC_Os01g07120,LOC_Os02g47744,motif,merged
LOC_Os01g07120,LOC_Os02g33180,"motif, motif_CE",merged
LOC_Os01g07120,LOC_Os02g37460,motif,merged
LOC_Os01g07120,LOC_Os07g39880,motif_CE,motif_CE
LOC_Os01g07120,LOC_Os05g17110,motif,merged
LOC_Os01g07120,LOC_Os04g55650,motif,merged
LOC_Os01g07120,LOC_Os07g11010,motif,merged
LOC_Os01g07120,LOC_Os06g14520,motif,merged
LOC_Os01g07120,LOC_Os03g24880,motif_CE,motif_CE
LOC_Os01g07120,LOC_Os12g26810,motif,merged
LOC_Os01g07120,LOC_Os08g30560,"FunTFBS, motif",merged
LOC_Os01g07120,LOC_Os10g07430,motif,merged
LOC_Os01g07120,LOC_Os10g25680,motif,merged
LOC_Os01g07120,LOC_Os04g04380,motif,merged
LOC_Os01g07120,LOC_Os03g33090,motif,merged
LOC_Os01g07120,LOC_Os06g07474,FunTFBS,FunTFBS
LOC_Os01g07120,LOC_Os01g37220,"FunTFBS, motif",merged
LOC_Os01g07120,LOC_Os04g22790,motif,merged
LOC_Os01g07120,LOC_Os04g56730,motif,merged
LOC_Os01g07120,LOC_Os10g08370,motif,merged
LOC_Os01g07120,LOC_Os10g40290,motif_CE,motif_CE
LOC_Os01g07120,LOC_Os12g42260,motif_CE,motif_CE
LOC_Os01g07120,LOC_Os04g33710,motif_CE,motif_CE
LOC_Os01g07120,LOC_Os06g08740,"FunTFBS, motif, motif_CE",merged
LOC_Os01g07120,LOC_Os12g30630,motif,merged
LOC_Os01g07120,LOC_Os10g02980,motif_CE,motif_CE
LOC_Os01g07120,LOC_Os04g08160,motif,merged
LOC_Os01g07120,LOC_Os10g08580,"motif, motif_CE",merged
LOC_Os01g07120,LOC_Os05g16640,"motif, motif_CE",merged
LOC_Os01g07120,LOC_Os06g04070,motif_CE,motif_CE
LOC_Os01g07120,LOC_Os08g19880,motif,merged
LOC_Os01g07120,LOC_Os04g47640,motif_CE,motif_CE
LOC_Os01g07120,LOC_Os12g41640,motif,merged
LOC_Os01g07120,LOC_Os04g53410,motif,merged
LOC_Os01g07120,LOC_Os01g16310,"FunTFBS, motif, motif_CE",merged
LOC_Os01g07120,LOC_Os03g36050,motif,merged
LOC_Os01g07120,LOC_Os07g49250,motif,merged
LOC_Os01g07120,LOC_Os02g25230,"motif, motif_CE",merged
LOC_Os01g07120,LOC_Os03g49570,FunTFBS,FunTFBS
LOC_Os01g07120,LOC_Os08g16850,motif,merged
LOC_Os01g07120,LOC_Os11g29170,motif,merged
LOC_Os01g07120,LOC_Os02g30100,motif_CE,motif_CE
LOC_Os01g07120,LOC_Os02g04800,motif,merged
LOC_Os01g07120,LOC_Os05g02820,motif_CE,motif_CE
LOC_Os01g07120,LOC_Os02g34260,motif_CE,motif_CE
LOC_Os01g07120,LOC_Os03g27010,motif,merged
LOC_Os01g07120,LOC_Os12g37669,motif,merged
LOC_Os01g07120,LOC_Os11g32890,motif,merged
LOC_Os01g07120,LOC_Os01g61320,"motif, motif_CE",merged
LOC_Os01g07120,LOC_Os12g37610,motif,merged
LOC_Os01g07120,ChrSy.fgenesh.gene.45,motif,merged
LOC_Os01g07120,LOC_Os05g31600,motif,merged
LOC_Os01g07120,LOC_Os02g54690,"motif, motif_CE",merged
LOC_Os01g07120,LOC_Os05g15790,motif,merged
LOC_Os01g07120,LOC_Os08g24680,motif,merged
LOC_Os01g07120,LOC_Os03g45260,motif,merged
LOC_Os01g07120,LOC_Os07g06050,motif,merged
LOC_Os01g07120,LOC_Os03g44750,motif,merged
LOC_Os01g07120,LOC_Os08g10649,motif_CE,motif_CE
LOC_Os01g07120,LOC_Os04g41660,motif,merged
LOC_Os01g07120,LOC_Os03g60880,motif,merged
LOC_Os01g07120,LOC_Os12g07010,"FunTFBS, motif",merged
LOC_Os01g07120,LOC_Os09g32440,motif,merged
LOC_Os01g07120,LOC_Os03g52640,"motif, motif_CE",merged
LOC_Os01g07120,LOC_Os05g11240,motif,merged
LOC_Os01g07120,LOC_Os04g06440,motif,merged
LOC_Os01g07120,LOC_Os12g18210,motif,merged
LOC_Os01g07120,LOC_Os07g38880,motif,merged
LOC_Os01g07120,LOC_Os05g39090,motif,merged
LOC_Os01g07120,LOC_Os12g12080,motif,merged
LOC_Os01g07120,LOC_Os07g15760,motif,merged
LOC_Os01g07120,LOC_Os05g06010,motif,merged
LOC_Os01g07120,LOC_Os04g52479,motif,merged
LOC_Os01g07120,LOC_Os11g37070,"motif, motif_CE",merged
LOC_Os01g07120,LOC_Os10g06760,motif,merged
LOC_Os01g07120,LOC_Os12g20300,motif,merged
LOC_Os01g07120,LOC_Os04g59300,motif,merged
LOC_Os01g07120,LOC_Os01g18030,motif,merged
LOC_Os01g07120,LOC_Os10g31840,motif_CE,motif_CE
LOC_Os01g07120,LOC_Os01g21800,motif,merged
LOC_Os01g07120,LOC_Os04g47380,"motif, motif_CE",merged
LOC_Os01g07120,LOC_Os09g02814,motif,merged
LOC_Os01g07120,LOC_Os03g23120,motif,merged
LOC_Os01g07120,LOC_Os01g16590,motif,merged
LOC_Os01g07120,LOC_Os04g59510,"motif, motif_CE",merged
LOC_Os01g07120,LOC_Os01g09290,motif,merged
LOC_Os01g07120,LOC_Os02g41590,"motif, motif_CE",merged
LOC_Os01g07120,LOC_Os06g47120,"motif, motif_CE",merged
LOC_Os01g07120,LOC_Os10g42270,motif,merged
LOC_Os01g07120,LOC_Os03g21260,"motif, motif_CE",merged
LOC_Os01g07120,LOC_Os12g40130,"motif, motif_CE",merged
LOC_Os01g07120,LOC_Os01g50230,motif,merged
LOC_Os01g07120,LOC_Os08g33820,motif,merged
LOC_Os01g07120,LOC_Os03g04990,"motif, motif_CE",merged
LOC_Os01g07120,LOC_Os04g54910,motif,merged
LOC_Os01g07120,LOC_Os06g49670,motif,merged
LOC_Os01g07120,LOC_Os10g26550,motif,merged
LOC_Os01g07120,LOC_Os03g19240,motif,merged
LOC_Os01g07120,LOC_Os05g25950,motif,merged
LOC_Os01g07120,LOC_Os11g47436,motif,merged
LOC_Os01g07120,LOC_Os12g17820,motif_CE,motif_CE
LOC_Os01g07120,LOC_Os12g30620,motif_CE,motif_CE
LOC_Os01g07120,LOC_Os08g44980,motif,merged
LOC_Os01g07120,LOC_Os11g14740,motif,merged
LOC_Os01g07120,LOC_Os08g04440,"motif, motif_CE",merged
LOC_Os01g07120,LOC_Os05g12010,motif,merged
LOC_Os01g07120,LOC_Os02g08470,motif,merged
LOC_Os01g07120,LOC_Os04g36010,motif,merged
LOC_Os01g07120,LOC_Os09g30170,motif,merged
LOC_Os01g07120,LOC_Os03g26440,motif_CE,motif_CE
LOC_Os01g07120,LOC_Os10g23840,motif_CE,motif_CE
LOC_Os01g07120,LOC_Os03g22900,"motif, motif_CE",merged
LOC_Os01g07120,LOC_Os10g33970,motif_CE,motif_CE
LOC_Os01g07120,LOC_Os02g57240,motif,merged
LOC_Os01g07120,LOC_Os05g45620,motif,merged
LOC_Os01g07120,LOC_Os03g22700,motif_CE,motif_CE
LOC_Os01g07120,LOC_Os05g08100,motif,merged
LOC_Os01g07120,LOC_Os12g41715,motif_CE,motif_CE
LOC_Os01g07120,LOC_Os07g07540,motif_CE,motif_CE
LOC_Os01g07120,LOC_Os02g15885,motif,merged
LOC_Os01g07120,LOC_Os08g28784,motif,merged
LOC_Os01g07120,LOC_Os11g10230,motif,merged
LOC_Os01g07120,LOC_Os05g17210,motif,merged
LOC_Os01g07120,LOC_Os01g70525,"motif, motif_CE",merged
LOC_Os01g07120,LOC_Os06g14230,motif,merged
LOC_Os01g07120,LOC_Os12g05320,motif,merged
LOC_Os01g07120,LOC_Os10g36260,motif_CE,motif_CE
LOC_Os01g07120,LOC_Os09g20270,motif,merged
LOC_Os01g07120,LOC_Os01g03710,motif,merged
LOC_Os01g07120,LOC_Os07g27310,motif,merged
LOC_Os01g07120,LOC_Os01g53810,motif_CE,motif_CE
LOC_Os01g07120,LOC_Os11g24610,motif,merged
LOC_Os01g07120,LOC_Os12g14290,motif,merged
LOC_Os01g07120,LOC_Os04g42010,motif_CE,motif_CE
LOC_Os01g07120,LOC_Os02g28670,motif,merged
LOC_Os01g07120,LOC_Os02g55880,motif,merged
LOC_Os01g07120,LOC_Os03g25850,"FunTFBS, motif",merged
LOC_Os01g07120,LOC_Os04g36880,motif,merged
LOC_Os01g07120,LOC_Os08g31970,motif,merged
LOC_Os01g07120,LOC_Os09g04100,motif,merged
LOC_Os01g07120,LOC_Os05g08030,motif,merged
LOC_Os01g07120,LOC_Os07g04830,motif,merged
LOC_Os01g07120,LOC_Os01g09760,"FunTFBS, motif",merged
LOC_Os01g07120,LOC_Os04g01640,motif,merged
LOC_Os01g07120,LOC_Os02g14830,motif,merged
LOC_Os01g07120,LOC_Os03g07790,motif,merged
LOC_Os01g07120,LOC_Os01g68830,motif,merged
LOC_Os01g07120,LOC_Os12g42260,"motif, motif_CE",merged
LOC_Os01g07120,LOC_Os04g34580,motif_CE,motif_CE
LOC_Os01g07120,LOC_Os03g47430,motif,merged
LOC_Os01g07120,LOC_Os01g17410,motif,merged
LOC_Os01g07120,LOC_Os04g55400,motif,merged
LOC_Os01g07120,LOC_Os05g18570,motif,merged
LOC_Os01g07120,LOC_Os06g17280,"motif, motif_CE",merged
LOC_Os01g07120,LOC_Os06g17629,motif,merged
LOC_Os01g07120,LOC_Os10g15030,motif,merged
LOC_Os01g07120,LOC_Os06g02680,motif_CE,motif_CE
LOC_Os01g07120,LOC_Os06g07060,motif_CE,motif_CE
LOC_Os01g07120,LOC_Os09g36900,motif_CE,motif_CE
LOC_Os01g07120,LOC_Os12g34210,motif,merged
LOC_Os01g07120,LOC_Os12g24240,FunTFBS,FunTFBS
LOC_Os01g07120,LOC_Os01g59520,"FunTFBS, motif, motif_CE",merged
LOC_Os01g07120,LOC_Os01g45910,motif,merged
LOC_Os01g07120,LOC_Os01g27160,motif,merged
LOC_Os01g07120,LOC_Os04g28180,motif,merged
LOC_Os01g07120,LOC_Os05g12020,motif,merged
LOC_Os01g07120,LOC_Os01g34360,FunTFBS,FunTFBS
LOC_Os01g07120,LOC_Os04g21650,motif_CE,motif_CE
LOC_Os01g07120,LOC_Os08g02410,motif_CE,motif_CE
LOC_Os01g07120,LOC_Os01g16440,motif,merged
LOC_Os01g07120,LOC_Os02g41800,motif,merged
LOC_Os01g07120,LOC_Os10g04074,motif,merged
LOC_Os01g07120,LOC_Os08g19910,motif,merged
LOC_Os01g07120,LOC_Os12g05640,motif_CE,motif_CE
LOC_Os01g07120,LOC_Os02g30100,"motif, motif_CE",merged
LOC_Os01g07120,LOC_Os11g13500,motif,merged
LOC_Os01g07120,LOC_Os11g04330,motif_CE,motif_CE
LOC_Os01g07120,LOC_Os02g07220,motif,merged
LOC_Os01g07120,LOC_Os06g22640,motif,merged
LOC_Os01g07120,LOC_Os06g49490,FunTFBS,FunTFBS
LOC_Os01g07120,LOC_Os11g04650,motif,merged
LOC_Os01g07120,LOC_Os05g34290,motif,merged
LOC_Os01g07120,LOC_Os12g17250,motif,merged
LOC_Os01g07120,LOC_Os12g24240,motif_CE,motif_CE
LOC_Os01g07120,LOC_Os10g02690,motif,merged
LOC_Os01g07120,LOC_Os03g15240,motif,merged
LOC_Os01g07120,LOC_Os05g24150,motif,merged
LOC_Os01g07120,LOC_Os11g02090,motif,merged
LOC_Os01g07120,LOC_Os06g33170,motif_CE,motif_CE
LOC_Os01g07120,LOC_Os05g32420,motif,merged
LOC_Os01g07120,LOC_Os09g35870,motif,merged
LOC_Os01g07120,LOC_Os08g10649,"motif, motif_CE",merged
LOC_Os01g07120,LOC_Os09g07780,motif,merged
LOC_Os01g07120,LOC_Os01g40670,"motif, motif_CE",merged
LOC_Os01g07120,LOC_Os05g03020,motif_CE,motif_CE
LOC_Os01g07120,LOC_Os11g34860,motif,merged
LOC_Os01g07120,LOC_Os11g09220,motif,merged
LOC_Os01g07120,LOC_Os04g40475,motif,merged
LOC_Os01g07120,LOC_Os06g48630,motif,merged
LOC_Os01g07120,LOC_Os06g18150,motif,merged
LOC_Os01g07120,LOC_Os03g55130,motif_CE,motif_CE
LOC_Os01g07120,LOC_Os04g32580,motif,merged
LOC_Os01g07120,LOC_Os03g56250,"motif, motif_CE",merged
LOC_Os01g07120,LOC_Os04g06734,motif,merged
LOC_Os01g07120,LOC_Os06g15240,motif,merged
LOC_Os01g07120,LOC_Os09g39500,motif,merged
LOC_Os01g07120,LOC_Os01g33060,"motif, motif_CE",merged
LOC_Os01g07120,LOC_Os10g07270,"FunTFBS, motif",merged
LOC_Os01g07120,LOC_Os11g14600,motif,merged
LOC_Os01g07120,LOC_Os06g03790,motif,merged
LOC_Os01g07120,LOC_Os01g04790,"FunTFBS, motif",merged
LOC_Os01g07120,LOC_Os11g07820,motif,merged
LOC_Os01g07120,LOC_Os04g35080,motif_CE,motif_CE
LOC_Os01g07120,LOC_Os01g52910,motif,merged
LOC_Os01g07120,LOC_Os06g11520,motif_CE,motif_CE
LOC_Os01g07120,LOC_Os06g07960,motif_CE,motif_CE
LOC_Os01g07120,LOC_Os12g10784,motif,merged
LOC_Os01g07120,LOC_Os11g30060,motif,merged
LOC_Os01g07120,LOC_Os12g17820,"motif, motif_CE",merged
LOC_Os01g07120,LOC_Os01g05590,"motif, motif_CE",merged
LOC_Os01g07120,LOC_Os01g21810,motif,merged
LOC_Os01g07120,LOC_Os02g40430,motif_CE,motif_CE
LOC_Os01g07120,LOC_Os10g01060,FunTFBS,FunTFBS
LOC_Os01g07120,LOC_Os01g73570,motif,merged
LOC_Os01g07120,LOC_Os06g05140,motif,merged
LOC_Os01g07120,LOC_Os11g14690,FunTFBS,FunTFBS
LOC_Os01g07120,LOC_Os03g54091,"motif, motif_CE",merged
LOC_Os01g07120,LOC_Os03g26440,"motif, motif_CE",merged
LOC_Os01g07120,LOC_Os06g49090,motif,merged
LOC_Os01g07120,LOC_Os10g23840,"motif, motif_CE",merged
LOC_Os01g07120,LOC_Os09g21480,motif,merged
LOC_Os01g07120,LOC_Os04g52540,motif,merged
LOC_Os01g07120,LOC_Os09g01500,motif,merged
LOC_Os01g07120,LOC_Os03g22700,"motif, motif_CE",merged
LOC_Os01g07120,LOC_Os09g23660,motif,merged
LOC_Os01g07120,LOC_Os03g15630,motif,merged
LOC_Os01g07120,LOC_Os11g08760,motif,merged
LOC_Os01g07120,LOC_Os04g02330,motif,merged
LOC_Os01g07120,LOC_Os01g53810,"motif, motif_CE",merged
LOC_Os01g07120,LOC_Os05g20190,motif,merged
LOC_Os01g07120,LOC_Os01g25560,"FunTFBS, motif",merged
LOC_Os01g07120,LOC_Os01g65090,motif,merged
LOC_Os01g07120,LOC_Os12g05920,motif_CE,motif_CE
LOC_Os01g07120,LOC_Os11g29350,motif,merged
LOC_Os01g07120,LOC_Os09g36510,"FunTFBS, motif",merged
LOC_Os01g07120,LOC_Os07g02440,motif,merged
LOC_Os01g07120,LOC_Os09g10250,"FunTFBS, motif",merged
LOC_Os01g07120,LOC_Os05g04570,motif,merged
LOC_Os01g07120,LOC_Os01g25240,FunTFBS,FunTFBS
LOC_Os01g07120,LOC_Os09g20310,motif_CE,motif_CE
LOC_Os01g07120,LOC_Os06g02600,motif,merged
LOC_Os01g07120,LOC_Os06g44210,"FunTFBS, motif",merged
LOC_Os01g07120,LOC_Os08g02440,motif,merged
LOC_Os01g07120,LOC_Os02g51580,motif,merged
LOC_Os01g07120,LOC_Os09g28489,motif,merged
LOC_Os01g07120,LOC_Os04g43610,motif,merged
LOC_Os01g07120,LOC_Os12g10990,motif,merged
LOC_Os01g07120,LOC_Os11g32430,motif,merged
LOC_Os01g07120,LOC_Os08g16920,motif,merged
LOC_Os01g07120,LOC_Os02g30840,motif,merged
LOC_Os01g07120,LOC_Os09g03210,motif,merged
LOC_Os01g07120,LOC_Os06g07060,"motif, motif_CE",merged
LOC_Os01g07120,LOC_Os12g30610,"motif, motif_CE",merged
LOC_Os01g07120,LOC_Os10g40290,"motif, motif_CE",merged
LOC_Os01g07120,LOC_Os06g25770,motif,merged
LOC_Os01g07120,LOC_Os09g11840,motif,merged
LOC_Os01g07120,LOC_Os11g05280,motif,merged
LOC_Os01g07120,LOC_Os02g48830,motif,merged
LOC_Os01g07120,LOC_Os08g33590,"motif, motif_CE",merged
LOC_Os01g07120,LOC_Os08g31649,"FunTFBS, motif",merged
LOC_Os01g07120,LOC_Os04g30220,motif,merged
LOC_Os01g07120,LOC_Os04g39220,"FunTFBS, motif, motif_CE",merged
LOC_Os01g07120,LOC_Os07g16210,FunTFBS,FunTFBS
LOC_Os01g07120,LOC_Os04g21650,"motif, motif_CE",merged
LOC_Os01g07120,LOC_Os07g19400,motif,merged
LOC_Os01g07120,LOC_Os04g47640,"motif, motif_CE",merged
LOC_Os01g07120,LOC_Os08g28030,motif,merged
LOC_Os01g07120,LOC_Os06g43630,motif,merged
LOC_Os01g07120,LOC_Os04g56880,motif,merged
LOC_Os01g07120,LOC_Os10g05120,motif,merged
LOC_Os01g07120,LOC_Os12g16830,motif,merged
LOC_Os01g07120,LOC_Os06g40600,motif_CE,motif_CE
LOC_Os01g07120,LOC_Os03g27340,motif_CE,motif_CE
LOC_Os01g07120,LOC_Os07g46770,motif_CE,motif_CE
LOC_Os01g07120,LOC_Os09g32620,motif,merged
LOC_Os01g07120,LOC_Os03g27200,motif,merged
LOC_Os01g07120,LOC_Os10g26630,FunTFBS,FunTFBS
LOC_Os01g07120,LOC_Os01g35789,motif,merged
LOC_Os01g07120,LOC_Os10g42520,motif_CE,motif_CE
LOC_Os01g07120,LOC_Os02g34260,"motif, motif_CE",merged
LOC_Os01g07120,LOC_Os08g11980,motif,merged
LOC_Os01g07120,LOC_Os10g09240,"motif, motif_CE",merged
LOC_Os01g07120,LOC_Os04g21980,motif,merged
LOC_Os01g07120,LOC_Os10g20060,motif,merged
LOC_Os01g07120,LOC_Os11g45560,motif,merged
LOC_Os01g07120,LOC_Os02g45450,motif,merged
LOC_Os01g07120,LOC_Os02g22500,motif,merged
LOC_Os01g07120,LOC_Os10g42750,motif_CE,motif_CE
LOC_Os01g07120,LOC_Os01g51730,motif,merged
LOC_Os01g07120,LOC_Os11g44780,motif,merged
LOC_Os01g07120,LOC_Os12g42610,motif,merged
LOC_Os01g07120,LOC_Os12g31690,motif,merged
LOC_Os01g07120,LOC_Os04g57430,motif,merged
LOC_Os01g07120,LOC_Os07g39980,motif,merged
LOC_Os01g07120,LOC_Os08g08380,motif,merged
LOC_Os01g07120,LOC_Os09g35970,motif_CE,motif_CE
LOC_Os01g07120,LOC_Os09g02360,motif,merged
LOC_Os01g07120,LOC_Os10g10310,"FunTFBS, motif",merged
LOC_Os01g07120,LOC_Os03g05490,motif,merged
LOC_Os01g07120,LOC_Os10g40280,motif,merged
LOC_Os01g07120,LOC_Os08g02680,motif,merged
LOC_Os01g07120,LOC_Os07g40600,motif,merged
LOC_Os01g07120,LOC_Os04g43960,motif,merged
LOC_Os01g07120,LOC_Os01g18680,FunTFBS,FunTFBS
LOC_Os01g07120,LOC_Os02g05030,motif,merged
LOC_Os01g07120,LOC_Os06g14490,motif,merged
LOC_Os01g07120,LOC_Os09g31434,motif,merged
LOC_Os01g07120,LOC_Os05g46570,motif_CE,motif_CE
LOC_Os01g07120,LOC_Os08g28980,motif_CE,motif_CE
LOC_Os01g07120,LOC_Os11g42400,motif,merged
LOC_Os01g07120,LOC_Os01g28350,motif,merged
LOC_Os01g07120,LOC_Os08g39050,motif_CE,motif_CE
LOC_Os01g07120,LOC_Os08g09230,"motif, motif_CE",merged
LOC_Os01g07120,LOC_Os07g23280,motif,merged
LOC_Os01g07120,LOC_Os02g08060,FunTFBS,FunTFBS
LOC_Os01g07120,LOC_Os08g33540,motif,merged
LOC_Os01g07120,LOC_Os05g37160,motif,merged
LOC_Os01g07120,LOC_Os11g38810,motif,merged
LOC_Os01g07120,LOC_Os07g02400,"FunTFBS, motif",merged
LOC_Os01g07120,LOC_Os06g43044,motif,merged
LOC_Os01g07120,LOC_Os04g06400,motif,merged
LOC_Os01g07120,LOC_Os03g02720,motif,merged
LOC_Os01g07120,LOC_Os10g28094,"FunTFBS, motif",merged
LOC_Os01g07120,LOC_Os04g43190,motif,merged
LOC_Os01g07120,LOC_Os10g30280,motif,merged
LOC_Os01g07120,LOC_Os05g31210,motif,merged
LOC_Os01g07120,LOC_Os10g23940,motif,merged
LOC_Os01g07120,LOC_Os09g26250,motif,merged
LOC_Os01g07120,LOC_Os06g03780,motif,merged
LOC_Os01g07120,LOC_Os07g30930,motif,merged
LOC_Os01g07120,LOC_Os01g69080,motif,merged
LOC_Os01g07120,LOC_Os02g46720,motif,merged
LOC_Os01g07120,LOC_Os03g11770,motif_CE,motif_CE
LOC_Os01g07120,LOC_Os08g09820,motif,merged
LOC_Os01g07120,LOC_Os02g13400,motif,merged
LOC_Os01g07120,LOC_Os03g07350,motif_CE,motif_CE
LOC_Os01g07120,LOC_Os09g24320,FunTFBS,FunTFBS
LOC_Os01g07120,LOC_Os07g05410,motif,merged
LOC_Os01g07120,LOC_Os01g56640,motif_CE,motif_CE
LOC_Os01g07120,LOC_Os02g29300,motif,merged
LOC_Os01g07120,LOC_Os04g23849,motif,merged
LOC_Os01g07120,LOC_Os08g17220,motif,merged
LOC_Os01g07120,LOC_Os11g07470,motif,merged
LOC_Os01g07120,LOC_Os07g07540,"motif, motif_CE",merged
LOC_Os01g07120,LOC_Os08g10570,"FunTFBS, motif, motif_CE",merged
LOC_Os01g07120,LOC_Os09g28070,motif,merged
LOC_Os01g07120,LOC_Os02g28730,motif,merged
LOC_Os01g07120,LOC_Os12g10500,motif,merged
LOC_Os01g07120,LOC_Os05g06790,motif,merged
LOC_Os01g07120,LOC_Os03g07260,"FunTFBS, motif, motif_CE",merged
LOC_Os01g07120,LOC_Os07g27980,motif,merged
LOC_Os01g07120,LOC_Os03g52450,"motif, motif_CE",merged
LOC_Os01g07120,ChrUn.fgenesh.gene.52,motif,merged
LOC_Os01g07120,LOC_Os02g42120,motif,merged
LOC_Os01g07120,LOC_Os10g34660,motif,merged
LOC_Os01g07120,LOC_Os06g06270,"motif, motif_CE",merged
LOC_Os01g07120,LOC_Os11g26690,motif,merged
LOC_Os01g07120,LOC_Os07g45300,motif_CE,motif_CE
LOC_Os01g07120,LOC_Os09g37320,motif,merged
LOC_Os01g07120,LOC_Os11g32310,motif,merged
LOC_Os01g07120,LOC_Os03g27760,motif,merged
LOC_Os01g07120,LOC_Os08g32380,motif,merged
LOC_Os01g07120,LOC_Os09g36000,motif,merged
LOC_Os01g07120,LOC_Os12g11060,motif,merged
LOC_Os01g07120,LOC_Os02g40080,motif,merged
LOC_Os01g07120,LOC_Os02g13080,motif,merged
LOC_Os01g07120,LOC_Os05g20304,motif,merged
LOC_Os01g07120,LOC_Os08g22980,motif,merged
LOC_Os01g07120,LOC_Os08g29690,motif,merged
LOC_Os01g07120,LOC_Os01g17320,motif,merged
LOC_Os01g07120,LOC_Os01g31629,motif,merged
LOC_Os01g07120,LOC_Os03g55730,motif_CE,motif_CE
LOC_Os01g07120,LOC_Os09g39170,motif,merged
LOC_Os01g07120,LOC_Os06g13290,motif,merged
LOC_Os01g07120,LOC_Os10g08750,motif,merged
LOC_Os01g07120,LOC_Os01g25610,motif_CE,motif_CE
LOC_Os01g07120,LOC_Os02g50372,motif,merged
LOC_Os01g07120,LOC_Os03g56800,motif,merged
LOC_Os01g07120,LOC_Os04g22970,motif,merged
LOC_Os01g07120,LOC_Os08g09170,motif,merged
LOC_Os01g07120,LOC_Os07g43420,motif_CE,motif_CE
LOC_Os01g07120,LOC_Os08g07090,motif,merged
LOC_Os01g07120,LOC_Os05g06840,motif_CE,motif_CE
LOC_Os01g07120,LOC_Os07g06100,motif,merged
LOC_Os01g07120,LOC_Os10g17400,"FunTFBS, motif",merged
LOC_Os01g07120,LOC_Os01g05200,motif,merged
LOC_Os01g07120,LOC_Os08g22300,motif,merged
LOC_Os01g07120,LOC_Os11g24740,motif,merged
LOC_Os01g07120,LOC_Os08g36370,motif,merged
LOC_Os01g07120,LOC_Os06g27510,motif,merged
LOC_Os01g07120,LOC_Os02g08540,motif,merged
LOC_Os01g07120,LOC_Os10g01910,motif,merged
LOC_Os01g07120,LOC_Os11g20290,motif,merged
LOC_Os01g07120,LOC_Os02g40110,motif,merged
LOC_Os01g07120,LOC_Os06g25890,motif,merged
LOC_Os01g07120,LOC_Os04g40400,motif,merged
LOC_Os01g07120,LOC_Os10g26070,motif_CE,motif_CE
LOC_Os01g07120,LOC_Os09g18060,motif,merged
LOC_Os01g07120,LOC_Os03g44050,motif,merged
LOC_Os01g07120,LOC_Os05g19500,motif,merged
LOC_Os01g07120,LOC_Os01g38040,motif,merged
LOC_Os01g07120,LOC_Os05g34950,motif,merged
LOC_Os01g07120,LOC_Os01g70190,FunTFBS,FunTFBS
LOC_Os01g07120,LOC_Os07g25340,motif,merged
LOC_Os01g07120,LOC_Os07g41660,"motif, motif_CE",merged
LOC_Os01g07120,LOC_Os01g67910,motif,merged
LOC_Os01g07120,LOC_Os11g08840,motif,merged
LOC_Os01g07120,LOC_Os06g33170,"motif, motif_CE",merged
LOC_Os01g07120,LOC_Os04g59100,motif,merged
LOC_Os01g07120,LOC_Os07g48890,motif,merged
LOC_Os01g07120,LOC_Os01g29488,motif_CE,motif_CE
LOC_Os01g07120,LOC_Os07g02390,"FunTFBS, motif",merged
LOC_Os01g07120,LOC_Os05g13960,motif_CE,motif_CE
LOC_Os01g07120,LOC_Os05g03020,"motif, motif_CE",merged
LOC_Os01g07120,LOC_Os03g17590,motif,merged
LOC_Os01g07120,LOC_Os02g01560,motif,merged
LOC_Os01g07120,LOC_Os03g16750,motif,merged
LOC_Os01g07120,LOC_Os03g53680,motif,merged
LOC_Os01g07120,LOC_Os08g06500,motif,merged
LOC_Os01g07120,LOC_Os11g34624,motif,merged
LOC_Os01g07120,LOC_Os05g32730,FunTFBS,FunTFBS
LOC_Os01g07120,LOC_Os01g18940,motif,merged
LOC_Os01g07120,LOC_Os01g12490,motif,merged
LOC_Os01g07120,LOC_Os02g03810,motif_CE,motif_CE
LOC_Os01g07120,LOC_Os10g38770,motif,merged
LOC_Os01g07120,LOC_Os02g53960,motif,merged
LOC_Os01g07120,LOC_Os01g70260,FunTFBS,FunTFBS
LOC_Os01g07120,LOC_Os04g22820,motif,merged
LOC_Os01g07120,LOC_Os07g43980,"motif, motif_CE",merged
LOC_Os01g07120,LOC_Os08g03570,motif,merged
LOC_Os01g07120,LOC_Os10g33910,motif,merged
LOC_Os01g07120,LOC_Os08g41710,motif,merged
LOC_Os01g07120,LOC_Os12g34260,motif,merged
LOC_Os01g07120,LOC_Os01g61530,motif_CE,motif_CE
LOC_Os01g07120,LOC_Os04g44220,motif,merged
LOC_Os01g07120,LOC_Os03g57349,motif,merged
LOC_Os01g07120,LOC_Os10g12790,motif,merged
LOC_Os01g07120,LOC_Os06g47130,motif_CE,motif_CE
LOC_Os01g07120,LOC_Os07g32170,motif,merged
LOC_Os01g07120,LOC_Os02g05350,motif,merged
LOC_Os01g07120,LOC_Os04g33980,motif_CE,motif_CE
LOC_Os01g07120,LOC_Os09g23700,motif,merged
LOC_Os01g07120,LOC_Os03g18840,"FunTFBS, motif, motif_CE",merged
LOC_Os01g07120,LOC_Os11g25540,motif,merged
LOC_Os01g07120,LOC_Os01g53500,"motif, motif_CE",merged
LOC_Os01g07120,LOC_Os03g15290,"motif, motif_CE",merged
LOC_Os01g07120,LOC_Os01g18980,motif,merged
LOC_Os01g07120,LOC_Os06g34640,motif,merged
LOC_Os01g07120,LOC_Os11g43540,motif,merged
LOC_Os01g07120,LOC_Os03g44510,motif,merged
LOC_Os01g07120,LOC_Os04g31720,motif,merged
LOC_Os01g07120,LOC_Os10g33874,"motif, motif_CE",merged
LOC_Os01g07120,LOC_Os08g40510,motif,merged
LOC_Os01g07120,LOC_Os08g22130,motif,merged
LOC_Os01g07120,LOC_Os10g32620,motif,merged
LOC_Os01g07120,LOC_Os03g44620,motif,merged
LOC_Os01g07120,LOC_Os12g12250,motif,merged
LOC_Os01g07120,LOC_Os12g08760,motif,merged
LOC_Os01g07120,LOC_Os04g13420,motif,merged
LOC_Os01g07120,LOC_Os10g30480,motif_CE,motif_CE
LOC_Os01g07120,LOC_Os07g06750,motif,merged
LOC_Os01g07120,LOC_Os05g46430,motif_CE,motif_CE
LOC_Os01g07120,LOC_Os08g08500,motif,merged
LOC_Os01g07120,LOC_Os02g40930,motif,merged
LOC_Os01g07120,LOC_Os04g18230,motif,merged
LOC_Os01g07120,LOC_Os03g07350,"motif, motif_CE",merged
LOC_Os01g07120,LOC_Os09g27250,motif_CE,motif_CE
LOC_Os01g07120,LOC_Os07g06610,FunTFBS,FunTFBS
LOC_Os01g07120,LOC_Os12g17804,motif,merged
LOC_Os01g07120,LOC_Os08g25450,motif,merged
LOC_Os01g07120,LOC_Os12g06980,motif,merged
LOC_Os01g07120,LOC_Os06g17880,"motif, motif_CE",merged
LOC_Os01g07120,LOC_Os03g45650,motif,merged
LOC_Os01g07120,LOC_Os07g31910,motif,merged
LOC_Os01g07120,LOC_Os08g38160,motif_CE,motif_CE
LOC_Os01g07120,LOC_Os05g07050,FunTFBS,FunTFBS
LOC_Os01g07120,LOC_Os06g42310,FunTFBS,FunTFBS
LOC_Os01g07120,LOC_Os03g38990,FunTFBS,FunTFBS
LOC_Os01g07120,LOC_Os12g32930,FunTFBS,FunTFBS
LOC_Os01g07120,LOC_Os08g45040,motif,merged
LOC_Os01g07120,LOC_Os03g47580,motif,merged
LOC_Os01g07120,LOC_Os04g53660,motif,merged
LOC_Os01g07120,LOC_Os03g57090,motif,merged
LOC_Os01g07120,LOC_Os06g06550,motif,merged
LOC_Os01g07120,LOC_Os06g44770,motif,merged
LOC_Os01g07120,LOC_Os04g25650,motif,merged
LOC_Os01g07120,LOC_Os02g45360,motif,merged
LOC_Os01g07120,LOC_Os05g08480,motif,merged
LOC_Os01g07120,LOC_Os06g24660,motif,merged
LOC_Os01g07120,LOC_Os07g27860,motif,merged
LOC_Os01g07120,LOC_Os01g29790,"motif, motif_CE",merged
LOC_Os01g07120,LOC_Os03g55730,"motif, motif_CE",merged
LOC_Os01g07120,LOC_Os09g26820,motif,merged
LOC_Os01g07120,LOC_Os03g15040,motif_CE,motif_CE
LOC_Os01g07120,LOC_Os03g59650,"motif, motif_CE",merged
LOC_Os01g07120,LOC_Os07g17470,motif,merged
LOC_Os01g07120,LOC_Os07g14670,motif,merged
LOC_Os01g07120,LOC_Os04g39160,motif_CE,motif_CE
LOC_Os01g07120,LOC_Os06g12780,"FunTFBS, motif, motif_CE",merged
LOC_Os01g07120,LOC_Os08g13690,FunTFBS,FunTFBS
LOC_Os01g07120,LOC_Os03g08040,motif,merged
LOC_Os01g07120,LOC_Os10g08630,motif,merged
LOC_Os01g07120,LOC_Os03g04420,"motif, motif_CE",merged
LOC_Os01g07120,LOC_Os07g43420,"motif, motif_CE",merged
LOC_Os01g07120,LOC_Os01g70750,"motif, motif_CE",merged
LOC_Os01g07120,LOC_Os01g24210,motif,merged
LOC_Os01g07120,LOC_Os05g06840,"motif, motif_CE",merged
LOC_Os01g07120,LOC_Os11g26920,motif,merged
LOC_Os01g07120,LOC_Os02g07690,motif,merged
LOC_Os01g07120,LOC_Os01g15260,motif_CE,motif_CE
LOC_Os01g07120,LOC_Os01g46680,motif,merged
LOC_Os01g07120,LOC_Os01g07880,"motif, motif_CE",merged
LOC_Os01g07120,LOC_Os05g18250,motif,merged
LOC_Os01g07120,LOC_Os03g36350,motif,merged
LOC_Os01g07120,LOC_Os03g30690,FunTFBS,FunTFBS
LOC_Os01g07120,LOC_Os03g11614,motif,merged
LOC_Os01g07120,LOC_Os11g03320,motif,merged
LOC_Os01g07120,LOC_Os08g12460,motif,merged
LOC_Os01g07120,LOC_Os06g48750,"motif, motif_CE",merged
LOC_Os01g07120,LOC_Os05g11210,motif,merged
LOC_Os01g07120,LOC_Os01g73210,motif,merged
LOC_Os01g07120,LOC_Os09g10020,motif,merged
LOC_Os01g07120,LOC_Os08g02840,motif,merged
LOC_Os01g07120,LOC_Os10g26070,"motif, motif_CE",merged
LOC_Os01g07120,LOC_Os12g14120,"FunTFBS, motif",merged
LOC_Os01g07120,LOC_Os03g60100,motif_CE,motif_CE
LOC_Os01g07120,LOC_Os12g40460,motif_CE,motif_CE
LOC_Os01g07120,LOC_Os02g43519,FunTFBS,FunTFBS
LOC_Os01g07120,LOC_Os11g33160,motif,merged
LOC_Os01g07120,LOC_Os01g32964,motif,merged
LOC_Os01g07120,LOC_Os10g42750,"motif, motif_CE",merged
LOC_Os01g07120,LOC_Os06g16430,motif,merged
LOC_Os01g07120,LOC_Os01g29488,"motif, motif_CE",merged
LOC_Os01g07120,LOC_Os03g31760,motif,merged
LOC_Os01g07120,LOC_Os07g33220,FunTFBS,FunTFBS
LOC_Os01g07120,LOC_Os05g20810,"FunTFBS, motif",merged
LOC_Os01g07120,LOC_Os05g09520,"motif, motif_CE",merged
LOC_Os01g07120,LOC_Os01g31950,motif,merged
LOC_Os01g07120,LOC_Os04g06360,motif,merged
LOC_Os01g07120,LOC_Os06g47450,motif,merged
LOC_Os01g07120,LOC_Os01g37200,motif,merged
LOC_Os01g07120,LOC_Os04g39100,motif,merged
LOC_Os01g07120,LOC_Os01g55740,FunTFBS,FunTFBS
LOC_Os01g07120,LOC_Os08g22018,motif,merged
LOC_Os01g07120,LOC_Os06g38764,motif,merged
LOC_Os01g07120,LOC_Os08g29480,motif,merged
LOC_Os01g07120,LOC_Os10g32930,motif,merged
LOC_Os01g07120,LOC_Os10g30270,FunTFBS,FunTFBS
LOC_Os01g07120,LOC_Os07g29210,motif,merged
LOC_Os01g07120,LOC_Os04g36630,motif,merged
LOC_Os01g07120,LOC_Os06g49750,motif,merged
LOC_Os01g07120,LOC_Os05g08410,motif_CE,motif_CE
LOC_Os01g07120,LOC_Os08g33460,motif_CE,motif_CE
LOC_Os01g07120,LOC_Os08g39050,"motif, motif_CE",merged
LOC_Os01g07120,LOC_Os04g33980,"motif, motif_CE",merged
LOC_Os01g07120,LOC_Os02g25150,motif,merged
LOC_Os01g07120,LOC_Os05g01450,motif,merged
LOC_Os01g07120,LOC_Os08g31270,motif_CE,motif_CE
LOC_Os01g07120,LOC_Os11g35430,motif,merged
LOC_Os01g07120,LOC_Os07g01760,motif_CE,motif_CE
LOC_Os01g07120,LOC_Os02g50410,motif,merged
LOC_Os01g07120,LOC_Os01g38580,motif,merged
LOC_Os01g07120,LOC_Os03g51600,motif,merged
LOC_Os01g07120,LOC_Os10g21360,motif,merged
LOC_Os01g07120,LOC_Os04g25080,"FunTFBS, motif",merged
LOC_Os01g07120,LOC_Os02g18400,motif,merged
LOC_Os01g07120,LOC_Os11g25750,motif,merged
LOC_Os01g07120,LOC_Os10g30480,"motif, motif_CE",merged
LOC_Os01g07120,LOC_Os03g11390,motif,merged
LOC_Os01g07120,LOC_Os05g46430,"motif, motif_CE",merged
LOC_Os01g07120,LOC_Os11g26430,motif,merged
LOC_Os01g07120,LOC_Os02g33610,motif,merged
LOC_Os01g07120,LOC_Os09g27250,"motif, motif_CE",merged
LOC_Os01g07120,LOC_Os07g41330,motif_CE,motif_CE
LOC_Os01g07120,LOC_Os09g27540,motif,merged
LOC_Os01g07120,LOC_Os06g12530,"motif, motif_CE",merged
LOC_Os01g07120,LOC_Os06g39875,motif,merged
LOC_Os01g07120,LOC_Os03g28920,motif,merged
LOC_Os01g07120,LOC_Os03g19436,motif,merged
LOC_Os01g07120,LOC_Os06g07887,motif,merged
LOC_Os01g07120,LOC_Os05g27590,motif,merged
LOC_Os01g07120,LOC_Os07g43580,motif,merged
LOC_Os01g07120,LOC_Os09g20850,motif_CE,motif_CE
LOC_Os01g07120,LOC_Os09g16810,motif,merged
LOC_Os01g07120,LOC_Os02g05692,motif,merged
LOC_Os01g07120,LOC_Os08g03890,motif,merged
LOC_Os01g07120,LOC_Os11g33180,motif,merged
LOC_Os01g07120,LOC_Os03g51670,FunTFBS,FunTFBS
LOC_Os01g07120,LOC_Os01g16714,motif,merged
LOC_Os01g07120,LOC_Os05g06120,motif,merged
LOC_Os01g07120,LOC_Os02g39740,motif_CE,motif_CE
LOC_Os01g07120,LOC_Os12g43900,motif,merged
LOC_Os01g07120,LOC_Os07g27340,motif,merged
LOC_Os01g07120,LOC_Os05g00998,motif,merged
LOC_Os01g07120,LOC_Os03g52890,"motif, motif_CE",merged
LOC_Os01g07120,LOC_Os05g02050,"FunTFBS, motif, motif_CE",merged
LOC_Os01g07120,LOC_Os09g20840,"FunTFBS, motif",merged
LOC_Os01g07120,LOC_Os01g40499,motif,merged
LOC_Os01g07120,LOC_Os03g15040,"motif, motif_CE",merged
LOC_Os01g07120,LOC_Os05g49070,motif,merged
LOC_Os01g07120,LOC_Os09g37446,motif,merged
LOC_Os01g07120,LOC_Os02g38950,motif,merged
LOC_Os01g07120,LOC_Os08g39650,motif,merged
LOC_Os01g07120,LOC_Os07g28710,motif,merged
LOC_Os01g07120,LOC_Os03g26850,motif,merged
LOC_Os01g07120,LOC_Os11g28430,motif,merged
LOC_Os01g07120,LOC_Os07g35700,motif,merged
LOC_Os01g07120,LOC_Os06g08510,"FunTFBS, motif",merged
LOC_Os01g07120,LOC_Os06g51120,motif,merged
LOC_Os01g07120,LOC_Os03g48980,FunTFBS,FunTFBS
LOC_Os01g07120,LOC_Os12g03720,motif,merged
LOC_Os01g07120,LOC_Os01g25610,"motif, motif_CE",merged
LOC_Os01g07120,LOC_Os11g04890,motif,merged
LOC_Os01g07120,LOC_Os04g24520,"FunTFBS, motif",merged
LOC_Os01g07120,LOC_Os01g02970,motif,merged
LOC_Os01g07120,LOC_Os11g04340,motif,merged
LOC_Os01g07120,LOC_Os01g40070,motif,merged
LOC_Os01g07120,LOC_Os03g58470,motif_CE,motif_CE
LOC_Os01g07120,LOC_Os04g57140,motif_CE,motif_CE
LOC_Os01g07120,LOC_Os01g06170,motif,merged
LOC_Os01g07120,LOC_Os06g01860,motif_CE,motif_CE
LOC_Os01g07120,LOC_Os07g17490,"FunTFBS, motif",merged
LOC_Os01g07120,LOC_Os12g27080,motif,merged
LOC_Os01g07120,LOC_Os04g52570,motif,merged
LOC_Os01g07120,LOC_Os02g02740,motif,merged
LOC_Os01g07120,LOC_Os10g32910,motif,merged
LOC_Os01g07120,LOC_Os10g36250,"motif, motif_CE",merged
LOC_Os01g07120,LOC_Os01g42770,motif,merged
LOC_Os01g07120,LOC_Os07g12510,motif,merged
LOC_Os01g07120,LOC_Os01g51960,motif,merged
LOC_Os01g07120,LOC_Os07g44790,motif,merged
LOC_Os01g07120,LOC_Os01g44394,FunTFBS,FunTFBS
LOC_Os01g07120,LOC_Os05g13860,motif,merged
LOC_Os01g07120,LOC_Os08g24500,motif,merged
LOC_Os01g07120,LOC_Os01g63720,motif_CE,motif_CE
LOC_Os01g07120,LOC_Os08g43730,motif,merged
LOC_Os01g07120,LOC_Os02g48130,motif_CE,motif_CE
LOC_Os01g07120,LOC_Os07g37550,motif,merged
LOC_Os01g07120,LOC_Os10g03700,motif,merged
LOC_Os01g07120,LOC_Os03g15380,motif,merged
LOC_Os01g07120,LOC_Os05g32060,motif,merged
LOC_Os01g07120,LOC_Os05g49640,motif,merged
LOC_Os01g07120,LOC_Os06g01960,FunTFBS,FunTFBS
LOC_Os01g07120,LOC_Os06g12300,motif,merged
LOC_Os01g07120,LOC_Os02g38790,motif,merged
LOC_Os01g07120,LOC_Os03g60100,"motif, motif_CE",merged
LOC_Os01g07120,LOC_Os03g43460,motif,merged
LOC_Os01g07120,LOC_Os10g06700,motif,merged
LOC_Os01g07120,LOC_Os01g42350,motif,merged
LOC_Os01g07120,LOC_Os02g43310,"FunTFBS, motif, motif_CE",merged
LOC_Os01g07120,LOC_Os04g29490,motif,merged
LOC_Os01g07120,LOC_Os06g35900,"FunTFBS, motif",merged
LOC_Os01g07120,LOC_Os06g01720,motif,merged
LOC_Os01g07120,LOC_Os01g35840,motif_CE,motif_CE
LOC_Os01g07120,LOC_Os10g29640,"FunTFBS, motif",merged
LOC_Os01g07120,LOC_Os09g07540,motif,merged
LOC_Os01g07120,LOC_Os04g35305,"FunTFBS, motif",merged
LOC_Os01g07120,LOC_Os02g15850,motif_CE,motif_CE
LOC_Os01g07120,LOC_Os04g13210,"motif, motif_CE",merged
LOC_Os01g07120,LOC_Os04g20810,motif,merged
LOC_Os01g07120,LOC_Os07g01190,motif,merged
LOC_Os01g07120,LOC_Os05g15520,motif,merged
LOC_Os01g07120,LOC_Os01g68524,"motif, motif_CE",merged
LOC_Os01g07120,LOC_Os03g46770,motif,merged
LOC_Os01g07120,LOC_Os03g43570,motif,merged
LOC_Os01g07120,LOC_Os03g48200,motif,merged
LOC_Os01g07120,LOC_Os01g61530,"motif, motif_CE",merged
LOC_Os01g07120,LOC_Os08g34680,motif,merged
LOC_Os01g07120,LOC_Os07g28580,motif,merged
LOC_Os01g07120,LOC_Os08g31270,"motif, motif_CE",merged
LOC_Os01g07120,LOC_Os04g32710,motif,merged
LOC_Os01g07120,LOC_Os02g58500,"FunTFBS, motif, motif_CE",merged
LOC_Os01g07120,LOC_Os01g26060,motif,merged
LOC_Os01g07120,LOC_Os11g10190,motif,merged
LOC_Os01g07120,LOC_Os02g50720,motif,merged
LOC_Os01g07120,LOC_Os07g01760,"motif, motif_CE",merged
LOC_Os01g07120,LOC_Os02g24100,motif,merged
LOC_Os01g07120,LOC_Os04g02310,motif,merged
LOC_Os01g07120,LOC_Os03g10290,motif,merged
LOC_Os01g07120,LOC_Os02g01410,"FunTFBS, motif",merged
LOC_Os01g07120,LOC_Os01g46650,"FunTFBS, motif, motif_CE",merged
LOC_Os01g07120,LOC_Os12g36520,motif,merged
LOC_Os01g07120,LOC_Os11g02230,motif,merged
LOC_Os01g07120,LOC_Os12g43570,motif,merged
LOC_Os01g07120,LOC_Os11g07700,motif,merged
LOC_Os01g07120,LOC_Os05g15720,motif,merged
LOC_Os01g07120,LOC_Os04g11940,motif,merged
LOC_Os01g07120,LOC_Os02g10240,"FunTFBS, motif",merged
LOC_Os01g07120,LOC_Os07g37700,"FunTFBS, motif",merged
LOC_Os01g07120,LOC_Os07g10660,motif_CE,motif_CE
LOC_Os01g07120,LOC_Os01g09930,motif,merged
LOC_Os01g07120,LOC_Os05g28960,FunTFBS,FunTFBS
LOC_Os01g07120,LOC_Os07g01260,FunTFBS,FunTFBS
LOC_Os01g07120,LOC_Os01g04080,motif,merged
LOC_Os01g07120,LOC_Os05g20060,motif,merged
LOC_Os01g07120,LOC_Os08g12350,motif,merged
LOC_Os01g07120,LOC_Os10g31350,motif,merged
LOC_Os01g07120,LOC_Os06g08460,motif,merged
LOC_Os01g07120,LOC_Os02g57430,motif,merged
LOC_Os01g07120,LOC_Os03g27380,motif,merged
LOC_Os01g07120,LOC_Os06g49860,motif,merged
LOC_Os01g07120,LOC_Os01g22720,FunTFBS,FunTFBS
LOC_Os01g07120,LOC_Os09g29370,motif_CE,motif_CE
LOC_Os01g07120,LOC_Os08g08070,motif,merged
LOC_Os01g07120,LOC_Os02g39740,"motif, motif_CE",merged
LOC_Os01g07120,LOC_Os02g27900,motif,merged
LOC_Os01g07120,LOC_Os09g22220,motif,merged
LOC_Os01g07120,LOC_Os03g18380,motif_CE,motif_CE
LOC_Os01g07120,LOC_Os11g04220,motif_CE,motif_CE
LOC_Os01g07120,LOC_Os01g54880,motif_CE,motif_CE
LOC_Os01g07120,LOC_Os11g33330,motif,merged
LOC_Os01g07120,LOC_Os05g48840,motif,merged
LOC_Os01g07120,LOC_Os11g14930,motif,merged
LOC_Os01g07120,LOC_Os03g27270,motif,merged
LOC_Os01g07120,LOC_Os07g12630,motif,merged
LOC_Os01g07120,LOC_Os02g52330,motif,merged
LOC_Os01g07120,LOC_Os11g11230,motif,merged
LOC_Os01g07120,LOC_Os10g32540,motif_CE,motif_CE
LOC_Os01g07120,LOC_Os02g05800,motif,merged
LOC_Os01g07120,LOC_Os09g14880,FunTFBS,FunTFBS
LOC_Os01g07120,LOC_Os01g36600,"motif, motif_CE",merged
LOC_Os01g07120,LOC_Os01g47210,motif,merged
LOC_Os01g07120,LOC_Os06g45570,FunTFBS,FunTFBS
LOC_Os01g07120,LOC_Os01g44980,motif,merged
LOC_Os01g07120,LOC_Os08g03520,motif,merged
LOC_Os01g07120,LOC_Os01g42990,motif_CE,motif_CE
LOC_Os01g07120,LOC_Os09g31050,motif_CE,motif_CE
LOC_Os01g07120,LOC_Os10g10560,motif,merged
LOC_Os01g07120,LOC_Os01g67700,motif,merged
LOC_Os01g07120,LOC_Os06g01860,"motif, motif_CE",merged
LOC_Os01g07120,LOC_Os11g19810,motif_CE,motif_CE
LOC_Os01g07120,LOC_Os03g01910,FunTFBS,FunTFBS
LOC_Os01g07120,LOC_Os03g35454,motif,merged
LOC_Os01g07120,LOC_Os10g01820,motif,merged
LOC_Os01g07120,LOC_Os01g04130,"FunTFBS, motif",merged
LOC_Os01g07120,LOC_Os06g09630,FunTFBS,FunTFBS
LOC_Os01g07120,LOC_Os01g38030,motif_CE,motif_CE
LOC_Os01g07120,LOC_Os02g03880,motif_CE,motif_CE
LOC_Os01g07120,LOC_Os01g63720,"motif, motif_CE",merged
LOC_Os01g07120,LOC_Os11g35300,motif,merged
LOC_Os01g07120,LOC_Os03g63740,motif,merged
LOC_Os01g07120,LOC_Os01g19840,motif,merged
LOC_Os01g07120,LOC_Os02g05280,motif,merged
LOC_Os01g07120,LOC_Os11g45250,"motif, motif_CE",merged
LOC_Os01g07120,LOC_Os06g32630,motif,merged
LOC_Os01g07120,LOC_Os09g28750,motif,merged
LOC_Os01g07120,LOC_Os11g32320,motif,merged
LOC_Os01g07120,LOC_Os11g28820,motif,merged
LOC_Os01g07120,LOC_Os03g57950,motif,merged
LOC_Os01g07120,LOC_Os10g05660,motif,merged
LOC_Os01g07120,LOC_Os03g12920,motif,merged
LOC_Os01g07120,LOC_Os12g29150,motif,merged
LOC_Os01g07120,LOC_Os05g43800,motif,merged
LOC_Os01g07120,LOC_Os12g30410,motif,merged
LOC_Os01g07120,LOC_Os02g29750,motif,merged
LOC_Os01g07120,LOC_Os09g23480,motif,merged
LOC_Os01g07120,LOC_Os05g03060,"FunTFBS, motif",merged
LOC_Os01g07120,LOC_Os10g01310,motif,merged
LOC_Os01g07120,LOC_Os06g10440,FunTFBS,FunTFBS
LOC_Os01g07120,LOC_Os02g20850,"motif, motif_CE",merged
LOC_Os01g07120,LOC_Os10g34990,motif_CE,motif_CE
LOC_Os01g07120,LOC_Os01g35840,"motif, motif_CE",merged
LOC_Os01g07120,LOC_Os06g24040,motif,merged
LOC_Os01g07120,LOC_Os10g36020,motif_CE,motif_CE
LOC_Os01g07120,LOC_Os01g16100,motif_CE,motif_CE
LOC_Os01g07120,LOC_Os06g17510,motif,merged
LOC_Os01g07120,LOC_Os05g34730,"motif, motif_CE",merged
LOC_Os01g07120,LOC_Os02g14420,motif,merged
LOC_Os01g07120,LOC_Os02g03530,motif,merged
LOC_Os01g07120,LOC_Os05g50440,motif,merged
LOC_Os01g07120,LOC_Os08g34750,motif_CE,motif_CE
LOC_Os01g07120,LOC_Os02g49280,"motif, motif_CE",merged
LOC_Os01g07120,LOC_Os05g50810,motif,merged
LOC_Os01g07120,LOC_Os06g01820,motif,merged
LOC_Os01g07120,LOC_Os03g39150,motif,merged
LOC_Os01g07120,LOC_Os02g57500,"motif, motif_CE",merged
LOC_Os01g07120,LOC_Os10g24580,motif,merged
LOC_Os01g07120,LOC_Os06g45360,"FunTFBS, motif",merged
LOC_Os01g07120,LOC_Os02g32460,motif_CE,motif_CE
LOC_Os01g07120,LOC_Os06g07869,motif_CE,motif_CE
LOC_Os01g07120,LOC_Os04g08034,motif,merged
LOC_Os01g07120,LOC_Os01g56670,motif_CE,motif_CE
LOC_Os01g07120,LOC_Os02g08420,motif,merged
LOC_Os01g07120,LOC_Os08g33460,"motif, motif_CE",merged
LOC_Os01g07120,LOC_Os02g45920,motif_CE,motif_CE
LOC_Os01g07120,LOC_Os01g74520,motif_CE,motif_CE
LOC_Os01g07120,LOC_Os10g11710,motif,merged
LOC_Os01g07120,LOC_Os06g37020,motif,merged
LOC_Os01g07120,LOC_Os04g22730,motif,merged
LOC_Os01g07120,LOC_Os07g41540,motif,merged
LOC_Os01g07120,LOC_Os06g02590,motif_CE,motif_CE
LOC_Os01g07120,LOC_Os09g09380,"FunTFBS, motif",merged
LOC_Os01g07120,LOC_Os06g49150,motif,merged
LOC_Os01g07120,LOC_Os02g42090,motif,merged
LOC_Os01g07120,LOC_Os08g30810,motif,merged
LOC_Os01g07120,LOC_Os10g40590,motif,merged
LOC_Os01g07120,LOC_Os07g44730,"motif, motif_CE",merged
LOC_Os01g07120,LOC_Os07g17760,motif,merged
LOC_Os01g07120,LOC_Os05g48422,motif_CE,motif_CE
LOC_Os01g07120,LOC_Os11g16300,motif,merged
LOC_Os01g07120,LOC_Os08g31000,motif,merged
LOC_Os01g07120,LOC_Os08g23189,motif,merged
LOC_Os01g07120,LOC_Os03g50030,motif,merged
LOC_Os01g07120,LOC_Os08g23420,"FunTFBS, motif",merged
LOC_Os01g07120,LOC_Os02g28640,motif,merged
LOC_Os01g07120,LOC_Os01g35030,motif,merged
LOC_Os01g07120,LOC_Os03g19550,motif,merged
LOC_Os01g07120,LOC_Os04g50990,motif_CE,motif_CE
LOC_Os01g07120,LOC_Os03g24540,motif,merged
LOC_Os01g07120,LOC_Os07g37620,motif,merged
LOC_Os01g07120,LOC_Os04g24840,motif,merged
LOC_Os01g07120,LOC_Os11g11660,motif,merged
LOC_Os01g07120,LOC_Os07g07950,motif,merged
LOC_Os01g07120,LOC_Os05g01080,motif,merged
LOC_Os01g07120,LOC_Os08g36090,motif,merged
LOC_Os01g07120,LOC_Os10g14230,motif,merged
LOC_Os01g07120,LOC_Os04g37710,motif,merged
LOC_Os01g07120,LOC_Os05g39400,motif,merged
LOC_Os01g07120,LOC_Os03g04770,motif_CE,motif_CE
LOC_Os01g07120,LOC_Os08g28740,motif,merged
LOC_Os01g07120,LOC_Os12g23520,motif_CE,motif_CE
LOC_Os01g07120,LOC_Os01g40000,motif,merged
LOC_Os01g07120,LOC_Os03g18380,"motif, motif_CE",merged
LOC_Os01g07120,LOC_Os09g39130,motif,merged
LOC_Os01g07120,LOC_Os04g37860,motif,merged
LOC_Os01g07120,LOC_Os02g06250,motif,merged
LOC_Os01g07120,LOC_Os05g05810,FunTFBS,FunTFBS
LOC_Os01g07120,LOC_Os01g73810,"motif, motif_CE",merged
LOC_Os01g07120,LOC_Os07g11430,motif,merged
LOC_Os01g07120,LOC_Os07g28720,motif,merged
LOC_Os01g07120,LOC_Os11g16370,motif,merged
LOC_Os01g07120,LOC_Os12g41300,motif,merged
LOC_Os01g07120,LOC_Os03g06830,motif,merged
LOC_Os01g07120,LOC_Os01g40520,motif,merged
LOC_Os01g07120,LOC_Os06g50360,motif,merged
LOC_Os01g07120,LOC_Os03g40084,motif,merged
LOC_Os01g07120,LOC_Os04g28320,motif,merged
LOC_Os01g07120,LOC_Os01g29850,"motif, motif_CE",merged
LOC_Os01g07120,LOC_Os05g27290,motif,merged
LOC_Os01g07120,LOC_Os06g12190,motif,merged
LOC_Os01g07120,LOC_Os03g24290,"motif, motif_CE",merged
LOC_Os01g07120,LOC_Os12g06120,motif_CE,motif_CE
LOC_Os01g07120,LOC_Os07g25570,motif,merged
LOC_Os01g07120,LOC_Os01g16610,motif,merged
LOC_Os01g07120,LOC_Os12g04210,motif_CE,motif_CE
LOC_Os01g07120,LOC_Os03g57530,motif,merged
LOC_Os01g07120,LOC_Os11g17490,motif,merged
LOC_Os01g07120,LOC_Os12g31370,"motif, motif_CE",merged
LOC_Os01g07120,LOC_Os01g23340,motif,merged
LOC_Os01g07120,LOC_Os12g10184,motif_CE,motif_CE
LOC_Os01g07120,LOC_Os06g08920,motif,merged
LOC_Os01g07120,LOC_Os01g38030,"motif, motif_CE",merged
LOC_Os01g07120,LOC_Os01g24350,motif,merged
LOC_Os01g07120,LOC_Os07g10180,"FunTFBS, motif",merged
LOC_Os01g07120,LOC_Os07g23244,motif_CE,motif_CE
LOC_Os01g07120,LOC_Os02g57910,motif,merged
LOC_Os01g07120,LOC_Os03g16440,FunTFBS,FunTFBS
LOC_Os01g07120,LOC_Os12g38650,motif_CE,motif_CE
LOC_Os01g07120,LOC_Os12g12310,motif,merged
LOC_Os01g07120,LOC_Os01g29150,"FunTFBS, motif, motif_CE",merged
LOC_Os01g07120,LOC_Os07g09590,"motif, motif_CE",merged
LOC_Os01g07120,LOC_Os04g31270,"FunTFBS, motif, motif_CE",merged
LOC_Os01g07120,LOC_Os02g10900,"motif, motif_CE",merged
LOC_Os01g07120,LOC_Os07g18140,FunTFBS,FunTFBS
LOC_Os01g07120,LOC_Os09g13220,motif,merged
LOC_Os01g07120,LOC_Os04g39670,"motif, motif_CE",merged
LOC_Os01g07120,LOC_Os06g36250,motif_CE,motif_CE
LOC_Os01g07120,LOC_Os10g34990,"motif, motif_CE",merged
LOC_Os01g07120,LOC_Os03g08790,motif,merged
LOC_Os01g07120,LOC_Os05g05320,FunTFBS,FunTFBS
LOC_Os01g07120,LOC_Os06g50789,motif,merged
LOC_Os01g07120,LOC_Os12g18090,motif,merged
LOC_Os01g07120,LOC_Os06g11840,motif,merged
LOC_Os01g07120,LOC_Os04g47680,motif,merged
LOC_Os01g07120,LOC_Os04g17669,motif,merged
LOC_Os01g07120,LOC_Os08g18870,motif,merged
LOC_Os01g07120,LOC_Os10g42280,motif_CE,motif_CE
LOC_Os01g07120,LOC_Os02g03930,FunTFBS,FunTFBS
LOC_Os01g07120,LOC_Os12g08150,motif_CE,motif_CE
LOC_Os01g07120,LOC_Os05g48940,"motif, motif_CE",merged
LOC_Os01g07120,LOC_Os03g04520,FunTFBS,FunTFBS
LOC_Os01g07120,LOC_Os04g35670,motif,merged
LOC_Os01g07120,LOC_Os10g41460,motif,merged
LOC_Os01g07120,LOC_Os07g14750,FunTFBS,FunTFBS
LOC_Os01g07120,LOC_Os10g08930,"motif, motif_CE",merged
LOC_Os01g07120,LOC_Os03g54170,motif_CE,motif_CE
LOC_Os01g07120,LOC_Os07g43540,motif_CE,motif_CE
LOC_Os01g07120,LOC_Os03g43870,motif,merged
LOC_Os01g07120,LOC_Os01g28370,motif,merged
LOC_Os01g07120,LOC_Os05g20470,"FunTFBS, motif",merged
LOC_Os01g07120,LOC_Os03g10510,motif,merged
LOC_Os01g07120,LOC_Os02g41570,motif,merged
LOC_Os01g07120,LOC_Os11g44084,motif,merged
LOC_Os01g07120,LOC_Os10g08670,motif,merged
LOC_Os01g07120,LOC_Os05g32190,motif_CE,motif_CE
LOC_Os01g07120,LOC_Os03g56620,motif_CE,motif_CE
LOC_Os01g07120,LOC_Os05g34940,"motif, motif_CE",merged
LOC_Os01g07120,LOC_Os04g45560,motif,merged
LOC_Os01g07120,LOC_Os08g24920,motif,merged
LOC_Os01g07120,LOC_Os02g32460,"motif, motif_CE",merged
LOC_Os01g07120,LOC_Os01g51240,motif,merged
LOC_Os01g07120,LOC_Os03g07800,"FunTFBS, motif, motif_CE",merged
LOC_Os01g07120,LOC_Os02g45920,"motif, motif_CE",merged
LOC_Os01g07120,LOC_Os10g33855,motif,merged
LOC_Os01g07120,LOC_Os01g59680,motif,merged
LOC_Os01g07120,LOC_Os11g46220,motif,merged
LOC_Os01g07120,LOC_Os09g36930,motif_CE,motif_CE
LOC_Os01g07120,LOC_Os09g16150,motif,merged
LOC_Os01g07120,LOC_Os03g49290,motif,merged
LOC_Os01g07120,LOC_Os12g22670,FunTFBS,FunTFBS
LOC_Os01g07120,LOC_Os01g39150,"FunTFBS, motif",merged
LOC_Os01g07120,LOC_Os12g09080,motif_CE,motif_CE
LOC_Os01g07120,LOC_Os11g07070,motif_CE,motif_CE
LOC_Os01g07120,LOC_Os03g60080,motif,merged
LOC_Os01g07120,LOC_Os06g08660,motif,merged
LOC_Os01g07120,LOC_Os09g26190,"FunTFBS, motif",merged
LOC_Os01g07120,LOC_Os05g33380,motif,merged
LOC_Os01g07120,LOC_Os05g48422,"motif, motif_CE",merged
LOC_Os01g07120,LOC_Os02g51840,FunTFBS,FunTFBS
LOC_Os01g07120,LOC_Os12g01030,motif,merged
LOC_Os01g07120,LOC_Os03g13750,"motif, motif_CE",merged
LOC_Os01g07120,LOC_Os07g44560,motif_CE,motif_CE
LOC_Os01g07120,LOC_Os05g47810,motif,merged
LOC_Os01g07120,LOC_Os11g37290,motif,merged
LOC_Os01g07120,LOC_Os02g52900,motif_CE,motif_CE
LOC_Os01g07120,LOC_Os02g52810,motif,merged
LOC_Os01g07120,LOC_Os12g21920,motif,merged
LOC_Os01g07120,LOC_Os07g44570,"motif, motif_CE",merged
LOC_Os01g07120,LOC_Os02g41550,motif,merged
LOC_Os01g07120,LOC_Os12g34874,"motif, motif_CE",merged
LOC_Os01g07120,LOC_Os07g33210,motif,merged
LOC_Os01g07120,LOC_Os01g42960,"motif, motif_CE",merged
LOC_Os01g07120,LOC_Os01g25020,motif,merged
LOC_Os01g07120,LOC_Os07g25430,motif,merged
LOC_Os01g07120,LOC_Os02g05390,motif,merged
LOC_Os01g07120,LOC_Os02g15830,motif,merged
LOC_Os01g07120,LOC_Os02g14250,motif,merged
LOC_Os01g07120,LOC_Os11g04220,"motif, motif_CE",merged
LOC_Os01g07120,LOC_Os10g39740,motif,merged
LOC_Os01g07120,LOC_Os05g05660,motif,merged
LOC_Os01g07120,LOC_Os12g03094,motif,merged
LOC_Os01g07120,LOC_Os01g16310,motif_CE,motif_CE
LOC_Os01g07120,LOC_Os10g15000,motif,merged
LOC_Os01g07120,LOC_Os08g41740,motif_CE,motif_CE
LOC_Os01g07120,LOC_Os10g31650,motif,merged
LOC_Os01g07120,LOC_Os05g29730,motif,merged
LOC_Os01g07120,LOC_Os11g01700,motif,merged
LOC_Os01g07120,LOC_Os02g51990,motif,merged
LOC_Os01g07120,LOC_Os12g07620,motif,merged
LOC_Os01g07120,LOC_Os01g60150,motif,merged
LOC_Os01g07120,LOC_Os01g59710,motif,merged
LOC_Os01g07120,LOC_Os02g27160,motif,merged
LOC_Os01g07120,LOC_Os03g26229,"FunTFBS, motif",merged
LOC_Os01g07120,LOC_Os08g30830,"FunTFBS, motif",merged
LOC_Os01g07120,LOC_Os04g18590,motif,merged
LOC_Os01g07120,LOC_Os03g39598,motif_CE,motif_CE
LOC_Os01g07120,LOC_Os04g35290,motif_CE,motif_CE
LOC_Os01g07120,LOC_Os08g05550,motif_CE,motif_CE
LOC_Os01g07120,LOC_Os12g10184,"motif, motif_CE",merged
LOC_Os01g07120,LOC_Os01g26400,motif,merged
LOC_Os01g07120,LOC_Os01g42990,"motif, motif_CE",merged
LOC_Os01g07120,LOC_Os07g22460,motif,merged
LOC_Os01g07120,LOC_Os03g33509,motif,merged
LOC_Os01g07120,LOC_Os04g32030,motif,merged
LOC_Os01g07120,LOC_Os05g27100,motif,merged
LOC_Os01g07120,LOC_Os10g30070,"motif, motif_CE",merged
LOC_Os01g07120,LOC_Os03g58430,FunTFBS,FunTFBS
LOC_Os01g07120,LOC_Os11g01350,motif,merged
LOC_Os01g07120,LOC_Os09g30478,motif,merged
LOC_Os01g07120,LOC_Os02g47890,motif,merged
LOC_Os01g07120,LOC_Os07g26320,motif,merged
LOC_Os01g07120,LOC_Os03g11280,FunTFBS,FunTFBS
LOC_Os01g07120,LOC_Os01g34670,motif,merged
LOC_Os01g07120,LOC_Os09g04250,motif,merged
LOC_Os01g07120,LOC_Os07g23244,"motif, motif_CE",merged
LOC_Os01g07120,LOC_Os10g23310,motif,merged
LOC_Os01g07120,LOC_Os01g25260,motif,merged
LOC_Os01g07120,LOC_Os09g28200,motif_CE,motif_CE
LOC_Os01g07120,LOC_Os10g40410,motif_CE,motif_CE
LOC_Os01g07120,LOC_Os02g56710,motif,merged
LOC_Os01g07120,LOC_Os12g07820,motif,merged
LOC_Os01g07120,LOC_Os03g43420,motif_CE,motif_CE
LOC_Os01g07120,LOC_Os12g14360,motif,merged
LOC_Os01g07120,LOC_Os07g22650,motif_CE,motif_CE
LOC_Os01g07120,LOC_Os11g15610,"FunTFBS, motif",merged
LOC_Os01g07120,LOC_Os06g36250,"motif, motif_CE",merged
LOC_Os01g07120,LOC_Os03g03270,"motif, motif_CE",merged
LOC_Os01g07120,LOC_Os07g09150,motif,merged
LOC_Os01g07120,LOC_Os03g18020,motif,merged
LOC_Os01g07120,LOC_Os06g31340,motif,merged
LOC_Os01g07120,LOC_Os01g39280,motif,merged
LOC_Os01g07120,LOC_Os08g20359,motif,merged
LOC_Os01g07120,LOC_Os11g07010,motif,merged
LOC_Os01g07120,LOC_Os07g15500,motif,merged
LOC_Os01g07120,LOC_Os08g06200,motif,merged
LOC_Os01g07120,LOC_Os05g07250,motif,merged
LOC_Os01g07120,LOC_Os08g33880,"FunTFBS, motif",merged
LOC_Os01g07120,LOC_Os03g62730,motif_CE,motif_CE
LOC_Os01g07120,LOC_Os12g15450,motif,merged
LOC_Os01g07120,LOC_Os02g56980,FunTFBS,FunTFBS
LOC_Os01g07120,LOC_Os12g35850,motif,merged
LOC_Os01g07120,LOC_Os12g06550,motif,merged
LOC_Os01g07120,LOC_Os12g08150,"motif, motif_CE",merged
LOC_Os01g07120,LOC_Os02g15820,motif,merged
LOC_Os01g07120,LOC_Os03g08940,motif_CE,motif_CE
LOC_Os01g07120,LOC_Os10g25600,motif,merged
LOC_Os01g07120,LOC_Os06g43060,motif_CE,motif_CE
LOC_Os01g07120,LOC_Os03g44670,motif,merged
LOC_Os01g07120,LOC_Os02g03150,motif_CE,motif_CE
LOC_Os01g07120,LOC_Os03g36470,"motif, motif_CE",merged
LOC_Os01g07120,LOC_Os02g40050,motif,merged
LOC_Os01g07120,LOC_Os04g47830,motif_CE,motif_CE
LOC_Os01g07120,LOC_Os08g34750,"motif, motif_CE",merged
LOC_Os01g07120,LOC_Os12g13140,motif,merged
LOC_Os01g07120,LOC_Os08g30150,motif,merged
LOC_Os01g07120,LOC_Os06g23830,motif,merged
LOC_Os01g07120,LOC_Os03g25500,motif,merged
LOC_Os01g07120,LOC_Os05g03160,"motif, motif_CE",merged
LOC_Os01g07120,LOC_Os06g40230,motif,merged
LOC_Os01g07120,LOC_Os02g15760,"motif, motif_CE",merged
LOC_Os01g07120,LOC_Os07g04300,motif,merged
LOC_Os01g07120,LOC_Os06g30330,FunTFBS,FunTFBS
LOC_Os01g07120,LOC_Os03g25270,motif,merged
LOC_Os01g07120,LOC_Os11g14850,motif,merged
LOC_Os01g07120,LOC_Os01g48990,motif_CE,motif_CE
LOC_Os01g07120,LOC_Os05g22270,motif,merged
LOC_Os01g07120,LOC_Os10g24480,motif,merged
LOC_Os01g07120,LOC_Os01g16020,motif,merged
LOC_Os01g07120,LOC_Os12g37400,"motif, motif_CE",merged
LOC_Os01g07120,LOC_Os10g35740,"motif, motif_CE",merged
LOC_Os01g07120,LOC_Os02g09590,motif_CE,motif_CE
LOC_Os01g07120,LOC_Os07g25390,motif,merged
LOC_Os01g07120,LOC_Os12g31080,motif,merged
LOC_Os01g07120,LOC_Os04g13710,motif,merged
LOC_Os01g07120,LOC_Os03g50570,motif_CE,motif_CE
LOC_Os01g07120,LOC_Os12g30030,motif,merged
LOC_Os01g07120,LOC_Os03g27770,motif_CE,motif_CE
LOC_Os01g07120,LOC_Os08g41730,motif,merged
LOC_Os01g07120,LOC_Os11g31160,motif,merged
LOC_Os01g07120,LOC_Os08g33750,FunTFBS,FunTFBS
LOC_Os01g07120,LOC_Os06g34420,motif,merged
LOC_Os01g07120,LOC_Os02g03540,motif_CE,motif_CE
LOC_Os01g07120,LOC_Os01g47780,motif,merged
LOC_Os01g07120,LOC_Os05g33514,"FunTFBS, motif",merged
LOC_Os01g07120,LOC_Os02g13390,motif,merged
LOC_Os01g07120,LOC_Os11g03130,FunTFBS,FunTFBS
LOC_Os01g07120,LOC_Os05g45350,"FunTFBS, motif",merged
LOC_Os01g07120,LOC_Os10g28130,motif,merged
LOC_Os01g07120,LOC_Os04g45340,motif_CE,motif_CE
LOC_Os01g07120,LOC_Os10g11320,motif_CE,motif_CE
LOC_Os01g07120,ChrSy.fgenesh.gene.77,motif,merged
LOC_Os01g07120,LOC_Os10g38080,motif,merged
LOC_Os01g07120,LOC_Os07g47780,motif,merged
LOC_Os01g07120,LOC_Os03g11120,motif,merged
LOC_Os01g07120,LOC_Os07g10940,motif,merged
LOC_Os01g07120,LOC_Os12g08160,motif_CE,motif_CE
LOC_Os01g07120,LOC_Os01g15530,motif,merged
LOC_Os01g07120,LOC_Os07g40700,motif,merged
LOC_Os01g07120,LOC_Os07g34390,motif_CE,motif_CE
LOC_Os01g07120,LOC_Os06g24370,motif_CE,motif_CE
LOC_Os01g07120,LOC_Os12g13100,motif_CE,motif_CE
LOC_Os01g07120,LOC_Os08g41740,"motif, motif_CE",merged
LOC_Os01g07120,LOC_Os06g03320,motif,merged
LOC_Os01g07120,LOC_Os04g50208,motif,merged
LOC_Os01g07120,LOC_Os03g48140,motif,merged
LOC_Os01g07120,LOC_Os08g22420,motif,merged
LOC_Os01g07120,LOC_Os11g35070,motif_CE,motif_CE
LOC_Os01g07120,LOC_Os04g50720,"FunTFBS, motif",merged
LOC_Os01g07120,LOC_Os08g05550,"motif, motif_CE",merged
LOC_Os01g07120,LOC_Os06g48780,"FunTFBS, motif, motif_CE",merged
LOC_Os01g07120,LOC_Os08g41520,motif,merged
LOC_Os01g07120,LOC_Os08g25460,motif,merged
LOC_Os01g07120,LOC_Os12g04210,"motif, motif_CE",merged
LOC_Os01g07120,LOC_Os01g04600,"FunTFBS, motif, motif_CE",merged
LOC_Os01g07120,LOC_Os07g44690,motif,merged
LOC_Os01g07120,LOC_Os09g25945,motif_CE,motif_CE
LOC_Os01g07120,LOC_Os08g08260,motif,merged
LOC_Os01g07120,LOC_Os03g03360,motif,merged
LOC_Os01g07120,LOC_Os07g06720,motif,merged
LOC_Os01g07120,LOC_Os10g20040,motif,merged
LOC_Os01g07120,LOC_Os09g28200,"motif, motif_CE",merged
LOC_Os01g07120,LOC_Os10g40410,"motif, motif_CE",merged
LOC_Os01g07120,LOC_Os05g17510,motif,merged
LOC_Os01g07120,LOC_Os12g32640,motif,merged
LOC_Os01g07120,LOC_Os12g30555,"FunTFBS, motif, motif_CE",merged
LOC_Os01g07120,LOC_Os04g33830,motif,merged
LOC_Os01g07120,LOC_Os01g44240,motif,merged
LOC_Os01g07120,LOC_Os09g24940,motif,merged
LOC_Os01g07120,LOC_Os04g44070,motif,merged
LOC_Os01g07120,LOC_Os06g12890,motif,merged
LOC_Os01g07120,LOC_Os06g22390,motif_CE,motif_CE
LOC_Os01g07120,LOC_Os09g27740,motif,merged
LOC_Os01g07120,LOC_Os01g18730,"FunTFBS, motif",merged
LOC_Os01g07120,LOC_Os08g35790,motif,merged
LOC_Os01g07120,LOC_Os01g09970,motif,merged
LOC_Os01g07120,LOC_Os01g73100,motif,merged
LOC_Os01g07120,LOC_Os07g31660,motif,merged
LOC_Os01g07120,LOC_Os12g42160,motif,merged
LOC_Os01g07120,LOC_Os08g26960,motif,merged
LOC_Os01g07120,LOC_Os07g42670,FunTFBS,FunTFBS
LOC_Os01g07120,LOC_Os12g21798,motif_CE,motif_CE
LOC_Os01g07120,LOC_Os03g56400,"motif, motif_CE",merged
LOC_Os01g07120,LOC_Os04g34130,motif,merged
LOC_Os01g07120,LOC_Os06g19420,motif,merged
LOC_Os01g07120,LOC_Os03g62730,"motif, motif_CE",merged
LOC_Os01g07120,LOC_Os12g08810,motif,merged
LOC_Os01g07120,LOC_Os05g30030,motif,merged
LOC_Os01g07120,LOC_Os10g32940,motif,merged
LOC_Os01g07120,LOC_Os12g35480,motif,merged
LOC_Os01g07120,LOC_Os11g09140,"FunTFBS, motif, motif_CE",merged
LOC_Os01g07120,LOC_Os09g34880,motif,merged
LOC_Os01g07120,LOC_Os04g09360,motif,merged
LOC_Os01g07120,LOC_Os04g47830,"motif, motif_CE",merged
LOC_Os01g07120,LOC_Os01g63110,motif,merged
LOC_Os01g07120,LOC_Os08g06530,"motif, motif_CE",merged
LOC_Os01g07120,LOC_Os07g44190,"motif, motif_CE",merged
LOC_Os01g07120,LOC_Os03g08850,motif,merged
LOC_Os01g07120,LOC_Os05g32190,"motif, motif_CE",merged
LOC_Os01g07120,LOC_Os04g52290,motif,merged
LOC_Os01g07120,LOC_Os12g15010,motif,merged
LOC_Os01g07120,LOC_Os05g28190,motif,merged
LOC_Os01g07120,LOC_Os01g71660,FunTFBS,FunTFBS
LOC_Os01g07120,LOC_Os03g32980,motif,merged
LOC_Os01g07120,LOC_Os04g55210,motif,merged
LOC_Os01g07120,LOC_Os01g20920,motif,merged
LOC_Os01g07120,LOC_Os01g48990,"motif, motif_CE",merged
LOC_Os01g07120,LOC_Os12g32940,motif,merged
LOC_Os01g07120,LOC_Os11g17290,motif,merged
LOC_Os01g07120,LOC_Os03g55704,motif,merged
LOC_Os01g07120,LOC_Os07g38720,motif,merged
LOC_Os01g07120,LOC_Os03g02300,motif,merged
LOC_Os01g07120,LOC_Os02g45390,motif,merged
LOC_Os01g07120,LOC_Os06g46240,motif_CE,motif_CE
LOC_Os01g07120,LOC_Os01g67360,motif,merged
LOC_Os01g07120,LOC_Os07g30380,motif,merged
LOC_Os01g07120,LOC_Os08g15050,motif_CE,motif_CE
LOC_Os01g07120,LOC_Os03g19920,motif,merged
LOC_Os01g07120,LOC_Os06g04590,motif_CE,motif_CE
LOC_Os01g07120,LOC_Os03g60920,"motif, motif_CE",merged
LOC_Os01g07120,LOC_Os02g49360,motif_CE,motif_CE
LOC_Os01g07120,LOC_Os11g43740,motif_CE,motif_CE
LOC_Os01g07120,LOC_Os12g29420,motif,merged
LOC_Os01g07120,LOC_Os05g01190,"motif, motif_CE",merged
LOC_Os01g07120,LOC_Os06g48140,motif,merged
LOC_Os01g07120,LOC_Os08g05820,motif,merged
LOC_Os01g07120,LOC_Os05g38680,motif_CE,motif_CE
LOC_Os01g07120,LOC_Os02g44770,FunTFBS,FunTFBS
LOC_Os01g07120,LOC_Os10g10350,FunTFBS,FunTFBS
LOC_Os01g07120,LOC_Os01g68545,motif_CE,motif_CE
LOC_Os01g07120,LOC_Os06g10570,motif,merged
LOC_Os01g07120,LOC_Os05g13590,motif,merged
LOC_Os01g07120,LOC_Os02g01980,"motif, motif_CE",merged
LOC_Os01g07120,LOC_Os05g45920,motif_CE,motif_CE
LOC_Os01g07120,LOC_Os04g45340,"motif, motif_CE",merged
LOC_Os01g07120,LOC_Os04g37930,motif,merged
LOC_Os01g07120,LOC_Os10g11320,"motif, motif_CE",merged
LOC_Os01g07120,LOC_Os07g06110,motif,merged
LOC_Os01g07120,LOC_Os03g44159,motif,merged
LOC_Os01g07120,LOC_Os10g35060,motif,merged
LOC_Os01g07120,LOC_Os10g30590,motif_CE,motif_CE
LOC_Os01g07120,LOC_Os07g49150,"FunTFBS, motif",merged
LOC_Os01g07120,LOC_Os02g39470,motif,merged
LOC_Os01g07120,LOC_Os09g36100,"motif, motif_CE",merged
LOC_Os01g07120,LOC_Os12g08160,"motif, motif_CE",merged
LOC_Os01g07120,LOC_Os02g22640,motif_CE,motif_CE
LOC_Os01g07120,LOC_Os01g62210,motif_CE,motif_CE
LOC_Os01g07120,LOC_Os04g39220,motif_CE,motif_CE
LOC_Os01g07120,LOC_Os04g22610,motif,merged
LOC_Os01g07120,LOC_Os06g21440,motif,merged
LOC_Os01g07120,LOC_Os01g12890,"FunTFBS, motif",merged
LOC_Os01g07120,LOC_Os01g28000,motif,merged
LOC_Os01g07120,LOC_Os01g53610,"motif, motif_CE",merged
LOC_Os01g07120,LOC_Os07g34360,FunTFBS,FunTFBS
LOC_Os01g07120,LOC_Os08g10470,motif,merged
LOC_Os01g07120,LOC_Os06g13660,motif,merged
LOC_Os01g07120,LOC_Os01g46800,motif,merged
LOC_Os01g07120,LOC_Os10g32348,motif_CE,motif_CE
LOC_Os01g07120,LOC_Os06g10540,motif,merged
LOC_Os01g07120,LOC_Os03g49970,motif,merged
LOC_Os01g07120,LOC_Os09g17680,motif,merged
LOC_Os01g07120,LOC_Os10g34180,motif_CE,motif_CE
LOC_Os01g07120,LOC_Os06g07896,"FunTFBS, motif",merged
LOC_Os01g07120,LOC_Os08g31200,motif,merged
LOC_Os01g07120,LOC_Os10g35300,motif,merged
LOC_Os01g07120,LOC_Os03g41932,FunTFBS,FunTFBS
LOC_Os01g07120,LOC_Os01g11220,motif,merged
LOC_Os01g07120,LOC_Os03g01340,motif,merged
LOC_Os01g07120,LOC_Os12g30540,motif,merged
LOC_Os01g07120,LOC_Os04g16630,motif,merged
LOC_Os01g07120,LOC_Os12g22470,motif,merged
LOC_Os01g07120,LOC_Os03g43210,motif,merged
LOC_Os01g07120,LOC_Os03g49930,motif,merged
LOC_Os01g07120,LOC_Os10g08080,FunTFBS,FunTFBS
LOC_Os01g07120,LOC_Os08g08150,motif,merged
LOC_Os01g07120,LOC_Os12g09680,FunTFBS,FunTFBS
LOC_Os01g07120,LOC_Os01g61220,motif,merged
LOC_Os01g07120,LOC_Os04g33300,FunTFBS,FunTFBS
LOC_Os01g07120,LOC_Os03g57270,motif,merged
LOC_Os01g07120,LOC_Os01g70470,motif_CE,motif_CE
LOC_Os01g07120,LOC_Os04g24610,motif_CE,motif_CE
LOC_Os01g07120,LOC_Os03g44780,FunTFBS,FunTFBS
LOC_Os01g07120,LOC_Os03g04580,motif,merged
LOC_Os01g07120,LOC_Os12g15670,motif,merged
LOC_Os01g07120,LOC_Os02g06330,"FunTFBS, motif",merged
LOC_Os01g07120,LOC_Os12g26760,motif,merged
LOC_Os01g07120,LOC_Os11g33380,motif,merged
LOC_Os01g07120,LOC_Os05g06310,motif_CE,motif_CE
LOC_Os01g07120,LOC_Os06g22390,"motif, motif_CE",merged
LOC_Os01g07120,LOC_Os06g06080,motif,merged
LOC_Os01g07120,LOC_Os07g22650,"motif, motif_CE",merged
LOC_Os01g07120,LOC_Os06g20520,motif,merged
LOC_Os01g07120,LOC_Os09g02690,motif,merged
LOC_Os01g07120,LOC_Os08g33100,motif,merged
LOC_Os01g07120,LOC_Os02g04260,"motif, motif_CE",merged
LOC_Os01g07120,LOC_Os07g13700,motif,merged
LOC_Os01g07120,LOC_Os09g06740,motif_CE,motif_CE
LOC_Os01g07120,LOC_Os01g70170,"motif, motif_CE",merged
LOC_Os01g07120,LOC_Os10g03840,motif,merged
LOC_Os01g07120,LOC_Os06g41190,motif,merged
LOC_Os01g07120,LOC_Os04g48720,"FunTFBS, motif, motif_CE",merged
LOC_Os01g07120,LOC_Os08g17620,motif,merged
LOC_Os01g07120,LOC_Os12g08010,FunTFBS,FunTFBS
LOC_Os01g07120,LOC_Os01g72700,motif,merged
LOC_Os01g07120,LOC_Os07g07450,motif,merged
LOC_Os01g07120,LOC_Os06g15360,motif,merged
LOC_Os01g07120,LOC_Os02g19450,motif,merged
LOC_Os01g07120,LOC_Os11g26210,"FunTFBS, motif",merged
LOC_Os01g07120,LOC_Os04g23890,motif,merged
LOC_Os01g07120,LOC_Os05g51650,motif,merged
LOC_Os01g07120,LOC_Os07g14810,motif,merged
LOC_Os01g07120,LOC_Os08g02240,motif,merged
LOC_Os01g07120,LOC_Os11g16740,motif,merged
LOC_Os01g07120,LOC_Os10g06230,motif,merged
LOC_Os01g07120,LOC_Os12g07580,motif,merged
LOC_Os01g07120,LOC_Os04g58920,motif,merged
LOC_Os01g07120,LOC_Os12g37415,"motif, motif_CE",merged
LOC_Os01g07120,LOC_Os12g43950,motif_CE,motif_CE
LOC_Os01g07120,LOC_Os12g09990,motif,merged
LOC_Os01g07120,LOC_Os02g45930,motif_CE,motif_CE
LOC_Os01g07120,LOC_Os12g34500,motif_CE,motif_CE
LOC_Os01g07120,LOC_Os08g04580,motif,merged
LOC_Os01g07120,LOC_Os02g13760,motif,merged
LOC_Os01g07120,LOC_Os05g35580,motif_CE,motif_CE
LOC_Os01g07120,LOC_Os03g13310,motif_CE,motif_CE
LOC_Os01g07120,LOC_Os12g05380,"motif, motif_CE",merged
LOC_Os01g07120,LOC_Os08g27710,motif,merged
LOC_Os01g07120,LOC_Os09g36440,motif,merged
LOC_Os01g07120,LOC_Os04g34480,motif,merged
LOC_Os01g07120,LOC_Os12g27460,motif,merged
LOC_Os01g07120,LOC_Os02g57470,"motif, motif_CE",merged
LOC_Os01g07120,LOC_Os06g05110,motif,merged
LOC_Os01g07120,LOC_Os01g03410,motif,merged
LOC_Os01g07120,LOC_Os12g28820,motif,merged
LOC_Os01g07120,LOC_Os04g02690,"motif, motif_CE",merged
LOC_Os01g07120,LOC_Os03g03290,motif,merged
LOC_Os01g07120,LOC_Os07g36465,motif,merged
LOC_Os01g07120,LOC_Os05g09160,motif,merged
LOC_Os01g07120,LOC_Os01g66260,motif,merged
LOC_Os01g07120,LOC_Os03g07260,motif_CE,motif_CE
LOC_Os01g07120,LOC_Os06g47610,motif,merged
LOC_Os01g07120,LOC_Os10g34560,motif,merged
LOC_Os01g07120,LOC_Os06g33210,FunTFBS,FunTFBS
LOC_Os01g07120,LOC_Os03g02480,motif_CE,motif_CE
LOC_Os01g07120,LOC_Os08g04939,motif,merged
LOC_Os01g07120,LOC_Os04g44780,motif_CE,motif_CE
LOC_Os01g07120,LOC_Os02g56260,motif_CE,motif_CE
LOC_Os01g07120,LOC_Os04g39520,motif,merged
LOC_Os01g07120,LOC_Os12g40530,motif,merged
LOC_Os01g07120,LOC_Os06g08500,"motif, motif_CE",merged
LOC_Os01g07120,LOC_Os11g44430,motif_CE,motif_CE
LOC_Os01g07120,LOC_Os07g25680,motif,merged
LOC_Os01g07120,LOC_Os02g09590,"motif, motif_CE",merged
LOC_Os01g07120,LOC_Os06g03590,"FunTFBS, motif",merged
LOC_Os01g07120,LOC_Os01g58350,FunTFBS,FunTFBS
LOC_Os01g07120,LOC_Os10g22610,motif,merged
LOC_Os01g07120,LOC_Os04g30050,motif,merged
LOC_Os01g07120,LOC_Os06g10420,motif_CE,motif_CE
LOC_Os01g07120,LOC_Os04g22060,"motif, motif_CE",merged
LOC_Os01g07120,LOC_Os06g19220,motif,merged
LOC_Os01g07120,LOC_Os01g68545,"motif, motif_CE",merged
LOC_Os01g07120,LOC_Os07g09990,motif,merged
LOC_Os01g07120,LOC_Os06g18870,motif,merged
LOC_Os01g07120,LOC_Os03g48370,FunTFBS,FunTFBS
LOC_Os01g07120,LOC_Os12g25790,motif,merged
LOC_Os01g07120,LOC_Os02g27790,motif_CE,motif_CE
LOC_Os01g07120,LOC_Os05g45920,"motif, motif_CE",merged
LOC_Os01g07120,LOC_Os05g48350,motif,merged
LOC_Os01g07120,LOC_Os07g23830,motif,merged
LOC_Os01g07120,LOC_Os08g11700,motif,merged
LOC_Os01g07120,LOC_Os08g28120,motif,merged
LOC_Os01g07120,LOC_Os07g30450,motif,merged
LOC_Os01g07120,LOC_Os10g30590,"motif, motif_CE",merged
LOC_Os01g07120,LOC_Os11g14950,motif,merged
LOC_Os01g07120,LOC_Os01g25839,motif,merged
LOC_Os01g07120,LOC_Os09g30200,motif,merged
LOC_Os01g07120,LOC_Os08g24550,motif,merged
LOC_Os01g07120,LOC_Os01g27020,motif,merged
LOC_Os01g07120,LOC_Os06g07490,motif,merged
LOC_Os01g07120,LOC_Os12g36320,motif,merged
LOC_Os01g07120,LOC_Os02g22640,"motif, motif_CE",merged
LOC_Os01g07120,LOC_Os01g62210,"motif, motif_CE",merged
LOC_Os01g07120,LOC_Os12g18790,motif,merged
LOC_Os01g07120,LOC_Os11g12590,"FunTFBS, motif, motif_CE",merged
LOC_Os01g07120,LOC_Os09g09470,motif,merged
LOC_Os01g07120,LOC_Os05g47670,motif,merged
LOC_Os01g07120,LOC_Os02g49830,motif,merged
LOC_Os01g07120,LOC_Os05g32230,motif,merged
LOC_Os01g07120,LOC_Os02g09290,motif,merged
LOC_Os01g07120,LOC_Os01g11750,motif,merged
LOC_Os01g07120,LOC_Os02g07390,motif,merged
LOC_Os01g07120,LOC_Os05g29680,motif,merged
LOC_Os01g07120,LOC_Os11g22230,FunTFBS,FunTFBS
LOC_Os01g07120,LOC_Os06g24370,"motif, motif_CE",merged
LOC_Os01g07120,LOC_Os12g13100,"motif, motif_CE",merged
LOC_Os01g07120,LOC_Os04g53840,motif,merged
LOC_Os01g07120,LOC_Os11g08740,motif_CE,motif_CE
LOC_Os01g07120,LOC_Os10g02830,"FunTFBS, motif",merged
LOC_Os01g07120,LOC_Os04g21740,motif,merged
LOC_Os01g07120,LOC_Os08g34870,"motif, motif_CE",merged
LOC_Os01g07120,LOC_Os01g52390,motif_CE,motif_CE
LOC_Os01g07120,LOC_Os04g58450,FunTFBS,FunTFBS
LOC_Os01g07120,LOC_Os04g37830,motif,merged
LOC_Os01g07120,LOC_Os02g24920,motif,merged
LOC_Os01g07120,LOC_Os01g31124,FunTFBS,FunTFBS
LOC_Os01g07120,LOC_Os05g25930,motif_CE,motif_CE
LOC_Os01g07120,LOC_Os06g16620,motif,merged
LOC_Os01g07120,LOC_Os11g26370,motif,merged
LOC_Os01g07120,LOC_Os01g07640,motif,merged
LOC_Os01g07120,LOC_Os05g15650,motif,merged
LOC_Os01g07120,LOC_Os07g23630,motif,merged
LOC_Os01g07120,LOC_Os05g45940,motif,merged
LOC_Os01g07120,LOC_Os11g05562,motif,merged
LOC_Os01g07120,LOC_Os07g24540,motif,merged
LOC_Os01g07120,LOC_Os01g70470,"motif, motif_CE",merged
LOC_Os01g07120,LOC_Os02g36460,motif,merged
LOC_Os01g07120,LOC_Os07g09770,motif,merged
LOC_Os01g07120,LOC_Os11g06200,motif,merged
LOC_Os01g07120,LOC_Os04g24610,"motif, motif_CE",merged
LOC_Os01g07120,LOC_Os09g23180,motif,merged
LOC_Os01g07120,LOC_Os01g40050,"motif, motif_CE",merged
LOC_Os01g07120,LOC_Os01g73840,motif,merged
LOC_Os01g07120,LOC_Os01g10280,motif,merged
LOC_Os01g07120,LOC_Os02g40220,motif,merged
LOC_Os01g07120,LOC_Os04g20240,motif,merged
LOC_Os01g07120,LOC_Os03g01720,motif,merged
LOC_Os01g07120,LOC_Os08g08840,motif,merged
LOC_Os01g07120,LOC_Os02g02510,motif,merged
LOC_Os01g07120,LOC_Os01g71170,motif,merged
LOC_Os01g07120,LOC_Os06g49710,motif,merged
LOC_Os01g07120,LOC_Os09g12540,FunTFBS,FunTFBS
LOC_Os01g07120,LOC_Os07g35160,motif,merged
LOC_Os01g07120,LOC_Os02g53260,"FunTFBS, motif, motif_CE",merged
LOC_Os01g07120,LOC_Os12g10850,motif,merged
LOC_Os01g07120,LOC_Os12g04530,motif,merged
LOC_Os01g07120,LOC_Os12g38130,motif,merged
LOC_Os01g07120,LOC_Os05g38280,motif,merged
LOC_Os01g07120,LOC_Os06g44680,motif,merged
LOC_Os01g07120,LOC_Os12g02220,motif,merged
LOC_Os01g07120,LOC_Os08g23990,motif,merged
LOC_Os01g07120,LOC_Os07g14020,motif,merged
LOC_Os01g07120,LOC_Os12g12750,motif,merged
LOC_Os01g07120,LOC_Os04g44690,motif,merged
LOC_Os01g07120,LOC_Os06g11180,motif_CE,motif_CE
LOC_Os01g07120,LOC_Os04g32004,motif,merged
LOC_Os01g07120,LOC_Os12g04850,motif_CE,motif_CE
LOC_Os01g07120,LOC_Os11g37560,motif,merged
LOC_Os01g07120,LOC_Os02g45930,"motif, motif_CE",merged
LOC_Os01g07120,ChrUn.fgenesh.gene.6,motif,merged
LOC_Os01g07120,LOC_Os06g42020,motif,merged
LOC_Os01g07120,LOC_Os01g14900,motif,merged
LOC_Os01g07120,LOC_Os01g45630,motif,merged
LOC_Os01g07120,LOC_Os05g48920,motif,merged
LOC_Os01g07120,LOC_Os09g01020,motif,merged
LOC_Os01g07120,LOC_Os03g51040,"FunTFBS, motif, motif_CE",merged
LOC_Os01g07120,LOC_Os10g39770,motif,merged
LOC_Os01g07120,LOC_Os07g37960,motif,merged
LOC_Os01g07120,LOC_Os09g39820,motif,merged
LOC_Os01g07120,LOC_Os11g10540,motif,merged
LOC_Os01g07120,LOC_Os12g21580,motif,merged
LOC_Os01g07120,LOC_Os04g37940,motif,merged
LOC_Os01g07120,LOC_Os11g19030,motif,merged
LOC_Os01g07120,LOC_Os02g01970,motif_CE,motif_CE
LOC_Os01g07120,LOC_Os06g45390,motif_CE,motif_CE
LOC_Os01g07120,LOC_Os09g04450,motif,merged
LOC_Os01g07120,LOC_Os07g43910,motif,merged
LOC_Os01g07120,LOC_Os02g32430,motif,merged
LOC_Os01g07120,LOC_Os03g55880,"motif, motif_CE",merged
LOC_Os01g07120,LOC_Os01g47290,motif_CE,motif_CE
LOC_Os01g07120,LOC_Os11g35680,motif,merged
LOC_Os01g07120,LOC_Os02g01355,motif,merged
LOC_Os01g07120,LOC_Os04g55480,motif,merged
LOC_Os01g07120,LOC_Os02g56260,"motif, motif_CE",merged
LOC_Os01g07120,LOC_Os03g37020,motif,merged
LOC_Os01g07120,LOC_Os08g14970,motif,merged
LOC_Os01g07120,LOC_Os10g13870,"FunTFBS, motif",merged
LOC_Os01g07120,LOC_Os11g32870,"FunTFBS, motif, motif_CE",merged
LOC_Os01g07120,LOC_Os08g39480,"FunTFBS, motif, motif_CE",merged
LOC_Os01g07120,LOC_Os03g39370,motif_CE,motif_CE
LOC_Os01g07120,LOC_Os06g12590,motif,merged
LOC_Os01g07120,LOC_Os09g36230,motif_CE,motif_CE
LOC_Os01g07120,LOC_Os09g39160,motif,merged
LOC_Os01g07120,LOC_Os06g15370,motif,merged
LOC_Os01g07120,LOC_Os11g28390,motif,merged
LOC_Os01g07120,LOC_Os12g19549,motif,merged
LOC_Os01g07120,LOC_Os08g34130,motif,merged
LOC_Os01g07120,LOC_Os03g04740,motif,merged
LOC_Os01g07120,LOC_Os05g02490,motif,merged
LOC_Os01g07120,LOC_Os05g38680,"motif, motif_CE",merged
LOC_Os01g07120,LOC_Os02g19170,"motif, motif_CE",merged
LOC_Os01g07120,LOC_Os12g31560,motif_CE,motif_CE
LOC_Os01g07120,LOC_Os12g35230,motif,merged
LOC_Os01g07120,LOC_Os01g50960,motif,merged
LOC_Os01g07120,LOC_Os04g51220,motif,merged
LOC_Os01g07120,LOC_Os06g47834,motif_CE,motif_CE
LOC_Os01g07120,LOC_Os02g54720,"FunTFBS, motif",merged
LOC_Os01g07120,LOC_Os09g05080,motif,merged
LOC_Os01g07120,LOC_Os03g04030,motif,merged
LOC_Os01g07120,LOC_Os12g39590,motif,merged
LOC_Os01g07120,LOC_Os05g39880,motif,merged
LOC_Os01g07120,LOC_Os01g08360,motif,merged
LOC_Os01g07120,LOC_Os11g42050,motif,merged
LOC_Os01g07120,LOC_Os06g49200,motif,merged
LOC_Os01g07120,LOC_Os07g38630,FunTFBS,FunTFBS
LOC_Os01g07120,LOC_Os08g17640,motif,merged
LOC_Os01g07120,LOC_Os08g35970,motif,merged
LOC_Os01g07120,LOC_Os01g54890,motif_CE,motif_CE
LOC_Os01g07120,LOC_Os01g42470,motif_CE,motif_CE
LOC_Os01g07120,LOC_Os04g06244,motif,merged
LOC_Os01g07120,LOC_Os10g01810,motif,merged
LOC_Os01g07120,LOC_Os08g21869,motif,merged
LOC_Os01g07120,LOC_Os02g09359,"FunTFBS, motif",merged
LOC_Os01g07120,LOC_Os03g61710,motif,merged
LOC_Os01g07120,LOC_Os11g08740,"motif, motif_CE",merged
LOC_Os01g07120,LOC_Os01g32510,motif,merged
LOC_Os01g07120,LOC_Os08g14490,motif_CE,motif_CE
LOC_Os01g07120,LOC_Os01g60050,motif_CE,motif_CE
LOC_Os01g07120,LOC_Os02g02950,motif_CE,motif_CE
LOC_Os01g07120,LOC_Os03g46940,motif,merged
LOC_Os01g07120,LOC_Os03g15750,motif,merged
LOC_Os01g07120,LOC_Os06g35740,motif,merged
LOC_Os01g07120,LOC_Os11g08470,motif,merged
LOC_Os01g07120,LOC_Os03g56970,motif,merged
LOC_Os01g07120,LOC_Os05g49690,motif,merged
LOC_Os01g07120,LOC_Os11g18270,motif,merged
LOC_Os01g07120,LOC_Os12g37980,motif,merged
LOC_Os01g07120,LOC_Os05g25930,"motif, motif_CE",merged
LOC_Os01g07120,LOC_Os06g27480,motif,merged
LOC_Os01g07120,LOC_Os05g22390,motif,merged
LOC_Os01g07120,LOC_Os04g26890,motif_CE,motif_CE
LOC_Os01g07120,LOC_Os10g28380,motif,merged
LOC_Os01g07120,LOC_Os06g36210,FunTFBS,FunTFBS
LOC_Os01g07120,LOC_Os06g19350,motif,merged
LOC_Os01g07120,LOC_Os12g23170,motif,merged
LOC_Os01g07120,LOC_Os05g11190,motif,merged
LOC_Os01g07120,LOC_Os01g03380,FunTFBS,FunTFBS
LOC_Os01g07120,LOC_Os03g10700,motif,merged
LOC_Os01g07120,LOC_Os12g21810,FunTFBS,FunTFBS
LOC_Os01g07120,LOC_Os12g25030,motif,merged
LOC_Os01g07120,LOC_Os01g25940,motif,merged
LOC_Os01g07120,LOC_Os07g06315,motif_CE,motif_CE
LOC_Os01g07120,LOC_Os03g45800,FunTFBS,FunTFBS
LOC_Os01g07120,LOC_Os02g18310,motif,merged
LOC_Os01g07120,LOC_Os06g23775,motif,merged
LOC_Os01g07120,LOC_Os07g16350,motif,merged
LOC_Os01g07120,LOC_Os03g18070,motif,merged
LOC_Os01g07120,LOC_Os04g36660,motif,merged
LOC_Os01g07120,LOC_Os01g34900,FunTFBS,FunTFBS
LOC_Os01g07120,LOC_Os09g06740,"motif, motif_CE",merged
LOC_Os01g07120,LOC_Os01g65260,FunTFBS,FunTFBS
LOC_Os01g07120,LOC_Os11g29190,FunTFBS,FunTFBS
LOC_Os01g07120,LOC_Os03g12640,motif,merged
LOC_Os01g07120,LOC_Os11g03400,motif,merged
LOC_Os01g07120,LOC_Os04g08600,motif,merged
LOC_Os01g07120,LOC_Os03g18340,motif,merged
LOC_Os01g07120,LOC_Os01g09560,"motif, motif_CE",merged
LOC_Os01g07120,LOC_Os04g19570,motif,merged
LOC_Os01g07120,LOC_Os04g21290,motif,merged
LOC_Os01g07120,LOC_Os01g29690,"FunTFBS, motif, motif_CE",merged
LOC_Os01g07120,LOC_Os07g32440,motif,merged
LOC_Os01g07120,LOC_Os05g47970,motif,merged
LOC_Os01g07120,LOC_Os07g49430,"FunTFBS, motif",merged
LOC_Os01g07120,LOC_Os03g53320,motif,merged
LOC_Os01g07120,LOC_Os01g43500,motif,merged
LOC_Os01g07120,LOC_Os05g32440,motif_CE,motif_CE
LOC_Os01g07120,LOC_Os08g17610,motif,merged
LOC_Os01g07120,LOC_Os07g13190,motif,merged
LOC_Os01g07120,LOC_Os01g54300,motif_CE,motif_CE
LOC_Os01g07120,LOC_Os02g02750,motif_CE,motif_CE
LOC_Os01g07120,LOC_Os02g53950,motif_CE,motif_CE
LOC_Os01g07120,LOC_Os04g31540,motif,merged
LOC_Os01g07120,LOC_Os04g32570,motif,merged
LOC_Os01g07120,LOC_Os06g40850,motif,merged
LOC_Os01g07120,LOC_Os11g25290,"FunTFBS, motif, motif_CE",merged
LOC_Os01g07120,LOC_Os03g46640,motif,merged
LOC_Os01g07120,LOC_Os07g15240,motif,merged
LOC_Os01g07120,LOC_Os12g08390,"FunTFBS, motif",merged
LOC_Os01g07120,LOC_Os06g45390,"motif, motif_CE",merged
LOC_Os01g07120,LOC_Os02g06130,motif,merged
LOC_Os01g07120,LOC_Os01g11670,motif,merged
LOC_Os01g07120,LOC_Os01g33480,motif,merged
LOC_Os01g07120,LOC_Os03g03550,motif,merged
LOC_Os01g07120,LOC_Os01g10680,motif,merged
LOC_Os01g07120,LOC_Os01g47290,"motif, motif_CE",merged
LOC_Os01g07120,LOC_Os11g07710,motif,merged
LOC_Os01g07120,LOC_Os09g17040,motif,merged
LOC_Os01g07120,LOC_Os02g48920,motif,merged
LOC_Os01g07120,LOC_Os04g49000,motif,merged
LOC_Os01g07120,LOC_Os10g06910,motif,merged
LOC_Os01g07120,LOC_Os09g15560,motif,merged
LOC_Os01g07120,LOC_Os07g08680,motif,merged
LOC_Os01g07120,LOC_Os04g44780,"motif, motif_CE",merged
LOC_Os01g07120,LOC_Os01g27050,motif_CE,motif_CE
LOC_Os01g07120,LOC_Os02g49960,motif_CE,motif_CE
LOC_Os01g07120,LOC_Os01g55730,FunTFBS,FunTFBS
LOC_Os01g07120,LOC_Os08g06885,motif,merged
LOC_Os01g07120,LOC_Os06g02560,FunTFBS,FunTFBS
LOC_Os01g07120,LOC_Os06g07710,"FunTFBS, motif",merged
LOC_Os01g07120,LOC_Os02g35600,"motif, motif_CE",merged
LOC_Os01g07120,LOC_Os03g10590,motif_CE,motif_CE
LOC_Os01g07120,LOC_Os11g42370,motif_CE,motif_CE
LOC_Os01g07120,LOC_Os01g36130,motif,merged
LOC_Os01g07120,LOC_Os12g31560,"motif, motif_CE",merged
LOC_Os01g07120,LOC_Os06g36040,motif_CE,motif_CE
LOC_Os01g07120,LOC_Os06g42690,motif,merged
LOC_Os01g07120,LOC_Os10g27440,motif,merged
LOC_Os01g07120,LOC_Os06g11670,motif,merged
LOC_Os01g07120,LOC_Os05g06028,motif,merged
LOC_Os01g07120,LOC_Os01g08310,motif_CE,motif_CE
LOC_Os01g07120,LOC_Os06g10950,motif,merged
LOC_Os01g07120,LOC_Os03g20680,motif,merged
LOC_Os01g07120,LOC_Os12g07870,FunTFBS,FunTFBS
LOC_Os01g07120,LOC_Os10g41070,FunTFBS,FunTFBS
LOC_Os01g07120,LOC_Os12g05240,motif,merged
LOC_Os01g07120,LOC_Os01g02990,motif,merged
LOC_Os01g07120,LOC_Os01g59200,motif,merged
LOC_Os01g07120,LOC_Os08g35070,motif,merged
LOC_Os01g07120,LOC_Os03g40130,motif,merged
LOC_Os01g07120,LOC_Os06g10240,motif,merged
LOC_Os01g07120,LOC_Os01g73790,"FunTFBS, motif, motif_CE",merged
LOC_Os01g07120,LOC_Os05g23520,motif,merged
LOC_Os01g07120,LOC_Os05g37820,motif,merged
LOC_Os01g07120,LOC_Os11g08260,motif,merged
LOC_Os01g07120,LOC_Os02g48660,"motif, motif_CE",merged
LOC_Os01g07120,LOC_Os09g08690,motif_CE,motif_CE
LOC_Os01g07120,LOC_Os11g19340,motif,merged
LOC_Os01g07120,LOC_Os10g29100,motif,merged
LOC_Os01g07120,LOC_Os03g15110,motif,merged
LOC_Os01g07120,LOC_Os06g09040,motif,merged
LOC_Os01g07120,LOC_Os06g42580,motif,merged
LOC_Os01g07120,LOC_Os03g50350,motif,merged
LOC_Os01g07120,LOC_Os10g30130,motif,merged
LOC_Os01g07120,LOC_Os07g44700,motif_CE,motif_CE
LOC_Os01g07120,LOC_Os10g22930,motif,merged
LOC_Os01g07120,LOC_Os02g39330,motif_CE,motif_CE
LOC_Os01g07120,LOC_Os02g10930,motif_CE,motif_CE
LOC_Os01g07120,LOC_Os01g70360,motif,merged
LOC_Os01g07120,LOC_Os04g52140,motif,merged
LOC_Os01g07120,LOC_Os11g44520,motif,merged
LOC_Os01g07120,LOC_Os12g42230,motif,merged
LOC_Os01g07120,LOC_Os02g33390,motif,merged
LOC_Os01g07120,LOC_Os06g40770,motif,merged
LOC_Os01g07120,LOC_Os09g09220,motif,merged
LOC_Os01g07120,LOC_Os12g39520,motif,merged
LOC_Os01g07120,LOC_Os02g30624,motif,merged
LOC_Os01g07120,LOC_Os02g52380,motif_CE,motif_CE
LOC_Os01g07120,LOC_Os03g06340,"motif, motif_CE",merged
LOC_Os01g07120,LOC_Os02g57640,motif,merged
LOC_Os01g07120,LOC_Os01g72980,"FunTFBS, motif, motif_CE",merged
LOC_Os01g07120,LOC_Os03g10120,motif_CE,motif_CE
LOC_Os01g07120,LOC_Os06g04820,motif,merged
LOC_Os01g07120,LOC_Os08g39060,"FunTFBS, motif, motif_CE",merged
LOC_Os01g07120,LOC_Os03g50760,motif,merged
LOC_Os01g07120,LOC_Os11g16280,motif,merged
LOC_Os01g07120,LOC_Os11g34305,motif,merged
LOC_Os01g07120,LOC_Os01g40690,"FunTFBS, motif",merged
LOC_Os01g07120,LOC_Os10g08840,motif,merged
LOC_Os01g07120,LOC_Os10g14270,motif,merged
LOC_Os01g07120,LOC_Os01g11580,motif,merged
LOC_Os01g07120,LOC_Os11g35090,motif,merged
LOC_Os01g07120,LOC_Os07g23130,motif,merged
LOC_Os01g07120,LOC_Os02g17220,motif,merged
LOC_Os01g07120,LOC_Os01g60140,motif,merged
LOC_Os01g07120,LOC_Os07g47680,motif,merged
LOC_Os01g07120,LOC_Os10g18610,motif,merged
LOC_Os01g07120,LOC_Os09g32190,motif_CE,motif_CE
LOC_Os01g07120,LOC_Os12g42870,motif,merged
LOC_Os01g07120,LOC_Os11g27600,motif,merged
LOC_Os01g07120,LOC_Os05g25250,motif,merged
LOC_Os01g07120,LOC_Os06g11450,motif,merged
LOC_Os01g07120,LOC_Os08g40030,"motif, motif_CE",merged
LOC_Os01g07120,LOC_Os05g39580,motif,merged
LOC_Os01g07120,LOC_Os01g64800,motif,merged
LOC_Os01g07120,LOC_Os12g01940,motif_CE,motif_CE
LOC_Os01g07120,LOC_Os12g37490,motif_CE,motif_CE
LOC_Os01g07120,LOC_Os05g49980,motif,merged
LOC_Os01g07120,LOC_Os11g21910,motif,merged
LOC_Os01g07120,LOC_Os01g32460,motif,merged
LOC_Os01g07120,LOC_Os04g10460,motif,merged
LOC_Os01g07120,LOC_Os09g24500,motif,merged
LOC_Os01g07120,LOC_Os05g48520,motif,merged
LOC_Os01g07120,LOC_Os10g37840,motif,merged
LOC_Os01g07120,LOC_Os01g49290,"motif, motif_CE",merged
LOC_Os01g07120,LOC_Os07g08970,motif_CE,motif_CE
LOC_Os01g07120,LOC_Os03g13530,motif,merged
LOC_Os01g07120,LOC_Os12g29750,motif,merged
LOC_Os01g07120,LOC_Os12g32730,motif,merged
LOC_Os01g07120,LOC_Os06g08640,motif_CE,motif_CE
LOC_Os01g07120,LOC_Os07g25600,motif,merged
LOC_Os01g07120,LOC_Os01g34060,motif,merged
LOC_Os01g07120,LOC_Os03g08624,motif,merged
LOC_Os01g07120,LOC_Os04g53830,"FunTFBS, motif",merged
LOC_Os01g07120,LOC_Os04g48440,motif,merged
LOC_Os01g07120,LOC_Os06g09570,motif,merged
LOC_Os01g07120,LOC_Os12g39770,motif,merged
LOC_Os01g07120,LOC_Os11g28210,FunTFBS,FunTFBS
LOC_Os01g07120,LOC_Os03g08670,motif,merged
LOC_Os01g07120,LOC_Os01g36720,FunTFBS,FunTFBS
LOC_Os01g07120,LOC_Os03g09230,motif,merged
LOC_Os01g07120,LOC_Os09g03850,"FunTFBS, motif",merged
LOC_Os01g07120,LOC_Os10g29380,motif,merged
LOC_Os01g07120,LOC_Os01g22440,motif,merged
LOC_Os01g07120,LOC_Os03g22310,motif,merged
LOC_Os01g07120,LOC_Os07g27390,motif,merged
LOC_Os01g07120,LOC_Os03g18960,"motif, motif_CE",merged
LOC_Os01g07120,LOC_Os08g20420,motif,merged
LOC_Os01g07120,LOC_Os01g52080,motif,merged
LOC_Os01g07120,LOC_Os02g34210,"FunTFBS, motif",merged
LOC_Os01g07120,LOC_Os02g47930,FunTFBS,FunTFBS
LOC_Os01g07120,LOC_Os02g15310,motif,merged
LOC_Os01g07120,LOC_Os08g28490,motif,merged
LOC_Os01g07120,LOC_Os12g12060,motif,merged
LOC_Os01g07120,LOC_Os11g42370,"motif, motif_CE",merged
LOC_Os01g07120,LOC_Os02g27010,motif,merged
LOC_Os01g07120,LOC_Os12g24130,motif,merged
LOC_Os01g07120,LOC_Os02g11650,motif,merged
LOC_Os01g07120,LOC_Os06g24460,"FunTFBS, motif",merged
LOC_Os01g07120,LOC_Os04g38980,FunTFBS,FunTFBS
LOC_Os01g07120,LOC_Os03g41640,motif,merged
LOC_Os01g07120,LOC_Os05g43374,"FunTFBS, motif, motif_CE",merged
LOC_Os01g07120,LOC_Os12g35020,motif,merged
LOC_Os01g07120,LOC_Os12g21750,motif,merged
LOC_Os01g07120,LOC_Os02g32300,motif,merged
LOC_Os01g07120,LOC_Os03g02980,FunTFBS,FunTFBS
LOC_Os01g07120,LOC_Os07g38100,"motif, motif_CE",merged
LOC_Os01g07120,LOC_Os01g21980,motif,merged
LOC_Os01g07120,LOC_Os04g24290,motif,merged
LOC_Os01g07120,LOC_Os05g13680,motif_CE,motif_CE
LOC_Os01g07120,LOC_Os03g06160,FunTFBS,FunTFBS
LOC_Os01g07120,LOC_Os01g56140,motif_CE,motif_CE
LOC_Os01g07120,LOC_Os11g15200,motif,merged
LOC_Os01g07120,LOC_Os05g36230,motif,merged
LOC_Os01g07120,LOC_Os01g53230,motif,merged
LOC_Os01g07120,LOC_Os12g36170,motif_CE,motif_CE
LOC_Os01g07120,LOC_Os02g12700,motif,merged
LOC_Os01g07120,LOC_Os07g36340,motif,merged
LOC_Os01g07120,LOC_Os10g30960,FunTFBS,FunTFBS
LOC_Os01g07120,LOC_Os12g30150,motif,merged
LOC_Os01g07120,LOC_Os08g03780,motif,merged
LOC_Os01g07120,LOC_Os02g50770,motif,merged
LOC_Os01g07120,LOC_Os12g25350,FunTFBS,FunTFBS
LOC_Os01g07120,LOC_Os01g56870,motif_CE,motif_CE
LOC_Os01g07120,LOC_Os04g17064,motif_CE,motif_CE
LOC_Os01g07120,LOC_Os03g08660,motif,merged
LOC_Os01g07120,LOC_Os04g29060,FunTFBS,FunTFBS
LOC_Os01g07120,LOC_Os07g08340,motif,merged
LOC_Os01g07120,LOC_Os03g25304,motif,merged
LOC_Os01g07120,LOC_Os09g25440,motif,merged
LOC_Os01g07120,LOC_Os12g36250,motif,merged
LOC_Os01g07120,LOC_Os06g06610,motif,merged
LOC_Os01g07120,LOC_Os01g58700,motif,merged
LOC_Os01g07120,LOC_Os10g38970,motif,merged
LOC_Os01g07120,LOC_Os01g26070,motif_CE,motif_CE
LOC_Os01g07120,LOC_Os03g52630,motif_CE,motif_CE
LOC_Os01g07120,LOC_Os05g50530,motif,merged
LOC_Os01g07120,LOC_Os07g01170,motif,merged
LOC_Os01g07120,LOC_Os09g30466,motif,merged
LOC_Os01g07120,LOC_Os07g25130,motif,merged
LOC_Os01g07120,LOC_Os06g20390,motif,merged
LOC_Os01g07120,LOC_Os03g45744,motif,merged
LOC_Os01g07120,LOC_Os01g25700,motif,merged
LOC_Os01g07120,LOC_Os11g39550,motif,merged
LOC_Os01g07120,LOC_Os06g40360,FunTFBS,FunTFBS
LOC_Os01g07120,LOC_Os03g18220,"FunTFBS, motif",merged
LOC_Os01g07120,LOC_Os12g28840,motif,merged
LOC_Os01g07120,LOC_Os01g21110,motif,merged
LOC_Os01g07120,LOC_Os02g40040,motif_CE,motif_CE
LOC_Os01g07120,LOC_Os03g12390,motif_CE,motif_CE
LOC_Os01g07120,LOC_Os07g42160,motif,merged
LOC_Os01g07120,LOC_Os03g62160,"motif, motif_CE",merged
LOC_Os01g07120,LOC_Os01g64790,motif,merged
LOC_Os01g07120,LOC_Os02g50470,motif,merged
LOC_Os01g07120,LOC_Os07g36520,motif,merged
LOC_Os01g07120,LOC_Os10g10080,motif,merged
LOC_Os01g07120,LOC_Os11g46850,motif,merged
LOC_Os01g07120,LOC_Os02g46320,"motif, motif_CE",merged
LOC_Os01g07120,LOC_Os03g19620,motif,merged
LOC_Os01g07120,LOC_Os04g30430,"FunTFBS, motif",merged
LOC_Os01g07120,LOC_Os03g39310,motif,merged
LOC_Os01g07120,LOC_Os11g03140,motif,merged
LOC_Os01g07120,LOC_Os07g30800,"motif, motif_CE",merged
LOC_Os01g07120,LOC_Os11g16760,motif,merged
LOC_Os01g07120,LOC_Os04g51990,motif,merged
LOC_Os01g07120,LOC_Os04g46310,motif,merged
LOC_Os01g07120,LOC_Os02g21580,"FunTFBS, motif, motif_CE",merged
LOC_Os01g07120,LOC_Os05g34530,"FunTFBS, motif",merged
LOC_Os01g07120,LOC_Os10g27180,FunTFBS,FunTFBS
LOC_Os01g07120,LOC_Os03g09950,motif,merged
LOC_Os01g07120,LOC_Os04g26180,motif,merged
LOC_Os01g07120,LOC_Os03g58480,motif,merged
LOC_Os01g07120,LOC_Os06g23770,"FunTFBS, motif",merged
LOC_Os01g07120,LOC_Os05g32440,"motif, motif_CE",merged
LOC_Os01g07120,LOC_Os08g31180,"FunTFBS, motif, motif_CE",merged
LOC_Os01g07120,LOC_Os01g53440,motif_CE,motif_CE
LOC_Os01g07120,LOC_Os05g31480,motif_CE,motif_CE
LOC_Os01g07120,LOC_Os02g02750,"motif, motif_CE",merged
LOC_Os01g07120,LOC_Os05g31080,motif,merged
LOC_Os01g07120,LOC_Os09g07850,motif,merged
LOC_Os01g07120,LOC_Os07g39530,FunTFBS,FunTFBS
LOC_Os01g07120,LOC_Os06g08640,"motif, motif_CE",merged
LOC_Os01g07120,LOC_Os06g50290,motif,merged
LOC_Os01g07120,LOC_Os02g05244,motif,merged
LOC_Os01g07120,LOC_Os02g40420,"motif, motif_CE",merged
LOC_Os01g07120,LOC_Os10g09800,motif,merged
LOC_Os01g07120,LOC_Os05g29090,motif,merged
LOC_Os01g07120,LOC_Os02g18160,motif,merged
LOC_Os01g07120,LOC_Os08g19270,motif,merged
LOC_Os01g07120,LOC_Os08g43450,"motif, motif_CE",merged
LOC_Os01g07120,LOC_Os04g47700,"motif, motif_CE",merged
LOC_Os01g07120,LOC_Os08g03450,"motif, motif_CE",merged
LOC_Os01g07120,LOC_Os08g12140,"motif, motif_CE",merged
LOC_Os01g07120,LOC_Os08g09050,motif,merged
LOC_Os01g07120,LOC_Os07g40320,motif,merged
LOC_Os01g07120,LOC_Os04g58880,motif,merged
LOC_Os01g07120,LOC_Os01g03960,motif,merged
LOC_Os01g07120,LOC_Os11g41130,motif,merged
LOC_Os01g07120,LOC_Os06g10280,motif,merged
LOC_Os01g07120,LOC_Os05g45220,motif,merged
LOC_Os01g07120,LOC_Os03g44800,motif,merged
LOC_Os01g07120,LOC_Os01g68310,motif,merged
LOC_Os01g07120,LOC_Os03g10430,motif,merged
LOC_Os01g07120,LOC_Os01g29210,motif,merged
LOC_Os01g07120,LOC_Os01g11500,motif,merged
LOC_Os01g07120,LOC_Os11g45420,motif,merged
LOC_Os01g07120,LOC_Os01g59930,FunTFBS,FunTFBS
LOC_Os01g07120,LOC_Os03g41339,motif,merged
LOC_Os01g07120,LOC_Os01g29550,motif,merged
LOC_Os01g07120,LOC_Os07g07290,motif,merged
LOC_Os01g07120,LOC_Os10g34884,motif_CE,motif_CE
LOC_Os01g07120,LOC_Os03g11130,"FunTFBS, motif, motif_CE",merged
LOC_Os01g07120,LOC_Os05g49760,motif_CE,motif_CE
LOC_Os01g07120,LOC_Os05g31290,"motif, motif_CE",merged
LOC_Os01g07120,LOC_Os04g40750,motif_CE,motif_CE
LOC_Os01g07120,LOC_Os10g25260,motif_CE,motif_CE
LOC_Os01g07120,LOC_Os03g36750,motif,merged
LOC_Os01g07120,LOC_Os08g41790,motif,merged
LOC_Os01g07120,LOC_Os02g15360,FunTFBS,FunTFBS
LOC_Os01g07120,LOC_Os03g52980,motif,merged
LOC_Os01g07120,LOC_Os06g13860,motif_CE,motif_CE
LOC_Os01g07120,LOC_Os03g24300,"FunTFBS, motif, motif_CE",merged
LOC_Os01g07120,LOC_Os11g11140,motif,merged
LOC_Os01g07120,LOC_Os03g24170,FunTFBS,FunTFBS
LOC_Os01g07120,LOC_Os01g52020,motif,merged
LOC_Os01g07120,LOC_Os06g36040,"motif, motif_CE",merged
LOC_Os01g07120,LOC_Os11g47452,motif,merged
LOC_Os01g07120,LOC_Os11g10490,motif,merged
LOC_Os01g07120,LOC_Os10g39520,motif_CE,motif_CE
LOC_Os01g07120,LOC_Os01g23239,motif,merged
LOC_Os01g07120,LOC_Os11g40450,motif,merged
LOC_Os01g07120,LOC_Os07g04120,motif,merged
LOC_Os01g07120,LOC_Os10g10270,motif,merged
LOC_Os01g07120,LOC_Os07g10720,FunTFBS,FunTFBS
LOC_Os01g07120,LOC_Os01g62130,motif,merged
LOC_Os01g07120,LOC_Os12g43300,FunTFBS,FunTFBS
LOC_Os01g07120,LOC_Os03g43880,motif,merged
LOC_Os01g07120,LOC_Os03g44210,motif,merged
LOC_Os01g07120,LOC_Os05g43640,motif,merged
LOC_Os01g07120,LOC_Os02g36310,motif,merged
LOC_Os01g07120,LOC_Os05g35370,motif,merged
LOC_Os01g07120,LOC_Os04g29780,motif,merged
LOC_Os01g07120,LOC_Os02g07630,"motif, motif_CE",merged
LOC_Os01g07120,LOC_Os01g56870,"motif, motif_CE",merged
LOC_Os01g07120,LOC_Os04g17064,"motif, motif_CE",merged
LOC_Os01g07120,LOC_Os01g56070,motif,merged
LOC_Os01g07120,LOC_Os03g33450,motif,merged
LOC_Os01g07120,LOC_Os05g09000,motif,merged
LOC_Os01g07120,LOC_Os01g68400,motif,merged
LOC_Os01g07120,LOC_Os03g50260,motif,merged
LOC_Os01g07120,LOC_Os03g04560,motif_CE,motif_CE
LOC_Os01g07120,LOC_Os07g06060,motif,merged
LOC_Os01g07120,LOC_Os03g39300,motif,merged
LOC_Os01g07120,LOC_Os05g01430,motif,merged
LOC_Os01g07120,LOC_Os05g46930,motif,merged
LOC_Os01g07120,LOC_Os11g36570,"FunTFBS, motif",merged
LOC_Os01g07120,LOC_Os01g13820,motif,merged
LOC_Os01g07120,LOC_Os09g21270,motif,merged
LOC_Os01g07120,LOC_Os04g46290,motif,merged
LOC_Os01g07120,LOC_Os01g58550,"FunTFBS, motif, motif_CE",merged
LOC_Os01g07120,LOC_Os10g04640,motif,merged
LOC_Os01g07120,LOC_Os02g40040,"motif, motif_CE",merged
LOC_Os01g07120,LOC_Os06g47140,motif_CE,motif_CE
LOC_Os01g07120,LOC_Os06g04670,motif,merged
LOC_Os01g07120,LOC_Os02g52380,"motif, motif_CE",merged
LOC_Os01g07120,LOC_Os03g12390,"motif, motif_CE",merged
LOC_Os01g07120,LOC_Os08g44280,motif,merged
LOC_Os01g07120,LOC_Os03g10120,"motif, motif_CE",merged
LOC_Os01g07120,LOC_Os03g38240,motif,merged
LOC_Os01g07120,LOC_Os08g38950,motif,merged
LOC_Os01g07120,LOC_Os02g40490,motif,merged
LOC_Os01g07120,LOC_Os02g57590,motif,merged
LOC_Os01g07120,LOC_Os04g22330,"FunTFBS, motif",merged
LOC_Os01g07120,LOC_Os12g13320,motif,merged
LOC_Os01g07120,LOC_Os02g02570,motif_CE,motif_CE
LOC_Os01g07120,LOC_Os05g34550,motif,merged
LOC_Os01g07120,LOC_Os02g32210,motif,merged
LOC_Os01g07120,LOC_Os07g18810,motif,merged
LOC_Os01g07120,LOC_Os12g11950,motif,merged
LOC_Os01g07120,LOC_Os09g32190,"motif, motif_CE",merged
LOC_Os01g07120,LOC_Os07g47790,motif_CE,motif_CE
LOC_Os01g07120,LOC_Os03g62760,motif,merged
LOC_Os01g07120,LOC_Os07g13460,"motif, motif_CE",merged
LOC_Os01g07120,LOC_Os07g36930,motif,merged
LOC_Os01g07120,LOC_Os12g04130,"motif, motif_CE",merged
LOC_Os01g07120,LOC_Os07g02960,motif_CE,motif_CE
LOC_Os01g07120,LOC_Os06g17110,"motif, motif_CE",merged
LOC_Os01g07120,LOC_Os09g06810,motif,merged
LOC_Os01g07120,LOC_Os01g72660,"FunTFBS, motif",merged
LOC_Os01g07120,LOC_Os12g05370,motif_CE,motif_CE
LOC_Os01g07120,LOC_Os05g35290,motif,merged
LOC_Os01g07120,LOC_Os03g31240,motif_CE,motif_CE
LOC_Os01g07120,LOC_Os08g41530,motif,merged
LOC_Os01g07120,LOC_Os06g02690,motif,merged
LOC_Os01g07120,LOC_Os02g06584,motif,merged
LOC_Os01g07120,LOC_Os06g51270,motif,merged
LOC_Os01g07120,LOC_Os07g04540,motif,merged
LOC_Os01g07120,LOC_Os04g17700,"motif, motif_CE",merged
LOC_Os01g07120,LOC_Os02g09480,motif,merged
LOC_Os01g07120,LOC_Os07g08970,"motif, motif_CE",merged
LOC_Os01g07120,LOC_Os04g54890,motif,merged
LOC_Os01g07120,LOC_Os06g12220,motif,merged
LOC_Os01g07120,LOC_Os04g41300,motif_CE,motif_CE
LOC_Os01g07120,LOC_Os09g01950,motif,merged
LOC_Os01g07120,LOC_Os05g02560,"FunTFBS, motif",merged
LOC_Os01g07120,LOC_Os06g13670,motif,merged
LOC_Os01g07120,LOC_Os08g30460,motif,merged
LOC_Os01g07120,LOC_Os01g36840,motif_CE,motif_CE
LOC_Os01g07120,LOC_Os04g26930,motif,merged
LOC_Os01g07120,LOC_Os05g16470,motif,merged
LOC_Os01g07120,LOC_Os06g50780,"FunTFBS, motif",merged
LOC_Os01g07120,LOC_Os03g14840,motif_CE,motif_CE
LOC_Os01g07120,LOC_Os06g01640,motif,merged
LOC_Os01g07120,LOC_Os08g40570,motif,merged
LOC_Os01g07120,LOC_Os02g15550,motif,merged
LOC_Os01g07120,LOC_Os07g38300,motif,merged
LOC_Os01g07120,LOC_Os02g25920,motif,merged
LOC_Os01g07120,LOC_Os12g40880,motif,merged
LOC_Os01g07120,LOC_Os08g37940,motif_CE,motif_CE
LOC_Os01g07120,LOC_Os12g31430,motif,merged
LOC_Os01g07120,LOC_Os01g64080,motif,merged
LOC_Os01g07120,LOC_Os01g47690,motif,merged
LOC_Os01g07120,LOC_Os02g41980,"FunTFBS, motif, motif_CE",merged
LOC_Os01g07120,LOC_Os04g40750,"motif, motif_CE",merged
LOC_Os01g07120,LOC_Os01g18320,motif,merged
LOC_Os01g07120,LOC_Os03g19690,"motif, motif_CE",merged
LOC_Os01g07120,LOC_Os07g17770,motif,merged
LOC_Os01g07120,LOC_Os04g16620,motif,merged
LOC_Os01g07120,LOC_Os09g28930,motif,merged
LOC_Os01g07120,LOC_Os05g13800,motif,merged
LOC_Os01g07120,LOC_Os09g02120,motif,merged
LOC_Os01g07120,LOC_Os03g53780,motif_CE,motif_CE
LOC_Os01g07120,LOC_Os07g48330,FunTFBS,FunTFBS
LOC_Os01g07120,LOC_Os06g07570,motif,merged
LOC_Os01g07120,LOC_Os09g26740,FunTFBS,FunTFBS
LOC_Os01g07120,LOC_Os01g35950,motif,merged
LOC_Os01g07120,LOC_Os02g37220,motif,merged
LOC_Os01g07120,LOC_Os09g35960,motif_CE,motif_CE
LOC_Os01g07120,LOC_Os06g25240,motif,merged
LOC_Os01g07120,LOC_Os01g51590,motif,merged
LOC_Os01g07120,LOC_Os04g54800,motif,merged
LOC_Os01g07120,LOC_Os03g27040,motif,merged
LOC_Os01g07120,LOC_Os11g13990,motif,merged
LOC_Os01g07120,LOC_Os01g56140,"motif, motif_CE",merged
LOC_Os01g07120,LOC_Os01g55590,motif_CE,motif_CE
LOC_Os01g07120,LOC_Os02g38140,"FunTFBS, motif",merged
LOC_Os01g07120,LOC_Os02g54580,motif_CE,motif_CE
LOC_Os01g07120,LOC_Os09g34950,motif,merged
LOC_Os01g07120,LOC_Os08g31360,motif,merged
LOC_Os01g07120,LOC_Os01g34190,motif,merged
LOC_Os01g07120,LOC_Os11g02640,"motif, motif_CE",merged
LOC_Os01g07120,LOC_Os12g16140,motif,merged
LOC_Os01g07120,LOC_Os01g61370,"motif, motif_CE",merged
LOC_Os01g07120,LOC_Os06g17580,motif,merged
LOC_Os01g07120,LOC_Os05g28970,motif,merged
LOC_Os01g07120,LOC_Os01g33540,motif,merged
LOC_Os01g07120,LOC_Os01g08960,motif_CE,motif_CE
LOC_Os01g07120,LOC_Os01g13640,motif,merged
LOC_Os01g07120,LOC_Os11g08440,motif,merged
LOC_Os01g07120,LOC_Os07g18340,motif,merged
LOC_Os01g07120,LOC_Os01g49010,motif_CE,motif_CE
LOC_Os01g07120,LOC_Os10g31240,motif,merged
LOC_Os01g07120,LOC_Os01g10710,motif,merged
LOC_Os01g07120,LOC_Os07g39080,motif,merged
LOC_Os01g07120,LOC_Os02g26580,motif,merged
LOC_Os01g07120,LOC_Os12g01574,"FunTFBS, motif",merged
LOC_Os01g07120,LOC_Os01g26070,"motif, motif_CE",merged
LOC_Os01g07120,LOC_Os12g15540,motif,merged
LOC_Os01g07120,LOC_Os03g52630,"motif, motif_CE",merged
LOC_Os01g07120,LOC_Os09g06330,motif,merged
LOC_Os01g07120,LOC_Os04g59560,motif,merged
LOC_Os01g07120,LOC_Os01g14880,motif,merged
LOC_Os01g07120,LOC_Os03g28250,motif,merged
LOC_Os01g07120,LOC_Os05g40560,motif,merged
LOC_Os01g07120,LOC_Os11g35940,motif,merged
LOC_Os01g07120,LOC_Os07g06199,FunTFBS,FunTFBS
LOC_Os01g07120,LOC_Os01g66570,motif,merged
LOC_Os01g07120,LOC_Os12g27060,"FunTFBS, motif, motif_CE",merged
LOC_Os01g07120,LOC_Os02g02850,FunTFBS,FunTFBS
LOC_Os01g07120,LOC_Os04g43050,motif,merged
LOC_Os01g07120,LOC_Os08g25480,motif,merged
LOC_Os01g07120,LOC_Os05g41960,motif,merged
LOC_Os01g07120,LOC_Os03g31210,"motif, motif_CE",merged
LOC_Os01g07120,LOC_Os07g18210,motif,merged
LOC_Os01g07120,LOC_Os09g38750,motif_CE,motif_CE
LOC_Os01g07120,LOC_Os04g29380,"FunTFBS, motif",merged
LOC_Os01g07120,LOC_Os12g15180,motif,merged
LOC_Os01g07120,LOC_Os10g35980,motif,merged
LOC_Os01g07120,LOC_Os02g57020,motif_CE,motif_CE
LOC_Os01g07120,LOC_Os05g41710,"FunTFBS, motif",merged
LOC_Os01g07120,LOC_Os09g25150,motif,merged
LOC_Os01g07120,LOC_Os06g04290,motif,merged
LOC_Os01g07120,LOC_Os12g22270,motif,merged
LOC_Os01g07120,LOC_Os07g30950,motif,merged
LOC_Os01g07120,LOC_Os01g61010,"motif, motif_CE",merged
LOC_Os01g07120,LOC_Os06g39470,motif_CE,motif_CE
LOC_Os01g07120,LOC_Os11g31900,motif,merged
LOC_Os01g07120,LOC_Os01g47080,motif,merged
LOC_Os01g07120,LOC_Os11g40360,motif,merged
LOC_Os01g07120,LOC_Os09g20360,motif,merged
LOC_Os01g07120,LOC_Os06g21330,motif,merged
LOC_Os01g07120,LOC_Os12g32530,motif,merged
LOC_Os01g07120,LOC_Os05g32940,motif,merged
LOC_Os01g07120,LOC_Os06g01130,motif,merged
LOC_Os01g07120,LOC_Os11g05450,motif,merged
LOC_Os01g07120,LOC_Os12g18300,motif,merged
LOC_Os01g07120,LOC_Os10g25349,motif,merged
LOC_Os01g07120,LOC_Os02g16600,"motif, motif_CE",merged
LOC_Os01g07120,LOC_Os05g09708,motif,merged
LOC_Os01g07120,LOC_Os12g02070,motif_CE,motif_CE
LOC_Os01g07120,LOC_Os01g43390,"motif, motif_CE",merged
LOC_Os01g07120,LOC_Os10g02480,motif,merged
LOC_Os01g07120,LOC_Os02g08060,"FunTFBS, motif",merged
LOC_Os01g07120,LOC_Os05g14810,"FunTFBS, motif",merged
LOC_Os01g07120,LOC_Os11g39390,motif,merged
LOC_Os01g07120,LOC_Os08g36410,"motif, motif_CE",merged
LOC_Os01g07120,LOC_Os01g16470,"motif, motif_CE",merged
LOC_Os01g07120,LOC_Os04g41300,"motif, motif_CE",merged
LOC_Os01g07120,LOC_Os02g38650,motif,merged
LOC_Os01g07120,LOC_Os05g39210,motif,merged
LOC_Os01g07120,LOC_Os02g05720,motif,merged
LOC_Os01g07120,LOC_Os01g39170,motif,merged
LOC_Os01g07120,LOC_Os02g14929,motif_CE,motif_CE
LOC_Os01g07120,LOC_Os12g35920,motif,merged
LOC_Os01g07120,LOC_Os10g25590,motif,merged
LOC_Os01g07120,LOC_Os10g08950,motif,merged
LOC_Os01g07120,LOC_Os01g37950,motif,merged
LOC_Os01g07120,LOC_Os02g01740,"FunTFBS, motif",merged
LOC_Os01g07120,LOC_Os12g32630,motif,merged
LOC_Os01g07120,LOC_Os03g64350,motif_CE,motif_CE
LOC_Os01g07120,LOC_Os01g42020,motif,merged
LOC_Os01g07120,LOC_Os03g32580,"FunTFBS, motif",merged
LOC_Os01g07120,LOC_Os05g07610,motif,merged
LOC_Os01g07120,LOC_Os03g60760,motif_CE,motif_CE
LOC_Os01g07120,LOC_Os02g33460,"motif, motif_CE",merged
LOC_Os01g07120,LOC_Os05g48670,"FunTFBS, motif, motif_CE",merged
LOC_Os01g07120,LOC_Os05g04030,motif,merged
LOC_Os01g07120,LOC_Os07g40140,motif,merged
LOC_Os01g07120,LOC_Os02g21310,motif,merged
LOC_Os01g07120,LOC_Os01g51820,motif,merged
LOC_Os01g07120,LOC_Os07g43830,motif,merged
LOC_Os01g07120,LOC_Os11g24870,motif,merged
LOC_Os01g07120,LOC_Os10g29210,motif,merged
LOC_Os01g07120,LOC_Os09g35960,"motif, motif_CE",merged
LOC_Os01g07120,LOC_Os09g39090,motif,merged
LOC_Os01g07120,LOC_Os08g10730,motif,merged
LOC_Os01g07120,LOC_Os01g11470,motif,merged
LOC_Os01g07120,LOC_Os03g01450,motif,merged
LOC_Os01g07120,LOC_Os05g02230,"FunTFBS, motif",merged
LOC_Os01g07120,LOC_Os02g16300,motif,merged
LOC_Os01g07120,LOC_Os03g36640,motif,merged
LOC_Os01g07120,LOC_Os01g22480,motif,merged
LOC_Os01g07120,LOC_Os03g39720,motif,merged
LOC_Os01g07120,LOC_Os02g54580,"motif, motif_CE",merged
LOC_Os01g07120,LOC_Os07g43610,motif,merged
LOC_Os01g07120,LOC_Os02g39380,motif,merged
LOC_Os01g07120,LOC_Os02g20490,motif,merged
LOC_Os01g07120,LOC_Os05g15400,FunTFBS,FunTFBS
LOC_Os01g07120,LOC_Os06g40740,motif_CE,motif_CE
LOC_Os01g07120,LOC_Os03g36310,FunTFBS,FunTFBS
LOC_Os01g07120,LOC_Os08g10250,motif,merged
LOC_Os01g07120,LOC_Os04g28010,motif,merged
LOC_Os01g07120,LOC_Os02g25230,motif_CE,motif_CE
LOC_Os01g07120,LOC_Os01g71620,motif,merged
LOC_Os01g07120,LOC_Os07g35190,motif,merged
LOC_Os01g07120,LOC_Os01g49010,"motif, motif_CE",merged
LOC_Os01g07120,LOC_Os09g01720,motif,merged
LOC_Os01g07120,LOC_Os11g43820,motif,merged
LOC_Os01g07120,LOC_Os11g20554,motif,merged
LOC_Os01g07120,LOC_Os03g17380,motif,merged
LOC_Os01g07120,LOC_Os02g20980,motif,merged
LOC_Os01g07120,LOC_Os02g05790,motif,merged
LOC_Os01g07120,LOC_Os03g25190,"motif, motif_CE",merged
LOC_Os01g07120,LOC_Os10g26240,motif,merged
LOC_Os01g07120,LOC_Os06g43090,motif,merged
LOC_Os01g07120,LOC_Os02g37109,motif,merged
LOC_Os01g07120,LOC_Os02g24000,FunTFBS,FunTFBS
LOC_Os01g07120,LOC_Os08g43630,motif,merged
LOC_Os01g07120,LOC_Os12g36710,motif,merged
LOC_Os01g07120,LOC_Os07g32890,motif_CE,motif_CE
LOC_Os01g07120,LOC_Os06g05710,motif,merged
LOC_Os01g07120,LOC_Os09g38750,"motif, motif_CE",merged
LOC_Os01g07120,LOC_Os06g41720,motif,merged
LOC_Os01g07120,LOC_Os06g47140,"motif, motif_CE",merged
LOC_Os01g07120,LOC_Os07g44350,motif,merged
LOC_Os01g07120,LOC_Os02g58250,motif,merged
LOC_Os01g07120,LOC_Os04g37470,motif,merged
LOC_Os01g07120,LOC_Os10g28990,motif,merged
LOC_Os01g07120,LOC_Os04g40970,motif,merged
LOC_Os01g07120,LOC_Os09g26430,motif,merged
LOC_Os01g07120,LOC_Os08g16550,motif,merged
LOC_Os01g07120,LOC_Os02g47870,motif,merged
LOC_Os01g07120,LOC_Os08g19374,motif,merged
LOC_Os01g07120,LOC_Os11g06850,motif,merged
LOC_Os01g07120,LOC_Os11g27710,motif,merged
LOC_Os01g07120,LOC_Os02g01490,motif,merged
LOC_Os01g07120,LOC_Os05g48580,motif,merged
LOC_Os01g07120,LOC_Os02g27140,motif,merged
LOC_Os01g07120,LOC_Os08g35140,motif,merged
LOC_Os01g07120,LOC_Os05g04020,motif,merged
LOC_Os01g07120,LOC_Os04g05030,motif,merged
LOC_Os01g07120,LOC_Os02g36000,motif,merged
LOC_Os01g07120,LOC_Os02g08200,"FunTFBS, motif",merged
LOC_Os01g07120,LOC_Os07g41014,motif,merged
LOC_Os01g07120,LOC_Os12g35060,motif,merged
LOC_Os01g07120,LOC_Os01g62120,"motif, motif_CE",merged
LOC_Os01g07120,LOC_Os02g07670,motif,merged
LOC_Os01g07120,LOC_Os03g44810,motif,merged
LOC_Os01g07120,LOC_Os05g11620,"motif, motif_CE",merged
LOC_Os01g07120,LOC_Os08g15490,motif,merged
LOC_Os01g07120,LOC_Os03g37760,motif,merged
LOC_Os01g07120,LOC_Os01g66400,FunTFBS,FunTFBS
LOC_Os01g07120,LOC_Os12g02070,"motif, motif_CE",merged
LOC_Os01g07120,LOC_Os02g53169,motif,merged
LOC_Os01g07120,LOC_Os05g26990,motif,merged
LOC_Os01g07120,LOC_Os08g04440,motif_CE,motif_CE
LOC_Os01g07120,LOC_Os07g34730,"motif, motif_CE",merged
LOC_Os01g07120,LOC_Os07g28200,motif,merged
LOC_Os01g07120,LOC_Os05g22470,motif,merged
LOC_Os01g07120,LOC_Os11g47260,motif_CE,motif_CE
LOC_Os01g07120,LOC_Os05g45510,motif,merged
LOC_Os01g07120,LOC_Os02g45840,motif,merged
LOC_Os01g07120,LOC_Os09g26170,motif,merged
LOC_Os01g07120,LOC_Os09g07510,motif,merged
LOC_Os01g07120,LOC_Os05g40030,motif,merged
LOC_Os01g07120,LOC_Os06g09210,motif,merged
LOC_Os01g07120,LOC_Os12g07060,motif_CE,motif_CE
LOC_Os01g07120,LOC_Os06g48510,FunTFBS,FunTFBS
LOC_Os01g07120,LOC_Os12g42540,motif,merged
LOC_Os01g07120,LOC_Os10g41430,motif_CE,motif_CE
LOC_Os01g07120,LOC_Os04g59080,motif,merged
LOC_Os01g07120,LOC_Os05g39080,motif_CE,motif_CE
LOC_Os01g07120,LOC_Os03g41330,motif,merged
LOC_Os01g07120,LOC_Os08g37940,"motif, motif_CE",merged
LOC_Os01g07120,LOC_Os03g60760,"motif, motif_CE",merged
LOC_Os01g07120,LOC_Os08g14900,motif,merged
LOC_Os01g07120,LOC_Os01g05570,motif,merged
LOC_Os01g07120,LOC_Os10g08620,"motif, motif_CE",merged
LOC_Os01g07120,LOC_Os04g23710,FunTFBS,FunTFBS
LOC_Os01g07120,LOC_Os04g47912,motif,merged
LOC_Os01g07120,LOC_Os09g17700,motif,merged
LOC_Os01g07120,LOC_Os11g18290,motif,merged
LOC_Os01g07120,LOC_Os01g09060,motif,merged
LOC_Os01g07120,LOC_Os03g53780,"motif, motif_CE",merged
LOC_Os01g07120,LOC_Os01g06610,motif,merged
LOC_Os01g07120,LOC_Os02g11870,motif,merged
LOC_Os01g07120,LOC_Os05g01880,motif,merged
LOC_Os01g07120,LOC_Os11g04850,motif,merged
LOC_Os01g07120,LOC_Os01g45780,motif_CE,motif_CE
LOC_Os01g07120,LOC_Os03g18520,"motif, motif_CE",merged
LOC_Os01g07120,LOC_Os01g13630,motif,merged
LOC_Os01g07120,LOC_Os12g01600,motif,merged
LOC_Os01g07120,LOC_Os06g17140,FunTFBS,FunTFBS
LOC_Os01g07120,LOC_Os02g08380,motif,merged
LOC_Os01g07120,LOC_Os06g07860,motif_CE,motif_CE
LOC_Os01g07120,LOC_Os05g45650,motif,merged
LOC_Os01g07120,LOC_Os02g40410,"motif, motif_CE",merged
LOC_Os01g07120,LOC_Os11g47760,motif,merged
LOC_Os01g07120,LOC_Os02g55120,FunTFBS,FunTFBS
LOC_Os01g07120,LOC_Os01g19910,motif,merged
LOC_Os01g07120,LOC_Os06g40740,"motif, motif_CE",merged
LOC_Os01g07120,LOC_Os01g67730,motif,merged
LOC_Os01g07120,LOC_Os05g41480,motif_CE,motif_CE
LOC_Os01g07120,LOC_Os11g13660,motif,merged
LOC_Os01g07120,LOC_Os05g20440,motif,merged
LOC_Os01g07120,LOC_Os03g32780,motif,merged
LOC_Os01g07120,LOC_Os05g02030,motif,merged
LOC_Os01g07120,LOC_Os06g38920,motif,merged
LOC_Os01g07120,LOC_Os05g46800,motif,merged
LOC_Os01g07120,LOC_Os08g33370,FunTFBS,FunTFBS
LOC_Os01g07120,LOC_Os06g34070,"FunTFBS, motif",merged
LOC_Os01g07120,LOC_Os03g26760,FunTFBS,FunTFBS
LOC_Os01g07120,LOC_Os01g08960,"motif, motif_CE",merged
LOC_Os01g07120,LOC_Os12g02400,"motif, motif_CE",merged
LOC_Os01g07120,LOC_Os01g10740,motif,merged
LOC_Os01g07120,LOC_Os01g70880,motif,merged
LOC_Os01g07120,LOC_Os02g02050,motif,merged
LOC_Os01g07120,LOC_Os11g17810,motif,merged
LOC_Os01g07120,LOC_Os01g47190,motif,merged
LOC_Os01g07120,LOC_Os02g29120,motif,merged
LOC_Os01g07120,LOC_Os01g56150,motif,merged
LOC_Os01g07120,LOC_Os01g40670,motif_CE,motif_CE
LOC_Os01g07120,LOC_Os01g47130,motif,merged
LOC_Os01g07120,LOC_Os03g47470,motif,merged
LOC_Os01g07120,LOC_Os05g14100,motif,merged
LOC_Os01g07120,LOC_Os09g23880,motif,merged
LOC_Os01g07120,LOC_Os02g57670,"FunTFBS, motif, motif_CE",merged
LOC_Os01g07120,LOC_Os02g43519,"FunTFBS, motif",merged
LOC_Os01g07120,LOC_Os02g55270,motif_CE,motif_CE
LOC_Os01g07120,LOC_Os04g43340,motif_CE,motif_CE
LOC_Os01g07120,LOC_Os02g57020,"motif, motif_CE",merged
LOC_Os01g07120,LOC_Os01g52440,motif,merged
LOC_Os01g07120,LOC_Os05g13540,motif,merged
LOC_Os01g07120,LOC_Os03g55150,motif,merged
LOC_Os01g07120,LOC_Os05g43280,motif,merged
LOC_Os01g07120,LOC_Os08g42910,"FunTFBS, motif, motif_CE",merged
LOC_Os01g07120,LOC_Os05g23000,motif,merged
LOC_Os01g07120,LOC_Os11g03530,"motif, motif_CE",merged
LOC_Os01g07120,LOC_Os12g12950,motif,merged
LOC_Os01g07120,LOC_Os02g43980,motif,merged
LOC_Os01g07120,LOC_Os01g34970,motif,merged
LOC_Os01g07120,ChrUn.fgenesh.gene.25,motif,merged
LOC_Os01g07120,LOC_Os02g57330,"FunTFBS, motif, motif_CE",merged
LOC_Os01g07120,LOC_Os02g38550,motif,merged
LOC_Os01g07120,LOC_Os05g29829,motif,merged
LOC_Os01g07120,LOC_Os01g13590,"FunTFBS, motif",merged
LOC_Os01g07120,LOC_Os07g33300,motif,merged
LOC_Os01g07120,LOC_Os11g19120,motif,merged
LOC_Os01g07120,LOC_Os08g05530,"motif, motif_CE",merged
LOC_Os01g07120,LOC_Os06g24160,"FunTFBS, motif",merged
LOC_Os01g07120,LOC_Os12g41634,"FunTFBS, motif",merged
LOC_Os01g07120,LOC_Os01g43670,motif,merged
LOC_Os01g07120,LOC_Os01g04730,motif_CE,motif_CE
LOC_Os01g07120,LOC_Os08g40020,motif,merged
LOC_Os01g07120,LOC_Os02g33420,motif,merged
LOC_Os01g07120,LOC_Os08g04280,motif,merged
LOC_Os01g07120,LOC_Os08g11650,motif_CE,motif_CE
LOC_Os01g07120,LOC_Os11g14990,FunTFBS,FunTFBS
LOC_Os01g07120,LOC_Os06g02840,motif,merged
LOC_Os01g07120,LOC_Os06g41820,motif,merged
LOC_Os01g07120,LOC_Os10g23050,motif,merged
LOC_Os01g07120,LOC_Os02g01920,FunTFBS,FunTFBS
LOC_Os01g07120,LOC_Os10g01420,motif,merged
LOC_Os01g07120,LOC_Os04g11270,motif,merged
LOC_Os01g07120,LOC_Os02g38090,motif_CE,motif_CE
LOC_Os01g07120,LOC_Os12g06330,motif_CE,motif_CE
LOC_Os01g07120,LOC_Os08g16950,motif,merged
LOC_Os01g07120,LOC_Os10g35150,motif,merged
LOC_Os01g07120,LOC_Os07g12650,"motif, motif_CE",merged
LOC_Os01g07120,LOC_Os02g24080,motif,merged
LOC_Os01g07120,LOC_Os04g04140,motif,merged
LOC_Os01g07120,LOC_Os12g26300,motif,merged
LOC_Os01g07120,LOC_Os09g12460,motif,merged
LOC_Os01g07120,LOC_Os11g35320,motif,merged
LOC_Os01g07120,LOC_Os02g55150,FunTFBS,FunTFBS
LOC_Os01g07120,LOC_Os01g55300,motif,merged
LOC_Os01g07120,LOC_Os06g49330,motif,merged
LOC_Os01g07120,LOC_Os12g41150,"FunTFBS, motif",merged
LOC_Os01g07120,LOC_Os03g51670,"FunTFBS, motif",merged
LOC_Os01g07120,LOC_Os07g12260,motif,merged
LOC_Os01g07120,LOC_Os01g45780,"motif, motif_CE",merged
LOC_Os01g07120,LOC_Os03g62290,motif,merged
LOC_Os01g07120,LOC_Os01g65420,motif,merged
LOC_Os01g07120,LOC_Os04g06860,motif,merged
LOC_Os01g07120,LOC_Os11g05420,motif,merged
LOC_Os01g07120,LOC_Os04g53600,motif,merged
LOC_Os01g07120,LOC_Os11g43770,motif,merged
LOC_Os01g07120,LOC_Os01g43170,"FunTFBS, motif, motif_CE",merged
LOC_Os01g07120,LOC_Os12g01710,motif,merged
LOC_Os01g07120,LOC_Os09g25370,motif_CE,motif_CE
LOC_Os01g07120,LOC_Os11g26930,motif,merged
LOC_Os01g07120,LOC_Os03g19830,motif,merged
LOC_Os01g07120,LOC_Os05g02180,motif,merged
LOC_Os01g07120,LOC_Os06g31240,motif,merged
LOC_Os01g07120,LOC_Os03g64190,motif,merged
LOC_Os01g07120,LOC_Os02g22800,motif,merged
LOC_Os01g07120,LOC_Os03g50480,"motif, motif_CE",merged
LOC_Os01g07120,LOC_Os09g13420,motif,merged
LOC_Os01g07120,LOC_Os11g05360,motif,merged
LOC_Os01g07120,LOC_Os03g61530,motif,merged
LOC_Os01g07120,LOC_Os05g41480,"motif, motif_CE",merged
LOC_Os01g07120,LOC_Os08g19310,motif_CE,motif_CE
LOC_Os01g07120,LOC_Os02g33080,motif,merged
LOC_Os01g07120,LOC_Os03g57750,motif_CE,motif_CE
LOC_Os01g07120,LOC_Os09g03700,motif,merged
LOC_Os01g07120,LOC_Os10g40540,motif_CE,motif_CE
LOC_Os01g07120,LOC_Os05g26420,motif,merged
LOC_Os01g07120,LOC_Os10g13310,motif,merged
LOC_Os01g07120,LOC_Os05g40720,motif,merged
LOC_Os01g07120,LOC_Os02g08520,motif_CE,motif_CE
LOC_Os01g07120,LOC_Os03g37030,"FunTFBS, motif",merged
LOC_Os01g07120,LOC_Os01g33020,motif,merged
LOC_Os01g07120,LOC_Os02g30460,"motif, motif_CE",merged
LOC_Os01g07120,LOC_Os01g37980,motif,merged
LOC_Os01g07120,LOC_Os05g44210,motif,merged
LOC_Os01g07120,LOC_Os05g35620,motif,merged
LOC_Os01g07120,LOC_Os01g34600,motif_CE,motif_CE
LOC_Os01g07120,LOC_Os06g35890,motif,merged
LOC_Os01g07120,LOC_Os08g03540,motif,merged
LOC_Os01g07120,LOC_Os01g25600,motif,merged
LOC_Os01g07120,LOC_Os02g27280,motif,merged
LOC_Os01g07120,LOC_Os09g15320,"motif, motif_CE",merged
LOC_Os01g07120,LOC_Os04g22140,"FunTFBS, motif",merged
LOC_Os01g07120,LOC_Os01g53370,motif,merged
LOC_Os01g07120,LOC_Os02g42700,motif,merged
LOC_Os01g07120,LOC_Os01g21620,motif,merged
LOC_Os01g07120,LOC_Os05g11970,motif,merged
LOC_Os01g07120,LOC_Os07g17140,motif,merged
LOC_Os01g07120,LOC_Os07g44050,motif_CE,motif_CE
LOC_Os01g07120,LOC_Os07g05150,motif,merged
LOC_Os01g07120,LOC_Os06g18920,"FunTFBS, motif, motif_CE",merged
LOC_Os01g07120,LOC_Os03g40270,motif,merged
LOC_Os01g07120,LOC_Os10g26750,motif,merged
LOC_Os01g07120,LOC_Os12g41900,motif,merged
LOC_Os01g07120,LOC_Os01g21180,motif,merged
LOC_Os01g07120,LOC_Os02g21330,motif,merged
LOC_Os01g07120,LOC_Os03g11890,"motif, motif_CE",merged
LOC_Os01g07120,LOC_Os07g24420,motif,merged
LOC_Os01g07120,LOC_Os11g18400,motif,merged
LOC_Os01g07120,LOC_Os06g08960,motif,merged
LOC_Os01g07120,LOC_Os05g44050,motif,merged
LOC_Os01g07120,LOC_Os11g36660,motif,merged
LOC_Os01g07120,LOC_Os08g28690,motif,merged
LOC_Os01g07120,LOC_Os05g16440,motif,merged
LOC_Os01g07120,LOC_Os12g32210,FunTFBS,FunTFBS
LOC_Os01g07120,LOC_Os02g17380,motif,merged
LOC_Os01g07120,LOC_Os01g54910,"motif, motif_CE",merged
LOC_Os01g07120,LOC_Os12g40560,"motif, motif_CE",merged
LOC_Os01g07120,LOC_Os02g17770,motif,merged
LOC_Os01g07120,LOC_Os01g48190,"motif, motif_CE",merged
LOC_Os01g07120,LOC_Os03g40870,motif_CE,motif_CE
LOC_Os01g07120,LOC_Os02g49150,motif,merged
LOC_Os01g07120,ChrSy.fgenesh.gene.70,motif,merged
LOC_Os01g07120,LOC_Os03g38804,motif,merged
LOC_Os01g07120,LOC_Os03g21540,motif,merged
LOC_Os01g07120,LOC_Os01g47620,motif_CE,motif_CE
LOC_Os01g07120,LOC_Os08g16060,motif,merged
LOC_Os01g07120,LOC_Os08g30095,motif,merged
LOC_Os01g07120,LOC_Os08g07830,motif_CE,motif_CE
LOC_Os01g07120,LOC_Os06g09740,motif,merged
LOC_Os01g07120,LOC_Os07g38860,motif,merged
LOC_Os01g07120,LOC_Os01g56110,motif,merged
LOC_Os01g07120,LOC_Os05g41400,motif,merged
LOC_Os01g07120,LOC_Os03g48380,FunTFBS,FunTFBS
LOC_Os01g07120,LOC_Os02g01480,motif,merged
LOC_Os01g07120,LOC_Os11g22760,FunTFBS,FunTFBS
LOC_Os01g07120,LOC_Os10g17940,motif,merged
LOC_Os01g07120,LOC_Os09g36420,FunTFBS,FunTFBS
LOC_Os01g07120,LOC_Os05g34120,motif,merged
LOC_Os01g07120,LOC_Os07g30030,motif,merged
LOC_Os01g07120,LOC_Os08g20250,motif,merged
LOC_Os01g07120,LOC_Os06g36650,motif,merged
LOC_Os01g07120,LOC_Os07g13860,motif,merged
LOC_Os01g07120,LOC_Os02g32700,motif,merged
LOC_Os01g07120,LOC_Os01g51480,motif,merged
LOC_Os01g07120,LOC_Os01g04730,"motif, motif_CE",merged
LOC_Os01g07120,LOC_Os01g40620,"motif, motif_CE",merged
LOC_Os01g07120,LOC_Os02g40760,motif,merged
LOC_Os01g07120,LOC_Os06g17050,"FunTFBS, motif",merged
LOC_Os01g07120,LOC_Os05g09640,motif,merged
LOC_Os01g07120,LOC_Os09g28060,motif,merged
LOC_Os01g07120,LOC_Os03g12280,motif,merged
LOC_Os01g07120,LOC_Os07g42580,motif,merged
LOC_Os01g07120,LOC_Os06g47100,"FunTFBS, motif",merged
LOC_Os01g07120,LOC_Os06g22280,motif,merged
LOC_Os01g07120,LOC_Os06g49430,motif,merged
LOC_Os01g07120,LOC_Os02g25610,motif,merged
LOC_Os01g07120,LOC_Os01g53100,FunTFBS,FunTFBS
LOC_Os01g07120,LOC_Os12g06800,FunTFBS,FunTFBS
LOC_Os01g07120,LOC_Os09g34910,FunTFBS,FunTFBS
LOC_Os01g07120,LOC_Os12g07060,"motif, motif_CE",merged
LOC_Os01g07120,LOC_Os12g24630,motif,merged
LOC_Os01g07120,LOC_Os12g06330,"motif, motif_CE",merged
LOC_Os01g07120,LOC_Os11g45260,motif,merged
LOC_Os01g07120,LOC_Os11g20170,motif,merged
LOC_Os01g07120,LOC_Os06g41870,motif,merged
LOC_Os01g07120,LOC_Os05g33010,"FunTFBS, motif",merged
LOC_Os01g07120,LOC_Os04g02940,motif,merged
LOC_Os01g07120,LOC_Os04g52050,motif,merged
LOC_Os01g07120,LOC_Os04g26870,"motif, motif_CE",merged
LOC_Os01g07120,LOC_Os04g51280,motif_CE,motif_CE
LOC_Os01g07120,LOC_Os01g35850,motif,merged
LOC_Os01g07120,LOC_Os11g02660,motif,merged
LOC_Os01g07120,LOC_Os09g32690,motif,merged
LOC_Os01g07120,LOC_Os12g03800,motif_CE,motif_CE
LOC_Os01g07120,LOC_Os01g07080,motif_CE,motif_CE
LOC_Os01g07120,LOC_Os09g31458,FunTFBS,FunTFBS
LOC_Os01g07120,LOC_Os02g01910,motif,merged
LOC_Os01g07120,LOC_Os11g30640,motif,merged
LOC_Os01g07120,LOC_Os03g17610,motif_CE,motif_CE
LOC_Os01g07120,LOC_Os04g40720,motif,merged
LOC_Os01g07120,LOC_Os02g13270,motif,merged
LOC_Os01g07120,LOC_Os05g48510,motif,merged
LOC_Os01g07120,LOC_Os05g23450,FunTFBS,FunTFBS
LOC_Os01g07120,LOC_Os10g40200,motif_CE,motif_CE
LOC_Os01g07120,LOC_Os03g11630,motif,merged
LOC_Os01g07120,LOC_Os01g10320,motif_CE,motif_CE
LOC_Os01g07120,LOC_Os03g31634,motif,merged
LOC_Os01g07120,LOC_Os02g13360,"motif, motif_CE",merged
LOC_Os01g07120,LOC_Os04g05580,motif,merged
LOC_Os01g07120,LOC_Os10g22440,motif,merged
LOC_Os01g07120,LOC_Os07g08770,motif,merged
LOC_Os01g07120,LOC_Os02g49250,motif,merged
LOC_Os01g07120,LOC_Os10g22362,motif,merged
LOC_Os01g07120,LOC_Os09g25370,"motif, motif_CE",merged
LOC_Os01g07120,LOC_Os02g01080,motif,merged
LOC_Os01g07120,LOC_Os07g28890,"motif, motif_CE",merged
LOC_Os01g07120,LOC_Os06g02520,motif_CE,motif_CE
LOC_Os01g07120,LOC_Os01g33784,motif,merged
LOC_Os01g07120,LOC_Os01g61540,motif,merged
LOC_Os01g07120,LOC_Os07g37520,motif,merged
LOC_Os01g07120,LOC_Os01g45390,"FunTFBS, motif, motif_CE",merged
LOC_Os01g07120,LOC_Os03g18250,motif,merged
LOC_Os01g07120,LOC_Os10g34310,"FunTFBS, motif",merged
LOC_Os01g07120,LOC_Os11g13694,"FunTFBS, motif",merged
LOC_Os01g07120,LOC_Os11g30210,motif,merged
LOC_Os01g07120,LOC_Os09g36990,motif,merged
LOC_Os01g07120,LOC_Os08g33530,motif,merged
LOC_Os01g07120,LOC_Os01g54020,motif,merged
LOC_Os01g07120,LOC_Os02g53100,motif,merged
LOC_Os01g07120,LOC_Os01g43630,"motif, motif_CE",merged
LOC_Os01g07120,LOC_Os08g23820,motif,merged
LOC_Os01g07120,LOC_Os02g08520,"motif, motif_CE",merged
LOC_Os01g07120,LOC_Os08g05170,motif,merged
LOC_Os01g07120,LOC_Os03g49750,motif,merged
LOC_Os01g07120,LOC_Os05g41780,motif,merged
LOC_Os01g07120,LOC_Os12g34850,motif,merged
LOC_Os01g07120,LOC_Os10g10175,"FunTFBS, motif, motif_CE",merged
LOC_Os01g07120,LOC_Os08g08340,motif,merged
LOC_Os01g07120,LOC_Os01g29690,motif_CE,motif_CE
LOC_Os01g07120,LOC_Os07g44050,"motif, motif_CE",merged
LOC_Os01g07120,LOC_Os05g34610,motif_CE,motif_CE
LOC_Os01g07120,LOC_Os09g21910,motif,merged
LOC_Os01g07120,LOC_Os03g55340,motif_CE,motif_CE
LOC_Os01g07120,LOC_Os02g03310,"motif, motif_CE",merged
LOC_Os01g07120,LOC_Os01g10230,FunTFBS,FunTFBS
LOC_Os01g07120,LOC_Os07g30220,motif,merged
LOC_Os01g07120,LOC_Os03g57400,motif,merged
LOC_Os01g07120,LOC_Os06g07540,FunTFBS,FunTFBS
LOC_Os01g07120,LOC_Os04g39570,motif,merged
LOC_Os01g07120,LOC_Os10g21660,motif,merged
LOC_Os01g07120,LOC_Os01g13730,motif_CE,motif_CE
LOC_Os01g07120,LOC_Os11g22860,motif,merged
LOC_Os01g07120,LOC_Os01g01115,motif,merged
LOC_Os01g07120,LOC_Os12g29300,motif,merged
LOC_Os01g07120,LOC_Os08g08420,motif,merged
LOC_Os01g07120,LOC_Os11g32150,motif,merged
LOC_Os01g07120,LOC_Os03g12750,FunTFBS,FunTFBS
LOC_Os01g07120,LOC_Os09g32890,motif,merged
LOC_Os01g07120,LOC_Os02g35320,motif,merged
LOC_Os01g07120,LOC_Os05g51830,FunTFBS,FunTFBS
LOC_Os01g07120,LOC_Os07g06335,motif,merged
LOC_Os01g07120,LOC_Os01g72930,FunTFBS,FunTFBS
LOC_Os01g07120,LOC_Os09g31490,motif,merged
LOC_Os01g07120,LOC_Os07g29594,motif,merged
LOC_Os01g07120,LOC_Os02g40300,motif,merged
LOC_Os01g07120,LOC_Os02g57210,motif_CE,motif_CE
LOC_Os01g07120,LOC_Os03g15120,FunTFBS,FunTFBS
LOC_Os01g07120,LOC_Os07g46500,"motif, motif_CE",merged
LOC_Os01g07120,LOC_Os07g44360,"motif, motif_CE",merged
LOC_Os01g07120,LOC_Os03g25540,motif,merged
LOC_Os01g07120,LOC_Os12g30620,"motif, motif_CE",merged
LOC_Os01g07120,LOC_Os01g49930,motif_CE,motif_CE
LOC_Os01g07120,LOC_Os03g60520,motif_CE,motif_CE
LOC_Os01g07120,LOC_Os02g21230,motif,merged
LOC_Os01g07120,LOC_Os07g27960,motif,merged
LOC_Os01g07120,LOC_Os09g34860,motif,merged
LOC_Os01g07120,LOC_Os10g33874,motif_CE,motif_CE
LOC_Os01g07120,LOC_Os02g25624,motif,merged
LOC_Os01g07120,LOC_Os11g10960,motif,merged
LOC_Os01g07120,LOC_Os11g39260,motif,merged
LOC_Os01g07120,LOC_Os02g36320,motif,merged
LOC_Os01g07120,LOC_Os02g35640,motif,merged
LOC_Os01g07120,LOC_Os09g11770,motif,merged
LOC_Os01g07120,LOC_Os11g16320,motif,merged
LOC_Os01g07120,LOC_Os05g04960,motif,merged
LOC_Os01g07120,LOC_Os05g08980,motif,merged
LOC_Os01g07120,LOC_Os01g23390,motif,merged
LOC_Os01g07120,LOC_Os01g58400,motif,merged
LOC_Os01g07120,LOC_Os11g18300,motif,merged
LOC_Os01g07120,LOC_Os05g45600,motif,merged
LOC_Os01g07120,LOC_Os02g55950,motif_CE,motif_CE
LOC_Os01g07120,LOC_Os06g03290,motif,merged
LOC_Os01g07120,LOC_Os06g04010,"FunTFBS, motif",merged
LOC_Os01g07120,LOC_Os10g36260,"motif, motif_CE",merged
LOC_Os01g07120,LOC_Os05g35300,motif,merged
LOC_Os01g07120,LOC_Os01g64680,motif_CE,motif_CE
LOC_Os01g07120,LOC_Os09g13600,motif_CE,motif_CE
LOC_Os01g07120,LOC_Os11g18610,motif,merged
LOC_Os01g07120,LOC_Os03g28389,motif,merged
LOC_Os01g07120,LOC_Os02g10370,motif_CE,motif_CE
LOC_Os01g07120,LOC_Os02g29990,motif,merged
LOC_Os01g07120,LOC_Os01g73790,motif_CE,motif_CE
LOC_Os01g07120,LOC_Os01g29790,motif_CE,motif_CE
LOC_Os01g07120,LOC_Os06g20760,motif,merged
LOC_Os01g07120,LOC_Os06g05570,motif,merged
LOC_Os01g07120,LOC_Os03g10960,FunTFBS,FunTFBS
LOC_Os01g07120,LOC_Os10g34350,motif_CE,motif_CE
LOC_Os01g07120,LOC_Os03g17610,"motif, motif_CE",merged
LOC_Os01g07120,LOC_Os08g39830,motif,merged
LOC_Os01g07120,LOC_Os07g01420,motif_CE,motif_CE
LOC_Os01g07120,LOC_Os12g41360,motif,merged
LOC_Os01g07120,LOC_Os09g14740,"FunTFBS, motif",merged
LOC_Os01g07120,LOC_Os12g30560,motif,merged
LOC_Os01g07120,LOC_Os03g04420,motif_CE,motif_CE
LOC_Os01g07120,LOC_Os05g37680,motif,merged
LOC_Os01g07120,LOC_Os06g38370,motif,merged
LOC_Os01g07120,LOC_Os06g02680,"motif, motif_CE",merged
LOC_Os01g07120,LOC_Os10g17410,motif,merged
LOC_Os01g07120,LOC_Os06g33510,"motif, motif_CE",merged
LOC_Os01g07120,LOC_Os10g07120,motif,merged
LOC_Os01g07120,LOC_Os01g05470,motif,merged
LOC_Os01g07120,LOC_Os05g28300,FunTFBS,FunTFBS
LOC_Os01g07120,LOC_Os09g20560,FunTFBS,FunTFBS
LOC_Os01g07120,LOC_Os03g40040,motif,merged
LOC_Os01g07120,LOC_Os09g24680,motif,merged
LOC_Os01g07120,LOC_Os01g07880,motif_CE,motif_CE
LOC_Os01g07120,LOC_Os11g25360,"FunTFBS, motif, motif_CE",merged
LOC_Os01g07120,LOC_Os04g23510,motif,merged
LOC_Os01g07120,LOC_Os07g03190,motif,merged
LOC_Os01g07120,LOC_Os10g40070,motif_CE,motif_CE
LOC_Os01g07120,LOC_Os02g56565,motif_CE,motif_CE
LOC_Os01g07120,LOC_Os12g22690,"motif, motif_CE",merged
LOC_Os01g07120,LOC_Os03g57750,"motif, motif_CE",merged
LOC_Os01g07120,LOC_Os03g21520,motif_CE,motif_CE
LOC_Os01g07120,LOC_Os10g36210,motif,merged
LOC_Os01g07120,LOC_Os03g29750,motif,merged
LOC_Os01g07120,LOC_Os08g07170,motif,merged
LOC_Os01g07120,LOC_Os01g10340,motif_CE,motif_CE
LOC_Os01g07120,LOC_Os09g15740,motif,merged
LOC_Os01g07120,LOC_Os11g04330,"motif, motif_CE",merged
LOC_Os01g07120,LOC_Os07g25420,motif_CE,motif_CE
LOC_Os01g07120,LOC_Os05g34610,FunTFBS,FunTFBS
LOC_Os01g07120,LOC_Os07g28840,motif_CE,motif_CE
LOC_Os01g07120,LOC_Os09g32984,motif_CE,motif_CE
LOC_Os01g07120,LOC_Os01g42950,"FunTFBS, motif, motif_CE",merged
LOC_Os01g07120,LOC_Os04g22420,"FunTFBS, motif",merged
LOC_Os01g07120,LOC_Os04g42560,motif,merged
LOC_Os01g07120,LOC_Os04g48260,motif,merged
LOC_Os01g07120,LOC_Os02g30960,motif,merged
LOC_Os01g07120,LOC_Os02g14570,motif,merged
LOC_Os01g07120,LOC_Os07g05230,motif,merged
LOC_Os01g07120,LOC_Os05g15370,motif_CE,motif_CE
LOC_Os01g07120,LOC_Os10g35040,motif_CE,motif_CE
LOC_Os01g07120,LOC_Os06g46780,motif,merged
LOC_Os01g07120,LOC_Os11g05190,motif,merged
LOC_Os01g07120,LOC_Os09g36210,motif,merged
LOC_Os01g07120,LOC_Os06g13960,motif,merged
LOC_Os01g07120,LOC_Os08g30210,motif,merged
LOC_Os01g07120,LOC_Os04g29410,motif,merged
LOC_Os01g07120,LOC_Os07g08050,motif,merged
LOC_Os01g07120,LOC_Os09g32360,motif,merged
LOC_Os01g07120,LOC_Os12g06060,motif,merged
LOC_Os01g07120,LOC_Os12g08510,motif,merged
LOC_Os01g07120,LOC_Os10g35690,motif,merged
LOC_Os01g07120,LOC_Os07g24970,motif,merged
LOC_Os01g07120,LOC_Os09g33870,motif,merged
LOC_Os01g07120,LOC_Os03g08120,motif,merged
LOC_Os01g07120,LOC_Os01g67980,motif_CE,motif_CE
LOC_Os01g07120,LOC_Os05g10360,"FunTFBS, motif",merged
LOC_Os01g07120,LOC_Os09g29404,motif,merged
LOC_Os01g07120,LOC_Os08g05420,motif,merged
LOC_Os01g07120,LOC_Os06g44870,"motif, motif_CE",merged
LOC_Os01g07120,LOC_Os11g32820,motif,merged
LOC_Os01g07120,LOC_Os02g48270,motif,merged
LOC_Os01g07120,LOC_Os03g55200,motif,merged
LOC_Os01g07120,LOC_Os02g37870,motif,merged
LOC_Os01g07120,LOC_Os03g21310,FunTFBS,FunTFBS
LOC_Os01g07120,LOC_Os02g50210,motif_CE,motif_CE
LOC_Os01g07120,LOC_Os02g28810,motif,merged
LOC_Os01g07120,LOC_Os07g39830,motif,merged
LOC_Os01g07120,LOC_Os08g02904,"FunTFBS, motif",merged
LOC_Os01g07120,LOC_Os07g29920,motif,merged
LOC_Os01g07120,LOC_Os10g23300,motif,merged
LOC_Os01g07120,LOC_Os06g10920,motif,merged
LOC_Os01g07120,LOC_Os01g34330,"motif, motif_CE",merged
LOC_Os01g07120,LOC_Os05g02730,motif,merged
LOC_Os01g07120,LOC_Os03g15230,motif,merged
LOC_Os01g07120,LOC_Os03g44710,motif,merged
LOC_Os01g07120,LOC_Os12g31840,motif_CE,motif_CE
LOC_Os01g07120,LOC_Os03g36300,FunTFBS,FunTFBS
LOC_Os01g07120,LOC_Os02g16450,motif,merged
LOC_Os01g07120,LOC_Os07g30110,motif,merged
LOC_Os01g07120,LOC_Os03g02130,motif,merged
LOC_Os01g07120,LOC_Os07g42300,motif,merged
LOC_Os01g07120,LOC_Os06g12530,motif_CE,motif_CE
LOC_Os01g07120,LOC_Os12g34870,motif,merged
LOC_Os01g07120,LOC_Os12g09360,motif,merged
LOC_Os01g07120,LOC_Os01g41790,motif,merged
LOC_Os01g07120,LOC_Os10g40824,motif,merged
LOC_Os01g07120,LOC_Os11g33360,motif,merged
LOC_Os01g07120,LOC_Os02g55950,"motif, motif_CE",merged
LOC_Os01g07120,LOC_Os06g30390,motif_CE,motif_CE
LOC_Os01g07120,LOC_Os03g21060,motif,merged
LOC_Os01g07120,LOC_Os03g33310,motif,merged
LOC_Os01g07120,LOC_Os06g42320,motif,merged
LOC_Os01g07120,LOC_Os11g01720,"FunTFBS, motif",merged
LOC_Os01g07120,LOC_Os12g41340,motif,merged
LOC_Os01g07120,LOC_Os05g45430,motif,merged
LOC_Os01g07120,LOC_Os05g43810,motif,merged
LOC_Os01g07120,LOC_Os03g46052,motif_CE,motif_CE
LOC_Os01g07120,LOC_Os03g03730,motif_CE,motif_CE
LOC_Os01g07120,LOC_Os05g23620,motif,merged
LOC_Os01g07120,LOC_Os12g04860,"FunTFBS, motif, motif_CE",merged
LOC_Os01g07120,LOC_Os02g10370,"motif, motif_CE",merged
LOC_Os01g07120,LOC_Os02g35830,motif,merged
LOC_Os01g07120,LOC_Os04g51280,"motif, motif_CE",merged
LOC_Os01g07120,LOC_Os08g34470,motif_CE,motif_CE
LOC_Os01g07120,LOC_Os07g43860,motif,merged
LOC_Os01g07120,LOC_Os04g20900,motif,merged
LOC_Os01g07120,LOC_Os05g25520,motif,merged
LOC_Os01g07120,LOC_Os06g42550,motif,merged
LOC_Os01g07120,LOC_Os10g09790,motif,merged
LOC_Os01g07120,LOC_Os06g36630,motif,merged
LOC_Os01g07120,LOC_Os08g16730,motif,merged
LOC_Os01g07120,LOC_Os06g47560,motif,merged
LOC_Os01g07120,LOC_Os03g19427,motif_CE,motif_CE
LOC_Os01g07120,LOC_Os06g44830,motif,merged
LOC_Os01g07120,LOC_Os10g40200,"motif, motif_CE",merged
LOC_Os01g07120,LOC_Os02g49080,"FunTFBS, motif, motif_CE",merged
LOC_Os01g07120,LOC_Os10g13660,motif,merged
LOC_Os01g07120,LOC_Os04g23170,motif,merged
LOC_Os01g07120,LOC_Os03g62680,motif,merged
LOC_Os01g07120,LOC_Os04g23590,motif,merged
LOC_Os01g07120,LOC_Os10g01880,motif,merged
LOC_Os01g07120,LOC_Os11g12610,motif,merged
LOC_Os01g07120,LOC_Os02g20870,FunTFBS,FunTFBS
LOC_Os01g07120,LOC_Os04g12060,motif,merged
LOC_Os01g07120,LOC_Os03g27260,FunTFBS,FunTFBS
LOC_Os01g07120,LOC_Os02g30830,motif,merged
LOC_Os01g07120,LOC_Os04g43790,motif,merged
LOC_Os01g07120,LOC_Os10g36250,motif_CE,motif_CE
LOC_Os01g07120,LOC_Os11g30000,FunTFBS,FunTFBS
LOC_Os01g07120,LOC_Os03g10670,motif,merged
LOC_Os01g07120,LOC_Os06g34840,motif,merged
LOC_Os01g07120,LOC_Os04g32160,motif,merged
LOC_Os01g07120,LOC_Os05g16400,motif,merged
LOC_Os01g07120,LOC_Os01g39464,motif,merged
LOC_Os01g07120,LOC_Os01g10340,"motif, motif_CE",merged
LOC_Os01g07120,LOC_Os02g56720,motif,merged
LOC_Os01g07120,LOC_Os04g49920,"FunTFBS, motif, motif_CE",merged
LOC_Os01g07120,LOC_Os07g25420,"motif, motif_CE",merged
LOC_Os01g07120,LOC_Os10g22370,motif,merged
LOC_Os01g07120,LOC_Os07g28840,"motif, motif_CE",merged
LOC_Os01g07120,LOC_Os09g32984,"motif, motif_CE",merged
LOC_Os01g07120,LOC_Os03g27160,motif,merged
LOC_Os01g07120,LOC_Os11g32620,"FunTFBS, motif",merged
LOC_Os01g07120,LOC_Os11g18044,motif,merged
LOC_Os01g07120,LOC_Os12g36960,motif,merged
LOC_Os01g07120,LOC_Os05g23420,motif,merged
LOC_Os01g07120,LOC_Os09g12950,motif,merged
LOC_Os01g07120,LOC_Os12g02750,motif,merged
LOC_Os01g07120,LOC_Os11g04500,motif,merged
LOC_Os01g07120,LOC_Os05g15370,"motif, motif_CE",merged
LOC_Os01g07120,LOC_Os10g15140,motif,merged
LOC_Os01g07120,LOC_Os11g37720,motif,merged
LOC_Os01g07120,LOC_Os07g39540,motif,merged
LOC_Os01g07120,LOC_Os05g01420,motif,merged
LOC_Os01g07120,LOC_Os12g39460,motif,merged
LOC_Os01g07120,LOC_Os03g61680,motif,merged
LOC_Os01g07120,LOC_Os03g40180,motif_CE,motif_CE
LOC_Os01g07120,LOC_Os03g48160,motif,merged
LOC_Os01g07120,LOC_Os12g41240,motif,merged
LOC_Os01g07120,LOC_Os05g05900,motif,merged
LOC_Os01g07120,LOC_Os02g51280,"motif, motif_CE",merged
LOC_Os01g07120,LOC_Os09g21860,motif,merged
LOC_Os01g07120,LOC_Os02g25910,motif,merged
LOC_Os01g07120,LOC_Os05g15260,motif,merged
LOC_Os01g07120,LOC_Os01g54800,"FunTFBS, motif",merged
LOC_Os01g07120,LOC_Os01g67980,"motif, motif_CE",merged
LOC_Os01g07120,LOC_Os01g25230,motif,merged
LOC_Os01g07120,LOC_Os02g34960,FunTFBS,FunTFBS
LOC_Os01g07120,LOC_Os09g20300,motif,merged
LOC_Os01g07120,LOC_Os12g24870,motif,merged
LOC_Os01g07120,LOC_Os02g31874,motif,merged
LOC_Os01g07120,LOC_Os08g16680,motif,merged
LOC_Os01g07120,LOC_Os02g50210,"motif, motif_CE",merged
LOC_Os01g07120,LOC_Os12g38090,motif,merged
LOC_Os01g07120,LOC_Os05g17680,motif,merged
LOC_Os01g07120,LOC_Os01g40830,FunTFBS,FunTFBS
LOC_Os01g07120,LOC_Os11g25840,motif,merged
LOC_Os01g07120,LOC_Os01g49930,"motif, motif_CE",merged
LOC_Os01g07120,LOC_Os06g30330,"FunTFBS, motif",merged
LOC_Os01g07120,LOC_Os06g47300,motif,merged
LOC_Os01g07120,LOC_Os05g38480,motif,merged
LOC_Os01g07120,LOC_Os01g03160,FunTFBS,FunTFBS
LOC_Os01g07120,LOC_Os07g32350,motif,merged
LOC_Os01g07120,LOC_Os03g22330,"FunTFBS, motif, motif_CE",merged
LOC_Os01g07120,LOC_Os03g61490,motif,merged
LOC_Os01g07120,LOC_Os03g28420,motif,merged
LOC_Os01g07120,LOC_Os11g40500,motif_CE,motif_CE
LOC_Os01g07120,LOC_Os04g16580,motif,merged
LOC_Os01g07120,LOC_Os11g41590,motif,merged
LOC_Os01g07120,LOC_Os05g24260,FunTFBS,FunTFBS
LOC_Os01g07120,LOC_Os03g38120,motif,merged
LOC_Os01g07120,LOC_Os03g11770,"motif, motif_CE",merged
LOC_Os01g07120,LOC_Os10g21890,motif,merged
LOC_Os01g07120,LOC_Os10g07110,motif,merged
LOC_Os01g07120,LOC_Os05g23550,motif,merged
LOC_Os01g07120,LOC_Os08g20310,motif,merged
LOC_Os01g07120,LOC_Os07g22210,motif,merged
LOC_Os01g07120,LOC_Os07g33470,motif_CE,motif_CE
LOC_Os01g07120,LOC_Os12g43100,motif,merged
LOC_Os01g07120,LOC_Os07g32550,"FunTFBS, motif",merged
LOC_Os01g07120,LOC_Os12g11690,motif,merged
LOC_Os01g07120,LOC_Os12g32700,motif,merged
LOC_Os01g07120,LOC_Os06g30440,motif,merged
LOC_Os01g07120,LOC_Os02g02870,motif,merged
LOC_Os01g07120,LOC_Os04g06980,motif,merged
LOC_Os01g07120,LOC_Os01g67210,"motif, motif_CE",merged
LOC_Os01g07120,LOC_Os03g62700,motif,merged
LOC_Os01g07120,LOC_Os04g58350,FunTFBS,FunTFBS
LOC_Os01g07120,LOC_Os11g08520,motif,merged
LOC_Os01g07120,LOC_Os01g64680,"motif, motif_CE",merged
LOC_Os01g07120,LOC_Os01g14750,FunTFBS,FunTFBS
LOC_Os01g07120,LOC_Os12g38960,motif,merged
LOC_Os01g07120,LOC_Os02g37350,motif,merged
LOC_Os01g07120,LOC_Os02g34640,motif,merged
LOC_Os01g07120,LOC_Os09g26650,motif,merged
LOC_Os01g07120,LOC_Os01g49710,motif,merged
LOC_Os01g07120,LOC_Os03g01390,motif,merged
LOC_Os01g07120,LOC_Os06g45800,"motif, motif_CE",merged
LOC_Os01g07120,LOC_Os09g16070,motif,merged
LOC_Os01g07120,LOC_Os01g33150,motif,merged
LOC_Os01g07120,LOC_Os01g12500,"FunTFBS, motif",merged
LOC_Os01g07120,ChrSy.fgenesh.gene.74,FunTFBS,FunTFBS
LOC_Os01g07120,LOC_Os09g27430,motif,merged
LOC_Os01g07120,LOC_Os01g40910,motif,merged
LOC_Os01g07120,LOC_Os05g19510,motif,merged
LOC_Os01g07120,LOC_Os04g15690,motif,merged
LOC_Os01g07120,LOC_Os05g33130,motif,merged
LOC_Os01g07120,LOC_Os04g16500,motif,merged
LOC_Os01g07120,LOC_Os01g19210,motif,merged
LOC_Os01g07120,LOC_Os12g22600,motif,merged
LOC_Os01g07120,LOC_Os07g01420,"motif, motif_CE",merged
LOC_Os01g07120,LOC_Os09g24430,motif,merged
LOC_Os01g07120,LOC_Os06g42710,FunTFBS,FunTFBS
LOC_Os01g07120,LOC_Os03g12960,"FunTFBS, motif",merged
LOC_Os01g07120,LOC_Os08g04300,motif,merged
LOC_Os01g07120,LOC_Os05g15240,motif,merged
LOC_Os01g07120,LOC_Os10g38000,motif,merged
LOC_Os01g07120,LOC_Os01g57420,motif,merged
LOC_Os01g07120,LOC_Os02g50500,motif,merged
LOC_Os01g07120,LOC_Os01g58550,motif_CE,motif_CE
LOC_Os01g07120,LOC_Os03g16870,FunTFBS,FunTFBS
LOC_Os01g07120,LOC_Os04g45650,FunTFBS,FunTFBS
LOC_Os01g07120,LOC_Os05g13340,motif_CE,motif_CE
LOC_Os01g07120,LOC_Os05g03070,motif_CE,motif_CE
LOC_Os01g07120,LOC_Os04g28250,motif,merged
LOC_Os01g07120,LOC_Os04g42990,motif_CE,motif_CE
LOC_Os01g07120,LOC_Os03g21520,"motif, motif_CE",merged
LOC_Os01g07120,LOC_Os03g36960,motif_CE,motif_CE
LOC_Os01g07120,LOC_Os02g09690,"motif, motif_CE",merged
LOC_Os01g07120,LOC_Os04g53690,motif,merged
LOC_Os01g07120,LOC_Os10g20235,motif_CE,motif_CE
LOC_Os01g07120,LOC_Os01g67110,motif,merged
LOC_Os01g07120,LOC_Os08g24110,motif,merged
LOC_Os01g07120,LOC_Os02g18780,motif_CE,motif_CE
LOC_Os01g07120,LOC_Os04g52790,"FunTFBS, motif",merged
LOC_Os01g07120,LOC_Os03g19375,motif_CE,motif_CE
LOC_Os01g07120,LOC_Os07g37210,motif,merged
LOC_Os01g07120,LOC_Os12g07350,motif,merged
LOC_Os01g07120,LOC_Os12g08240,motif,merged
LOC_Os01g07120,LOC_Os04g29040,motif,merged
LOC_Os01g07120,LOC_Os12g31270,motif,merged
LOC_Os01g07120,LOC_Os05g48260,motif_CE,motif_CE
LOC_Os01g07120,LOC_Os02g10090,motif,merged
LOC_Os01g07120,LOC_Os05g13960,"motif, motif_CE",merged
LOC_Os01g07120,LOC_Os02g51540,motif,merged
LOC_Os01g07120,LOC_Os07g19494,"motif, motif_CE",merged
LOC_Os01g07120,LOC_Os03g40180,"motif, motif_CE",merged
LOC_Os01g07120,LOC_Os07g35680,motif,merged
LOC_Os01g07120,LOC_Os08g06474,motif,merged
LOC_Os01g07120,LOC_Os08g26420,motif,merged
LOC_Os01g07120,LOC_Os05g51380,motif,merged
LOC_Os01g07120,LOC_Os06g05180,"FunTFBS, motif",merged
LOC_Os01g07120,LOC_Os06g39280,motif,merged
LOC_Os01g07120,LOC_Os06g04540,motif,merged
LOC_Os01g07120,LOC_Os02g51410,"FunTFBS, motif",merged
LOC_Os01g07120,LOC_Os06g19900,motif,merged
LOC_Os01g07120,LOC_Os12g07110,motif,merged
LOC_Os01g07120,LOC_Os04g09330,FunTFBS,FunTFBS
LOC_Os01g07120,LOC_Os03g56950,motif,merged
LOC_Os01g07120,LOC_Os08g19105,motif,merged
LOC_Os01g07120,LOC_Os07g30360,motif,merged
LOC_Os01g07120,LOC_Os03g24180,FunTFBS,FunTFBS
LOC_Os01g07120,LOC_Os08g39130,motif,merged
LOC_Os01g07120,LOC_Os07g31360,motif,merged
LOC_Os01g07120,LOC_Os01g10790,FunTFBS,FunTFBS
LOC_Os01g07120,LOC_Os04g44380,motif,merged
LOC_Os01g07120,LOC_Os09g39590,FunTFBS,FunTFBS
LOC_Os01g07120,LOC_Os08g34340,motif,merged
LOC_Os01g07120,LOC_Os09g31290,FunTFBS,FunTFBS
LOC_Os01g07120,LOC_Os02g47330,motif_CE,motif_CE
LOC_Os01g07120,LOC_Os07g37290,"motif, motif_CE",merged
LOC_Os01g07120,LOC_Os11g40500,FunTFBS,FunTFBS
LOC_Os01g07120,LOC_Os02g37590,motif,merged
LOC_Os01g07120,LOC_Os05g49250,motif,merged
LOC_Os01g07120,LOC_Os12g35250,motif,merged
LOC_Os01g07120,LOC_Os11g08230,FunTFBS,FunTFBS
LOC_Os01g07120,LOC_Os04g57790,motif,merged
LOC_Os01g07120,LOC_Os12g05810,motif,merged
LOC_Os01g07120,LOC_Os01g54860,motif,merged
LOC_Os01g07120,LOC_Os05g48750,motif,merged
LOC_Os01g07120,LOC_Os02g07980,motif,merged
LOC_Os01g07120,LOC_Os01g24770,motif,merged
LOC_Os01g07120,LOC_Os02g20420,motif,merged
LOC_Os01g07120,LOC_Os07g46030,motif,merged
LOC_Os01g07120,LOC_Os05g29080,motif_CE,motif_CE
LOC_Os01g07120,LOC_Os09g39590,motif_CE,motif_CE
LOC_Os01g07120,LOC_Os02g41980,motif_CE,motif_CE
LOC_Os01g07120,LOC_Os07g44730,motif_CE,motif_CE
LOC_Os01g07120,LOC_Os02g58230,motif,merged
LOC_Os01g07120,LOC_Os09g34847,motif,merged
LOC_Os01g07120,LOC_Os05g04510,motif,merged
LOC_Os01g07120,LOC_Os12g31840,"motif, motif_CE",merged
LOC_Os01g07120,LOC_Os11g06030,motif,merged
LOC_Os01g07120,LOC_Os06g35510,motif,merged
LOC_Os01g07120,LOC_Os12g13460,motif_CE,motif_CE
LOC_Os01g07120,LOC_Os04g47010,FunTFBS,FunTFBS
LOC_Os01g07120,LOC_Os12g04270,motif,merged
LOC_Os01g07120,LOC_Os07g42310,motif,merged
LOC_Os01g07120,LOC_Os10g32050,motif,merged
LOC_Os01g07120,LOC_Os05g25680,motif,merged
LOC_Os01g07120,LOC_Os08g38160,"motif, motif_CE",merged
LOC_Os01g07120,LOC_Os12g29970,motif,merged
LOC_Os01g07120,LOC_Os01g69200,motif,merged
LOC_Os01g07120,LOC_Os01g23010,motif,merged
LOC_Os01g07120,LOC_Os10g03530,FunTFBS,FunTFBS
LOC_Os01g07120,LOC_Os06g09800,motif,merged
LOC_Os01g07120,LOC_Os09g29430,motif,merged
LOC_Os01g07120,LOC_Os02g30570,motif,merged
LOC_Os01g07120,LOC_Os05g25600,motif,merged
LOC_Os01g07120,LOC_Os06g03030,motif,merged
LOC_Os01g07120,LOC_Os04g56370,motif,merged
LOC_Os01g07120,LOC_Os03g05320,motif,merged
LOC_Os01g07120,LOC_Os04g06388,motif,merged
LOC_Os01g07120,LOC_Os01g73810,motif_CE,motif_CE
LOC_Os01g07120,LOC_Os09g35690,"motif, motif_CE",merged
LOC_Os01g07120,LOC_Os09g23220,motif,merged
LOC_Os01g07120,LOC_Os08g37950,motif,merged
LOC_Os01g07120,LOC_Os03g64060,motif_CE,motif_CE
LOC_Os01g07120,LOC_Os01g72310,motif,merged
LOC_Os01g07120,LOC_Os04g37510,motif,merged
LOC_Os01g07120,LOC_Os06g02660,motif,merged
LOC_Os01g07120,LOC_Os08g34470,"motif, motif_CE",merged
LOC_Os01g07120,LOC_Os08g05840,motif,merged
LOC_Os01g07120,LOC_Os02g49780,"FunTFBS, motif",merged
LOC_Os01g07120,LOC_Os05g13950,motif_CE,motif_CE
LOC_Os01g07120,LOC_Os05g00994,motif,merged
LOC_Os01g07120,LOC_Os11g08140,FunTFBS,FunTFBS
LOC_Os01g07120,LOC_Os04g48240,motif,merged
LOC_Os01g07120,LOC_Os03g59550,FunTFBS,FunTFBS
LOC_Os01g07120,LOC_Os03g03130,motif,merged
LOC_Os01g07120,LOC_Os12g38590,motif,merged
LOC_Os01g07120,LOC_Os10g08980,motif,merged
LOC_Os01g07120,LOC_Os09g20350,motif,merged
LOC_Os01g07120,LOC_Os05g39370,motif,merged
LOC_Os01g07120,LOC_Os03g39040,motif,merged
LOC_Os01g07120,LOC_Os05g37650,motif,merged
LOC_Os01g07120,LOC_Os10g05840,motif,merged
LOC_Os01g07120,LOC_Os10g26230,motif,merged
LOC_Os01g07120,LOC_Os04g35310,motif,merged
LOC_Os01g07120,LOC_Os01g56170,motif,merged
LOC_Os01g07120,LOC_Os01g35910,motif,merged
LOC_Os01g07120,LOC_Os06g47210,motif,merged
LOC_Os01g07120,LOC_Os01g23900,motif,merged
LOC_Os01g07120,LOC_Os03g43610,motif,merged
LOC_Os01g07120,LOC_Os08g25210,motif,merged
LOC_Os01g07120,LOC_Os05g25650,motif,merged
LOC_Os01g07120,LOC_Os06g39780,motif,merged
LOC_Os01g07120,LOC_Os01g37510,motif,merged
LOC_Os01g07120,LOC_Os08g09900,FunTFBS,FunTFBS
LOC_Os01g07120,LOC_Os01g55020,motif_CE,motif_CE
LOC_Os01g07120,LOC_Os10g20235,"motif, motif_CE",merged
LOC_Os01g07120,LOC_Os06g07650,motif,merged
LOC_Os01g07120,LOC_Os08g04810,motif,merged
LOC_Os01g07120,LOC_Os03g19375,"motif, motif_CE",merged
LOC_Os01g07120,LOC_Os07g09950,motif,merged
LOC_Os01g07120,LOC_Os12g40460,"motif, motif_CE",merged
LOC_Os01g07120,LOC_Os04g10230,motif,merged
LOC_Os01g07120,LOC_Os04g39670,motif_CE,motif_CE
LOC_Os01g07120,LOC_Os08g10700,motif,merged
LOC_Os01g07120,LOC_Os02g58120,motif,merged
LOC_Os01g07120,LOC_Os11g07320,motif,merged
LOC_Os01g07120,LOC_Os12g33360,motif,merged
LOC_Os01g07120,LOC_Os07g28790,motif,merged
LOC_Os01g07120,LOC_Os10g22700,motif,merged
LOC_Os01g07120,LOC_Os09g23990,motif,merged
LOC_Os01g07120,LOC_Os05g48260,"motif, motif_CE",merged
LOC_Os01g07120,LOC_Os07g37970,FunTFBS,FunTFBS
LOC_Os01g07120,LOC_Os07g42994,motif,merged
LOC_Os01g07120,LOC_Os02g06500,motif_CE,motif_CE
LOC_Os01g07120,LOC_Os01g01730,motif,merged
LOC_Os01g07120,LOC_Os01g66560,motif_CE,motif_CE
LOC_Os01g07120,LOC_Os04g21470,motif_CE,motif_CE
LOC_Os01g07120,LOC_Os04g12744,motif,merged
LOC_Os01g07120,LOC_Os02g04420,motif,merged
LOC_Os01g07120,LOC_Os03g37360,motif,merged
LOC_Os01g07120,LOC_Os05g48940,motif_CE,motif_CE
LOC_Os01g07120,LOC_Os08g16020,motif,merged
LOC_Os01g07120,LOC_Os02g02030,motif_CE,motif_CE
LOC_Os01g07120,LOC_Os10g08930,motif_CE,motif_CE
LOC_Os01g07120,LOC_Os11g44700,motif,merged
LOC_Os01g07120,LOC_Os02g19280,motif,merged
LOC_Os01g07120,LOC_Os07g34490,motif,merged
LOC_Os01g07120,LOC_Os02g03820,motif_CE,motif_CE
LOC_Os01g07120,LOC_Os01g65460,motif,merged
LOC_Os01g07120,LOC_Os09g22480,motif,merged
LOC_Os01g07120,LOC_Os05g02410,FunTFBS,FunTFBS
LOC_Os01g07120,LOC_Os08g03610,motif,merged
LOC_Os01g07120,LOC_Os06g21650,motif,merged
LOC_Os01g07120,LOC_Os05g34940,motif_CE,motif_CE
LOC_Os01g07120,LOC_Os04g58100,motif,merged
LOC_Os01g07120,LOC_Os11g17520,motif,merged
LOC_Os01g07120,LOC_Os07g15910,motif,merged
LOC_Os01g07120,LOC_Os06g46540,motif,merged
LOC_Os01g07120,LOC_Os12g16000,motif,merged
LOC_Os01g07120,LOC_Os03g11350,motif,merged
LOC_Os01g07120,LOC_Os09g26900,motif,merged
LOC_Os01g07120,LOC_Os05g04810,"FunTFBS, motif",merged
LOC_Os01g07120,LOC_Os09g03150,motif,merged
LOC_Os01g07120,LOC_Os05g27960,motif_CE,motif_CE
LOC_Os01g07120,LOC_Os10g08690,motif,merged
LOC_Os01g07120,LOC_Os05g34770,motif_CE,motif_CE
LOC_Os01g07120,LOC_Os11g04050,FunTFBS,FunTFBS
LOC_Os01g07120,LOC_Os01g49940,"FunTFBS, motif, motif_CE",merged
LOC_Os01g07120,LOC_Os02g16790,motif_CE,motif_CE
LOC_Os01g07120,LOC_Os01g59090,motif_CE,motif_CE
LOC_Os01g07120,LOC_Os11g02800,motif_CE,motif_CE
LOC_Os01g07120,LOC_Os11g38150,FunTFBS,FunTFBS
LOC_Os01g07120,LOC_Os02g53470,motif,merged
LOC_Os01g07120,LOC_Os07g01130,"FunTFBS, motif",merged
LOC_Os01g07120,LOC_Os03g16910,motif,merged
LOC_Os01g07120,LOC_Os02g41850,FunTFBS,FunTFBS
LOC_Os01g07120,LOC_Os12g13770,motif,merged
LOC_Os01g07120,LOC_Os07g47900,motif,merged
LOC_Os01g07120,LOC_Os07g36290,"FunTFBS, motif",merged
LOC_Os01g07120,LOC_Os12g36810,motif,merged
LOC_Os01g07120,LOC_Os01g71370,motif,merged
LOC_Os01g07120,LOC_Os03g54990,motif,merged
LOC_Os01g07120,LOC_Os08g06840,motif,merged
LOC_Os01g07120,LOC_Os06g43560,motif,merged
LOC_Os01g07120,LOC_Os11g04580,motif,merged
LOC_Os01g07120,LOC_Os01g55060,motif,merged
LOC_Os01g07120,LOC_Os02g54370,motif,merged
LOC_Os01g07120,LOC_Os06g03980,motif_CE,motif_CE
LOC_Os01g07120,LOC_Os01g59950,motif,merged
LOC_Os01g07120,LOC_Os07g04750,motif_CE,motif_CE
LOC_Os01g07120,LOC_Os04g59570,motif_CE,motif_CE
LOC_Os01g07120,LOC_Os12g34874,motif_CE,motif_CE
LOC_Os01g07120,LOC_Os02g57980,"motif, motif_CE",merged
LOC_Os01g07120,LOC_Os08g39260,motif,merged
LOC_Os01g07120,LOC_Os01g10850,motif,merged
LOC_Os01g07120,LOC_Os12g06510,motif,merged
LOC_Os01g07120,LOC_Os01g42960,motif_CE,motif_CE
LOC_Os01g07120,LOC_Os05g18780,motif,merged
LOC_Os01g07120,LOC_Os03g45440,motif,merged
LOC_Os01g07120,LOC_Os03g05520,motif_CE,motif_CE
LOC_Os01g07120,LOC_Os05g06250,FunTFBS,FunTFBS
LOC_Os01g07120,LOC_Os03g64060,"motif, motif_CE",merged
LOC_Os01g07120,LOC_Os06g19030,"FunTFBS, motif",merged
LOC_Os01g07120,LOC_Os11g05570,motif,merged
LOC_Os01g07120,LOC_Os09g29790,motif,merged
LOC_Os01g07120,LOC_Os03g11800,motif,merged
LOC_Os01g07120,LOC_Os12g41260,motif,merged
LOC_Os01g07120,LOC_Os03g22780,motif_CE,motif_CE
LOC_Os01g07120,LOC_Os09g03710,motif,merged
LOC_Os01g07120,ChrSy.fgenesh.gene.10,motif,merged
LOC_Os01g07120,LOC_Os05g39290,motif,merged
LOC_Os01g07120,LOC_Os06g45510,motif,merged
LOC_Os01g07120,LOC_Os09g16320,motif,merged
LOC_Os01g07120,LOC_Os12g11440,FunTFBS,FunTFBS
LOC_Os01g07120,LOC_Os09g15510,motif,merged
LOC_Os01g07120,LOC_Os05g26660,motif_CE,motif_CE
LOC_Os01g07120,LOC_Os03g21530,motif_CE,motif_CE
LOC_Os01g07120,LOC_Os08g30980,motif,merged
LOC_Os01g07120,LOC_Os06g04660,"FunTFBS, motif, motif_CE",merged
LOC_Os01g07120,LOC_Os05g19630,motif,merged
LOC_Os01g07120,LOC_Os09g35640,motif,merged
LOC_Os01g07120,LOC_Os02g03590,FunTFBS,FunTFBS
LOC_Os01g07120,LOC_Os06g24830,motif,merged
LOC_Os01g07120,LOC_Os08g32370,motif,merged
LOC_Os01g07120,LOC_Os01g67900,motif,merged
LOC_Os01g07120,LOC_Os07g08060,motif,merged
LOC_Os01g07120,LOC_Os03g10770,motif_CE,motif_CE
LOC_Os01g07120,LOC_Os02g29480,FunTFBS,FunTFBS
LOC_Os01g07120,LOC_Os06g29710,motif,merged
LOC_Os01g07120,LOC_Os07g13180,motif,merged
LOC_Os01g07120,LOC_Os07g43690,motif,merged
LOC_Os01g07120,LOC_Os10g31030,motif,merged
LOC_Os01g07120,LOC_Os09g17200,FunTFBS,FunTFBS
LOC_Os01g07120,LOC_Os01g13320,motif,merged
LOC_Os01g07120,LOC_Os01g12460,FunTFBS,FunTFBS
LOC_Os01g07120,LOC_Os06g49640,motif_CE,motif_CE
LOC_Os01g07120,LOC_Os09g39120,motif,merged
LOC_Os01g07120,LOC_Os05g13340,"motif, motif_CE",merged
LOC_Os01g07120,LOC_Os05g03070,"motif, motif_CE",merged
LOC_Os01g07120,LOC_Os02g48130,"motif, motif_CE",merged
LOC_Os01g07120,LOC_Os05g39200,motif_CE,motif_CE
LOC_Os01g07120,LOC_Os07g38760,motif,merged
LOC_Os01g07120,LOC_Os11g47680,motif,merged
LOC_Os01g07120,LOC_Os10g28760,FunTFBS,FunTFBS
LOC_Os01g07120,LOC_Os02g46890,motif,merged
LOC_Os01g07120,LOC_Os08g38750,motif,merged
LOC_Os01g07120,LOC_Os08g19170,FunTFBS,FunTFBS
LOC_Os01g07120,LOC_Os02g18780,"motif, motif_CE",merged
LOC_Os01g07120,LOC_Os11g10530,motif,merged
LOC_Os01g07120,LOC_Os07g42950,motif_CE,motif_CE
LOC_Os01g07120,LOC_Os05g07190,motif,merged
LOC_Os01g07120,LOC_Os10g39044,"FunTFBS, motif",merged
LOC_Os01g07120,LOC_Os01g46200,motif,merged
LOC_Os01g07120,LOC_Os01g67280,motif,merged
LOC_Os01g07120,LOC_Os04g52440,motif,merged
LOC_Os01g07120,LOC_Os07g35520,motif,merged
LOC_Os01g07120,LOC_Os01g27080,motif,merged
LOC_Os01g07120,LOC_Os06g49830,motif,merged
LOC_Os01g07120,LOC_Os08g32820,motif,merged
LOC_Os01g07120,LOC_Os04g21470,"motif, motif_CE",merged
LOC_Os01g07120,LOC_Os10g34170,motif,merged
LOC_Os01g07120,LOC_Os09g02490,motif,merged
LOC_Os01g07120,LOC_Os07g32870,motif,merged
LOC_Os01g07120,LOC_Os10g15390,"FunTFBS, motif",merged
LOC_Os01g07120,LOC_Os02g33680,motif,merged
LOC_Os01g07120,LOC_Os02g14790,motif_CE,motif_CE
LOC_Os01g07120,LOC_Os02g02030,"motif, motif_CE",merged
LOC_Os01g07120,LOC_Os07g03250,motif,merged
LOC_Os01g07120,LOC_Os07g49390,motif_CE,motif_CE
LOC_Os01g07120,LOC_Os11g31510,motif,merged
LOC_Os01g07120,LOC_Os11g12150,motif,merged
LOC_Os01g07120,LOC_Os02g15510,motif,merged
LOC_Os01g07120,LOC_Os03g36470,motif_CE,motif_CE
LOC_Os01g07120,LOC_Os03g58764,motif,merged
LOC_Os01g07120,LOC_Os03g12490,motif,merged
LOC_Os01g07120,LOC_Os05g34340,motif,merged
LOC_Os01g07120,LOC_Os06g50890,motif,merged
LOC_Os01g07120,LOC_Os09g02680,motif,merged
LOC_Os01g07120,LOC_Os01g53830,motif,merged
LOC_Os01g07120,LOC_Os08g12630,motif_CE,motif_CE
LOC_Os01g07120,LOC_Os03g05430,"motif, motif_CE",merged
LOC_Os01g07120,LOC_Os02g15760,motif_CE,motif_CE
LOC_Os01g07120,LOC_Os01g10350,motif_CE,motif_CE
LOC_Os01g07120,LOC_Os02g47330,"motif, motif_CE",merged
LOC_Os01g07120,LOC_Os05g27960,"motif, motif_CE",merged
LOC_Os01g07120,LOC_Os03g28070,motif,merged
LOC_Os01g07120,LOC_Os11g02800,"motif, motif_CE",merged
LOC_Os01g07120,LOC_Os07g39000,motif,merged
LOC_Os01g07120,LOC_Os01g70270,motif_CE,motif_CE
LOC_Os01g07120,LOC_Os09g19910,motif,merged
LOC_Os01g07120,LOC_Os12g28020,motif,merged
LOC_Os01g07120,LOC_Os07g37420,motif_CE,motif_CE
LOC_Os01g07120,LOC_Os12g43890,motif,merged
LOC_Os01g07120,LOC_Os06g38150,motif,merged
LOC_Os01g07120,LOC_Os12g42600,motif,merged
LOC_Os01g07120,LOC_Os07g34520,motif,merged
LOC_Os01g07120,LOC_Os05g26032,motif,merged
LOC_Os01g07120,LOC_Os06g34140,motif,merged
LOC_Os01g07120,LOC_Os12g37400,motif_CE,motif_CE
LOC_Os01g07120,LOC_Os03g31390,motif,merged
LOC_Os01g07120,LOC_Os09g28560,"motif, motif_CE",merged
LOC_Os01g07120,LOC_Os03g52940,motif_CE,motif_CE
LOC_Os01g07120,LOC_Os07g15700,motif,merged
LOC_Os01g07120,LOC_Os02g18300,motif,merged
LOC_Os01g07120,LOC_Os10g24410,motif,merged
LOC_Os01g07120,LOC_Os02g42134,motif_CE,motif_CE
LOC_Os01g07120,LOC_Os06g35620,motif_CE,motif_CE
LOC_Os01g07120,LOC_Os05g16990,motif,merged
LOC_Os01g07120,LOC_Os08g06630,motif,merged
LOC_Os01g07120,LOC_Os09g20600,"FunTFBS, motif",merged
LOC_Os01g07120,LOC_Os12g41050,motif,merged
LOC_Os01g07120,LOC_Os01g17000,"motif, motif_CE",merged
LOC_Os01g07120,LOC_Os04g07350,motif,merged
LOC_Os01g07120,LOC_Os01g68210,motif,merged
LOC_Os01g07120,LOC_Os06g10450,motif,merged
LOC_Os01g07120,LOC_Os04g59570,"motif, motif_CE",merged
LOC_Os01g07120,LOC_Os06g42730,"motif, motif_CE",merged
LOC_Os01g07120,LOC_Os01g65940,motif,merged
LOC_Os01g07120,LOC_Os06g46390,motif,merged
LOC_Os01g07120,LOC_Os03g19090,motif,merged
LOC_Os01g07120,LOC_Os08g01100,motif,merged
LOC_Os01g07120,LOC_Os04g45600,FunTFBS,FunTFBS
LOC_Os01g07120,LOC_Os03g14730,motif,merged
LOC_Os01g07120,LOC_Os02g26320,motif,merged
LOC_Os01g07120,LOC_Os01g25130,motif,merged
LOC_Os01g07120,LOC_Os02g20500,motif,merged
LOC_Os01g07120,LOC_Os01g62320,motif,merged
LOC_Os01g07120,LOC_Os12g23830,FunTFBS,FunTFBS
LOC_Os01g07120,LOC_Os02g11130,motif,merged
LOC_Os01g07120,LOC_Os12g27120,motif,merged
LOC_Os01g07120,LOC_Os11g05140,motif,merged
LOC_Os01g07120,LOC_Os01g12240,motif,merged
LOC_Os01g07120,LOC_Os10g34860,motif,merged
LOC_Os01g07120,LOC_Os10g41730,motif,merged
LOC_Os01g07120,LOC_Os07g41360,FunTFBS,FunTFBS
LOC_Os01g07120,LOC_Os02g38180,motif,merged
LOC_Os01g07120,LOC_Os08g38870,motif,merged
LOC_Os01g07120,LOC_Os06g30240,FunTFBS,FunTFBS
LOC_Os01g07120,LOC_Os05g50550,"motif, motif_CE",merged
LOC_Os01g07120,LOC_Os03g56690,motif,merged
LOC_Os01g07120,LOC_Os03g43100,motif,merged
LOC_Os01g07120,LOC_Os05g36900,motif_CE,motif_CE
LOC_Os01g07120,LOC_Os03g15560,"motif, motif_CE",merged
LOC_Os01g07120,LOC_Os03g47550,motif,merged
LOC_Os01g07120,LOC_Os06g40110,motif,merged
LOC_Os01g07120,LOC_Os09g36830,motif_CE,motif_CE
LOC_Os01g07120,LOC_Os06g37490,motif,merged
LOC_Os01g07120,LOC_Os05g26660,"motif, motif_CE",merged
LOC_Os01g07120,LOC_Os08g06620,FunTFBS,FunTFBS
LOC_Os01g07120,LOC_Os06g14170,motif_CE,motif_CE
LOC_Os01g07120,LOC_Os04g05120,motif,merged
LOC_Os01g07120,LOC_Os12g26680,FunTFBS,FunTFBS
LOC_Os01g07120,LOC_Os08g13730,motif,merged
LOC_Os01g07120,LOC_Os11g02020,"FunTFBS, motif, motif_CE",merged
LOC_Os01g07120,LOC_Os06g39640,motif,merged
LOC_Os01g07120,LOC_Os04g33020,motif,merged
LOC_Os01g07120,LOC_Os06g26270,motif,merged
LOC_Os01g07120,LOC_Os01g34690,motif_CE,motif_CE
LOC_Os01g07120,LOC_Os02g08310,motif,merged
LOC_Os01g07120,LOC_Os03g10460,motif_CE,motif_CE
LOC_Os01g07120,LOC_Os07g03458,motif,merged
LOC_Os01g07120,LOC_Os01g05340,motif,merged
LOC_Os01g07120,LOC_Os02g25750,motif,merged
LOC_Os01g07120,LOC_Os04g27410,motif,merged
LOC_Os01g07120,LOC_Os06g49640,"motif, motif_CE",merged
LOC_Os01g07120,LOC_Os01g58470,FunTFBS,FunTFBS
LOC_Os01g07120,LOC_Os01g36229,motif,merged
LOC_Os01g07120,LOC_Os12g32800,FunTFBS,FunTFBS
LOC_Os01g07120,LOC_Os01g12780,motif,merged
LOC_Os01g07120,LOC_Os05g44440,motif,merged
LOC_Os01g07120,LOC_Os08g45010,motif,merged
LOC_Os01g07120,LOC_Os04g48480,motif,merged
LOC_Os01g07120,LOC_Os09g04500,motif,merged
LOC_Os01g07120,LOC_Os05g08360,motif,merged
LOC_Os01g07120,LOC_Os06g39590,motif,merged
LOC_Os01g07120,LOC_Os02g36510,motif,merged
LOC_Os01g07120,LOC_Os07g33280,motif,merged
LOC_Os01g07120,LOC_Os05g39750,motif,merged
LOC_Os01g07120,LOC_Os04g27090,motif,merged
LOC_Os01g07120,LOC_Os03g58900,"motif, motif_CE",merged
LOC_Os01g07120,LOC_Os12g25190,"FunTFBS, motif",merged
LOC_Os01g07120,LOC_Os09g08970,motif,merged
LOC_Os01g07120,LOC_Os05g13790,motif,merged
LOC_Os01g07120,LOC_Os12g34840,motif_CE,motif_CE
LOC_Os01g07120,LOC_Os02g48094,motif,merged
LOC_Os01g07120,LOC_Os01g42510,motif_CE,motif_CE
LOC_Os01g07120,LOC_Os07g30540,motif,merged
LOC_Os01g07120,LOC_Os01g41210,motif,merged
LOC_Os01g07120,LOC_Os02g18470,motif,merged
LOC_Os01g07120,LOC_Os03g01210,"motif, motif_CE",merged
LOC_Os01g07120,LOC_Os05g20129,FunTFBS,FunTFBS
LOC_Os01g07120,LOC_Os01g61814,motif_CE,motif_CE
LOC_Os01g07120,LOC_Os11g47960,motif,merged
LOC_Os01g07120,LOC_Os01g62480,motif_CE,motif_CE
LOC_Os01g07120,LOC_Os10g27190,FunTFBS,FunTFBS
LOC_Os01g07120,LOC_Os04g49610,motif,merged
LOC_Os01g07120,LOC_Os05g50830,motif,merged
LOC_Os01g07120,LOC_Os03g32150,motif_CE,motif_CE
LOC_Os01g07120,LOC_Os05g50160,motif_CE,motif_CE
LOC_Os01g07120,LOC_Os03g03930,motif,merged
LOC_Os01g07120,LOC_Os08g30770,motif,merged
LOC_Os01g07120,LOC_Os01g57340,motif,merged
LOC_Os01g07120,LOC_Os10g06930,motif,merged
LOC_Os01g07120,LOC_Os08g12630,"motif, motif_CE",merged
LOC_Os01g07120,LOC_Os07g36260,motif,merged
LOC_Os01g07120,LOC_Os11g11320,motif,merged
LOC_Os01g07120,LOC_Os03g39930,motif,merged
LOC_Os01g07120,LOC_Os06g26020,motif,merged
LOC_Os01g07120,LOC_Os09g38130,motif,merged
LOC_Os01g07120,LOC_Os01g01330,motif,merged
LOC_Os01g07120,LOC_Os11g26990,motif,merged
LOC_Os01g07120,LOC_Os04g13530,motif,merged
LOC_Os01g07120,LOC_Os10g26150,motif_CE,motif_CE
LOC_Os01g07120,LOC_Os02g16790,"motif, motif_CE",merged
LOC_Os01g07120,LOC_Os07g44299,motif,merged
LOC_Os01g07120,LOC_Os04g49070,motif,merged
LOC_Os01g07120,LOC_Os05g23460,FunTFBS,FunTFBS
LOC_Os01g07120,LOC_Os01g23130,motif,merged
LOC_Os01g07120,LOC_Os02g39140,motif,merged
LOC_Os01g07120,LOC_Os03g52940,"motif, motif_CE",merged
LOC_Os01g07120,LOC_Os05g02310,motif,merged
LOC_Os01g07120,LOC_Os05g17740,motif,merged
LOC_Os01g07120,LOC_Os03g61240,motif,merged
LOC_Os01g07120,LOC_Os05g20180,motif,merged
LOC_Os01g07120,LOC_Os10g26330,motif,merged
LOC_Os01g07120,LOC_Os06g30030,"FunTFBS, motif",merged
LOC_Os01g07120,LOC_Os01g70100,motif,merged
LOC_Os01g07120,LOC_Os07g36150,motif,merged
LOC_Os01g07120,LOC_Os08g38860,motif,merged
LOC_Os01g07120,LOC_Os10g23004,motif,merged
LOC_Os01g07120,LOC_Os10g36650,motif,merged
LOC_Os01g07120,LOC_Os02g26780,"FunTFBS, motif",merged
LOC_Os01g07120,LOC_Os06g43660,motif,merged
LOC_Os01g07120,LOC_Os09g36310,"motif, motif_CE",merged
LOC_Os01g07120,LOC_Os01g42080,motif,merged
LOC_Os01g07120,LOC_Os04g24240,motif,merged
LOC_Os01g07120,LOC_Os05g35770,motif,merged
LOC_Os01g07120,LOC_Os12g01916,motif,merged
LOC_Os01g07120,LOC_Os09g10620,motif_CE,motif_CE
LOC_Os01g07120,LOC_Os01g67720,motif_CE,motif_CE
LOC_Os01g07120,LOC_Os11g23236,motif,merged
LOC_Os01g07120,LOC_Os11g05650,motif,merged
LOC_Os01g07120,LOC_Os02g05880,motif,merged
LOC_Os01g07120,LOC_Os02g39530,motif,merged
LOC_Os01g07120,LOC_Os12g23520,"motif, motif_CE",merged
LOC_Os01g07120,LOC_Os01g43170,motif_CE,motif_CE
LOC_Os01g07120,LOC_Os11g10970,motif,merged
LOC_Os01g07120,LOC_Os01g37850,motif_CE,motif_CE
LOC_Os01g07120,LOC_Os04g55120,motif,merged
LOC_Os01g07120,LOC_Os09g20340,motif,merged
LOC_Os01g07120,LOC_Os12g04710,"FunTFBS, motif",merged
LOC_Os01g07120,LOC_Os02g36540,"motif, motif_CE",merged
LOC_Os01g07120,LOC_Os11g35350,motif,merged
LOC_Os01g07120,LOC_Os01g07500,motif,merged
LOC_Os01g07120,LOC_Os10g22910,motif,merged
LOC_Os01g07120,LOC_Os04g53350,motif_CE,motif_CE
LOC_Os01g07120,LOC_Os03g53770,motif,merged
LOC_Os01g07120,LOC_Os06g14170,"motif, motif_CE",merged
LOC_Os01g07120,LOC_Os11g06290,motif,merged
LOC_Os01g07120,LOC_Os01g39870,"motif, motif_CE",merged
LOC_Os01g07120,LOC_Os03g21530,"motif, motif_CE",merged
LOC_Os01g07120,LOC_Os08g23460,motif_CE,motif_CE
LOC_Os01g07120,LOC_Os12g07870,"FunTFBS, motif",merged
LOC_Os01g07120,LOC_Os04g16870,motif,merged
LOC_Os01g07120,LOC_Os03g04780,motif,merged
LOC_Os01g07120,LOC_Os03g10460,"motif, motif_CE",merged
LOC_Os01g07120,LOC_Os01g10270,motif,merged
LOC_Os01g07120,LOC_Os08g33900,motif,merged
LOC_Os01g07120,LOC_Os03g60910,motif_CE,motif_CE
LOC_Os01g07120,LOC_Os06g22200,FunTFBS,FunTFBS
LOC_Os01g07120,LOC_Os09g25220,motif,merged
LOC_Os01g07120,LOC_Os04g50090,motif,merged
LOC_Os01g07120,LOC_Os07g43070,motif,merged
LOC_Os01g07120,LOC_Os11g38959,motif,merged
LOC_Os01g07120,LOC_Os02g16030,motif,merged
LOC_Os01g07120,LOC_Os06g46880,motif,merged
LOC_Os01g07120,LOC_Os09g11800,"FunTFBS, motif",merged
LOC_Os01g07120,LOC_Os09g39980,motif,merged
LOC_Os01g07120,LOC_Os02g27100,"motif, motif_CE",merged
LOC_Os01g07120,LOC_Os04g04330,"motif, motif_CE",merged
LOC_Os01g07120,LOC_Os03g57870,"motif, motif_CE",merged
LOC_Os01g07120,LOC_Os01g02130,motif,merged
LOC_Os01g07120,LOC_Os05g30340,motif,merged
LOC_Os01g07120,LOC_Os01g19990,motif_CE,motif_CE
LOC_Os01g07120,LOC_Os12g38650,"motif, motif_CE",merged
LOC_Os01g07120,LOC_Os05g39200,"motif, motif_CE",merged
LOC_Os01g07120,LOC_Os02g31330,motif,merged
LOC_Os01g07120,LOC_Os11g31200,"FunTFBS, motif",merged
LOC_Os01g07120,LOC_Os05g38390,motif_CE,motif_CE
LOC_Os01g07120,LOC_Os11g43450,motif,merged
LOC_Os01g07120,LOC_Os11g32880,motif,merged
LOC_Os01g07120,LOC_Os09g38400,motif_CE,motif_CE
LOC_Os01g07120,LOC_Os12g40115,motif_CE,motif_CE
LOC_Os01g07120,LOC_Os05g49860,motif_CE,motif_CE
LOC_Os01g07120,LOC_Os03g41570,motif,merged
LOC_Os01g07120,LOC_Os01g29830,motif,merged
LOC_Os01g07120,LOC_Os12g38680,motif,merged
LOC_Os01g07120,LOC_Os05g34640,motif,merged
LOC_Os01g07120,LOC_Os07g39850,"motif, motif_CE",merged
LOC_Os01g07120,LOC_Os02g51100,motif_CE,motif_CE
LOC_Os01g07120,LOC_Os01g54610,"FunTFBS, motif",merged
LOC_Os01g07120,LOC_Os08g06360,motif,merged
LOC_Os01g07120,LOC_Os01g42510,"motif, motif_CE",merged
LOC_Os01g07120,LOC_Os08g24090,motif,merged
LOC_Os01g07120,LOC_Os05g16590,motif,merged
LOC_Os01g07120,LOC_Os03g49590,motif_CE,motif_CE
LOC_Os01g07120,LOC_Os03g34120,motif,merged
LOC_Os01g07120,LOC_Os02g02275,motif,merged
LOC_Os01g07120,LOC_Os01g62480,"motif, motif_CE",merged
LOC_Os01g07120,LOC_Os06g05090,motif_CE,motif_CE
LOC_Os01g07120,LOC_Os11g12670,motif,merged
LOC_Os01g07120,LOC_Os03g32150,"motif, motif_CE",merged
LOC_Os01g07120,LOC_Os01g16750,motif,merged
LOC_Os01g07120,LOC_Os04g53930,motif,merged
LOC_Os01g07120,LOC_Os03g54170,"motif, motif_CE",merged
LOC_Os01g07120,LOC_Os10g25487,motif_CE,motif_CE
LOC_Os01g07120,LOC_Os10g24070,motif,merged
LOC_Os01g07120,LOC_Os07g33640,motif,merged
LOC_Os01g07120,LOC_Os05g49660,motif,merged
LOC_Os01g07120,LOC_Os02g03740,motif,merged
LOC_Os01g07120,LOC_Os01g53280,motif,merged
LOC_Os01g07120,LOC_Os07g48340,motif,merged
LOC_Os01g07120,LOC_Os07g42270,motif,merged
LOC_Os01g07120,LOC_Os07g14630,FunTFBS,FunTFBS
LOC_Os01g07120,LOC_Os02g39170,"motif, motif_CE",merged
LOC_Os01g07120,LOC_Os01g70270,"motif, motif_CE",merged
LOC_Os01g07120,LOC_Os01g52200,motif_CE,motif_CE
LOC_Os01g07120,LOC_Os09g15870,motif,merged
LOC_Os01g07120,LOC_Os07g37420,"motif, motif_CE",merged
LOC_Os01g07120,LOC_Os06g40220,motif,merged
LOC_Os01g07120,LOC_Os12g09080,"motif, motif_CE",merged
LOC_Os01g07120,LOC_Os12g08230,motif,merged
LOC_Os01g07120,LOC_Os09g23570,motif,merged
LOC_Os01g07120,LOC_Os10g20300,motif,merged
LOC_Os01g07120,LOC_Os02g01760,motif_CE,motif_CE
LOC_Os01g07120,LOC_Os02g14870,motif,merged
LOC_Os01g07120,LOC_Os12g11220,motif,merged
LOC_Os01g07120,LOC_Os04g45990,motif,merged
LOC_Os01g07120,LOC_Os08g15620,motif,merged
LOC_Os01g07120,LOC_Os03g27170,motif,merged
LOC_Os01g07120,LOC_Os04g02630,motif,merged
LOC_Os01g07120,LOC_Os05g50650,FunTFBS,FunTFBS
LOC_Os01g07120,LOC_Os05g02920,motif,merged
LOC_Os01g07120,LOC_Os04g22060,motif_CE,motif_CE
LOC_Os01g07120,LOC_Os03g24890,FunTFBS,FunTFBS
LOC_Os01g07120,LOC_Os08g42920,motif_CE,motif_CE
LOC_Os01g07120,LOC_Os05g11010,motif,merged
LOC_Os01g07120,LOC_Os06g14010,motif,merged
LOC_Os01g07120,LOC_Os01g23480,motif,merged
LOC_Os01g07120,LOC_Os12g29400,motif,merged
LOC_Os01g07120,LOC_Os11g37770,motif,merged
LOC_Os01g07120,LOC_Os09g10620,"motif, motif_CE",merged
LOC_Os01g07120,LOC_Os10g30440,motif,merged
LOC_Os01g07120,LOC_Os10g26650,"motif, motif_CE",merged
LOC_Os01g07120,LOC_Os11g38830,motif,merged
LOC_Os01g07120,LOC_Os02g30730,FunTFBS,FunTFBS
LOC_Os01g07120,LOC_Os09g29990,motif_CE,motif_CE
LOC_Os01g07120,LOC_Os01g42500,motif,merged
LOC_Os01g07120,LOC_Os02g35890,motif_CE,motif_CE
LOC_Os01g07120,LOC_Os12g07510,motif,merged
LOC_Os01g07120,LOC_Os07g05560,motif_CE,motif_CE
LOC_Os01g07120,LOC_Os06g50760,motif,merged
LOC_Os01g07120,LOC_Os02g45070,motif,merged
LOC_Os01g07120,LOC_Os04g53350,"motif, motif_CE",merged
LOC_Os01g07120,LOC_Os08g25780,"FunTFBS, motif",merged
LOC_Os01g07120,LOC_Os09g36650,motif,merged
LOC_Os01g07120,LOC_Os08g16570,"motif, motif_CE",merged
LOC_Os01g07120,LOC_Os03g17200,motif_CE,motif_CE
LOC_Os01g07120,LOC_Os03g06870,FunTFBS,FunTFBS
LOC_Os01g07120,LOC_Os01g45390,motif_CE,motif_CE
LOC_Os01g07120,LOC_Os05g28830,motif,merged
LOC_Os01g07120,LOC_Os09g12050,motif,merged
LOC_Os01g07120,LOC_Os12g07810,FunTFBS,FunTFBS
LOC_Os01g07120,LOC_Os01g13150,"motif, motif_CE",merged
LOC_Os01g07120,LOC_Os12g40279,motif,merged
LOC_Os01g07120,LOC_Os08g23460,"motif, motif_CE",merged
LOC_Os01g07120,LOC_Os11g27660,motif,merged
LOC_Os01g07120,LOC_Os06g04600,"motif, motif_CE",merged
LOC_Os01g07120,LOC_Os02g13970,motif,merged
LOC_Os01g07120,LOC_Os03g28370,motif,merged
LOC_Os01g07120,LOC_Os04g58690,motif,merged
LOC_Os01g07120,ChrUn.fgenesh.gene.80,motif,merged
LOC_Os01g07120,LOC_Os02g56180,motif_CE,motif_CE
LOC_Os01g07120,LOC_Os03g39598,"motif, motif_CE",merged
LOC_Os01g07120,LOC_Os04g58250,motif,merged
LOC_Os01g07120,LOC_Os09g11290,motif,merged
LOC_Os01g07120,LOC_Os06g03450,motif,merged
LOC_Os01g07120,LOC_Os01g63500,"motif, motif_CE",merged
LOC_Os01g07120,LOC_Os03g20530,motif,merged
LOC_Os01g07120,LOC_Os08g24370,motif,merged
LOC_Os01g07120,LOC_Os05g33320,"motif, motif_CE",merged
LOC_Os01g07120,LOC_Os05g43650,"motif, motif_CE",merged
LOC_Os01g07120,LOC_Os02g25020,motif_CE,motif_CE
LOC_Os01g07120,LOC_Os07g09620,"motif, motif_CE",merged
LOC_Os01g07120,LOC_Os03g30010,motif,merged
LOC_Os01g07120,LOC_Os01g17370,motif,merged
LOC_Os01g07120,LOC_Os01g40050,motif_CE,motif_CE
LOC_Os01g07120,LOC_Os12g29830,motif,merged
LOC_Os01g07120,LOC_Os01g19990,"motif, motif_CE",merged
LOC_Os01g07120,LOC_Os03g02620,motif,merged
LOC_Os01g07120,LOC_Os02g08350,"motif, motif_CE",merged
LOC_Os01g07120,LOC_Os04g39050,"motif, motif_CE",merged
LOC_Os01g07120,LOC_Os08g45000,motif,merged
LOC_Os01g07120,LOC_Os05g44630,motif_CE,motif_CE
LOC_Os01g07120,LOC_Os01g61080,motif,merged
LOC_Os01g07120,LOC_Os03g43420,"motif, motif_CE",merged
LOC_Os01g07120,LOC_Os09g38400,"motif, motif_CE",merged
LOC_Os01g07120,LOC_Os01g07330,motif,merged
LOC_Os01g07120,LOC_Os12g40115,"motif, motif_CE",merged
LOC_Os01g07120,LOC_Os12g23260,"FunTFBS, motif",merged
LOC_Os01g07120,LOC_Os11g31330,motif,merged
LOC_Os01g07120,LOC_Os06g42300,motif,merged
LOC_Os01g07120,LOC_Os03g23030,motif_CE,motif_CE
LOC_Os01g07120,LOC_Os12g01922,motif_CE,motif_CE
LOC_Os01g07120,LOC_Os06g38310,motif,merged
LOC_Os01g07120,LOC_Os04g12790,"FunTFBS, motif",merged
LOC_Os01g07120,LOC_Os02g51100,"motif, motif_CE",merged
LOC_Os01g07120,LOC_Os01g01340,motif,merged
LOC_Os01g07120,LOC_Os10g16790,motif,merged
LOC_Os01g07120,LOC_Os06g01190,motif,merged
LOC_Os01g07120,LOC_Os10g01540,FunTFBS,FunTFBS
LOC_Os01g07120,LOC_Os12g07874,motif,merged
LOC_Os01g07120,LOC_Os07g08030,motif_CE,motif_CE
LOC_Os01g07120,LOC_Os07g28940,"FunTFBS, motif",merged
LOC_Os01g07120,LOC_Os09g13680,motif,merged
LOC_Os01g07120,LOC_Os03g61510,motif,merged
LOC_Os01g07120,LOC_Os03g25380,"motif, motif_CE",merged
LOC_Os01g07120,LOC_Os02g53790,motif_CE,motif_CE
LOC_Os01g07120,LOC_Os11g11890,motif,merged
LOC_Os01g07120,LOC_Os12g34840,"motif, motif_CE",merged
LOC_Os01g07120,LOC_Os10g08440,motif,merged
LOC_Os01g07120,LOC_Os12g18130,"motif, motif_CE",merged
LOC_Os01g07120,LOC_Os06g05600,motif,merged
LOC_Os01g07120,LOC_Os02g08160,motif,merged
LOC_Os01g07120,LOC_Os09g37290,motif,merged
LOC_Os01g07120,LOC_Os06g43060,"motif, motif_CE",merged
LOC_Os01g07120,LOC_Os01g06370,motif,merged
LOC_Os01g07120,LOC_Os11g36580,motif,merged
LOC_Os01g07120,LOC_Os03g22360,motif,merged
LOC_Os01g07120,LOC_Os02g08190,motif_CE,motif_CE
LOC_Os01g07120,LOC_Os06g35770,motif,merged
LOC_Os01g07120,LOC_Os10g19080,motif,merged
LOC_Os01g07120,LOC_Os07g32640,motif,merged
LOC_Os01g07120,LOC_Os10g30990,motif,merged
LOC_Os01g07120,LOC_Os05g04180,FunTFBS,FunTFBS
LOC_Os01g07120,LOC_Os04g24100,motif,merged
LOC_Os01g07120,LOC_Os01g58770,FunTFBS,FunTFBS
LOC_Os01g07120,LOC_Os12g13530,motif_CE,motif_CE
LOC_Os01g07120,LOC_Os07g02180,motif,merged
LOC_Os01g07120,LOC_Os05g37940,motif,merged
LOC_Os01g07120,LOC_Os08g04070,motif,merged
LOC_Os01g07120,LOC_Os08g24050,motif,merged
LOC_Os01g07120,LOC_Os02g49420,motif,merged
LOC_Os01g07120,LOC_Os01g41720,motif,merged
LOC_Os01g07120,LOC_Os06g28870,motif,merged
LOC_Os01g07120,LOC_Os01g52200,"motif, motif_CE",merged
LOC_Os01g07120,LOC_Os08g24670,motif,merged
LOC_Os01g07120,LOC_Os04g35490,motif,merged
LOC_Os01g07120,LOC_Os12g26050,motif,merged
LOC_Os01g07120,LOC_Os08g06700,motif,merged
LOC_Os01g07120,LOC_Os03g59010,motif,merged
LOC_Os01g07120,LOC_Os04g55310,motif,merged
LOC_Os01g07120,LOC_Os12g06110,motif,merged
LOC_Os01g07120,LOC_Os11g04280,motif,merged
LOC_Os01g07120,LOC_Os05g40620,motif,merged
LOC_Os01g07120,LOC_Os12g40930,motif,merged
LOC_Os01g07120,LOC_Os08g37310,FunTFBS,FunTFBS
LOC_Os01g07120,LOC_Os03g24320,motif,merged
LOC_Os01g07120,LOC_Os08g37904,motif,merged
LOC_Os01g07120,LOC_Os03g50380,"FunTFBS, motif, motif_CE",merged
LOC_Os01g07120,LOC_Os12g12170,motif_CE,motif_CE
LOC_Os01g07120,LOC_Os03g27770,"motif, motif_CE",merged
LOC_Os01g07120,LOC_Os09g32650,motif,merged
LOC_Os01g07120,LOC_Os03g03520,motif,merged
LOC_Os01g07120,LOC_Os02g19170,motif_CE,motif_CE
LOC_Os01g07120,LOC_Os02g30600,motif_CE,motif_CE
LOC_Os01g07120,LOC_Os10g17980,motif,merged
LOC_Os01g07120,LOC_Os04g08240,motif,merged
LOC_Os01g07120,LOC_Os01g68810,"FunTFBS, motif, motif_CE",merged
LOC_Os01g07120,LOC_Os12g40550,"motif, motif_CE",merged
LOC_Os01g07120,LOC_Os09g29990,"motif, motif_CE",merged
LOC_Os01g07120,LOC_Os05g36330,motif,merged
LOC_Os01g07120,LOC_Os02g35890,"motif, motif_CE",merged
LOC_Os01g07120,LOC_Os02g35950,"FunTFBS, motif, motif_CE",merged
LOC_Os01g07120,LOC_Os10g29400,motif,merged
LOC_Os01g07120,LOC_Os01g37850,"motif, motif_CE",merged
LOC_Os01g07120,LOC_Os03g17200,"motif, motif_CE",merged
LOC_Os01g07120,LOC_Os07g34390,"motif, motif_CE",merged
LOC_Os01g07120,LOC_Os11g14860,motif,merged
LOC_Os01g07120,LOC_Os11g41140,motif,merged
LOC_Os01g07120,LOC_Os10g35990,motif,merged
LOC_Os01g07120,LOC_Os04g42451,motif,merged
LOC_Os01g07120,LOC_Os03g30744,motif,merged
LOC_Os01g07120,LOC_Os01g32000,motif,merged
LOC_Os01g07120,LOC_Os01g21520,motif_CE,motif_CE
LOC_Os01g07120,LOC_Os03g14860,motif,merged
LOC_Os01g07120,LOC_Os11g42410,motif,merged
LOC_Os01g07120,LOC_Os05g13850,motif,merged
LOC_Os01g07120,LOC_Os01g18070,motif_CE,motif_CE
LOC_Os01g07120,LOC_Os12g41480,motif,merged
LOC_Os01g07120,LOC_Os06g01040,motif,merged
LOC_Os01g07120,LOC_Os04g52060,motif_CE,motif_CE
LOC_Os01g07120,LOC_Os04g47140,"FunTFBS, motif",merged
LOC_Os01g07120,LOC_Os03g28400,motif,merged
LOC_Os01g07120,LOC_Os04g28590,motif,merged
LOC_Os01g07120,LOC_Os06g28530,motif,merged
LOC_Os01g07120,LOC_Os06g04410,motif,merged
LOC_Os01g07120,LOC_Os12g36310,motif,merged
LOC_Os01g07120,LOC_Os04g05480,motif,merged
LOC_Os01g07120,LOC_Os06g48430,motif,merged
LOC_Os01g07120,LOC_Os09g04670,motif_CE,motif_CE
LOC_Os01g07120,LOC_Os12g30940,motif,merged
LOC_Os01g07120,LOC_Os01g22490,motif,merged
LOC_Os01g07120,LOC_Os07g24950,motif,merged
LOC_Os01g07120,LOC_Os11g37190,"FunTFBS, motif, motif_CE",merged
LOC_Os01g07120,LOC_Os02g04810,motif,merged
LOC_Os01g07120,LOC_Os06g07820,motif,merged
LOC_Os01g07120,LOC_Os04g10330,motif,merged
LOC_Os01g07120,LOC_Os06g01070,motif,merged
LOC_Os01g07120,LOC_Os10g23080,motif,merged
LOC_Os01g07120,LOC_Os01g43440,"FunTFBS, motif",merged
LOC_Os01g07120,LOC_Os02g49230,motif,merged
LOC_Os01g07120,LOC_Os06g10700,motif,merged
LOC_Os01g07120,LOC_Os03g29035,motif,merged
LOC_Os01g07120,LOC_Os03g18370,motif_CE,motif_CE
LOC_Os01g07120,LOC_Os07g20220,motif,merged
LOC_Os01g07120,LOC_Os03g10710,motif,merged
LOC_Os01g07120,LOC_Os05g28500,motif,merged
LOC_Os01g07120,LOC_Os05g49860,"motif, motif_CE",merged
LOC_Os01g07120,LOC_Os01g34940,motif,merged
LOC_Os01g07120,LOC_Os02g53790,"motif, motif_CE",merged
LOC_Os01g07120,LOC_Os07g41320,motif_CE,motif_CE
LOC_Os01g07120,LOC_Os03g46660,motif,merged
LOC_Os01g07120,LOC_Os06g19810,motif,merged
LOC_Os01g07120,LOC_Os02g27890,motif,merged
LOC_Os01g07120,LOC_Os10g10260,motif,merged
LOC_Os01g07120,LOC_Os12g27840,motif,merged
LOC_Os01g07120,LOC_Os05g27700,motif,merged
LOC_Os01g07120,LOC_Os08g05290,motif_CE,motif_CE
LOC_Os01g07120,LOC_Os11g01010,"FunTFBS, motif",merged
LOC_Os01g07120,LOC_Os01g15590,motif,merged
LOC_Os01g07120,LOC_Os04g44270,FunTFBS,FunTFBS
LOC_Os01g07120,LOC_Os07g38010,motif_CE,motif_CE
LOC_Os01g07120,LOC_Os07g48610,"FunTFBS, motif",merged
LOC_Os01g07120,LOC_Os09g21260,motif,merged
LOC_Os01g07120,LOC_Os12g38620,motif_CE,motif_CE
LOC_Os01g07120,LOC_Os09g26440,motif,merged
LOC_Os01g07120,LOC_Os04g43550,motif,merged
LOC_Os01g07120,LOC_Os08g11970,motif,merged
LOC_Os01g07120,ChrUn.fgenesh.gene.63,motif,merged
LOC_Os01g07120,LOC_Os03g56830,FunTFBS,FunTFBS
LOC_Os01g07120,LOC_Os12g11340,motif,merged
LOC_Os01g07120,LOC_Os02g08190,"motif, motif_CE",merged
LOC_Os01g07120,LOC_Os12g02940,motif,merged
LOC_Os01g07120,LOC_Os04g32760,"FunTFBS, motif, motif_CE",merged
LOC_Os01g07120,LOC_Os12g19870,motif,merged
LOC_Os01g07120,LOC_Os11g26730,motif,merged
LOC_Os01g07120,LOC_Os12g38310,motif_CE,motif_CE
LOC_Os01g07120,LOC_Os04g46079,motif_CE,motif_CE
LOC_Os01g07120,LOC_Os01g19640,motif,merged
LOC_Os01g07120,LOC_Os08g26160,motif,merged
LOC_Os01g07120,LOC_Os01g44310,motif_CE,motif_CE
LOC_Os01g07120,LOC_Os05g07950,motif,merged
LOC_Os01g07120,LOC_Os02g45150,motif,merged
LOC_Os01g07120,LOC_Os08g40250,motif_CE,motif_CE
LOC_Os01g07120,LOC_Os03g52794,FunTFBS,FunTFBS
LOC_Os01g07120,LOC_Os03g04950,motif,merged
LOC_Os01g07120,LOC_Os02g50000,motif_CE,motif_CE
LOC_Os01g07120,LOC_Os03g30400,FunTFBS,FunTFBS
LOC_Os01g07120,LOC_Os01g67570,motif_CE,motif_CE
LOC_Os01g07120,LOC_Os02g31280,motif,merged
LOC_Os01g07120,LOC_Os03g07110,motif_CE,motif_CE
LOC_Os01g07120,LOC_Os09g03170,motif,merged
LOC_Os01g07120,LOC_Os08g19850,motif_CE,motif_CE
LOC_Os01g07120,LOC_Os04g58790,motif_CE,motif_CE
LOC_Os01g07120,LOC_Os06g32850,motif,merged
LOC_Os01g07120,LOC_Os02g49680,motif_CE,motif_CE
LOC_Os01g07120,LOC_Os04g54330,motif,merged
LOC_Os01g07120,LOC_Os08g15050,"motif, motif_CE",merged
LOC_Os01g07120,LOC_Os03g62200,motif_CE,motif_CE
LOC_Os01g07120,LOC_Os06g04590,"motif, motif_CE",merged
LOC_Os01g07120,LOC_Os02g49360,"motif, motif_CE",merged
LOC_Os01g07120,LOC_Os11g04730,motif,merged
LOC_Os01g07120,LOC_Os12g12170,"motif, motif_CE",merged
LOC_Os01g07120,LOC_Os03g01100,motif_CE,motif_CE
LOC_Os01g07120,LOC_Os04g52164,FunTFBS,FunTFBS
LOC_Os01g07120,LOC_Os07g16240,motif,merged
LOC_Os01g07120,LOC_Os07g09430,motif,merged
LOC_Os01g07120,LOC_Os03g18550,"motif, motif_CE",merged
LOC_Os01g07120,LOC_Os03g21220,motif,merged
LOC_Os01g07120,LOC_Os10g10664,motif,merged
LOC_Os01g07120,LOC_Os12g12610,motif,merged
LOC_Os01g07120,LOC_Os11g37400,FunTFBS,FunTFBS
LOC_Os01g07120,LOC_Os12g10080,motif,merged
LOC_Os01g07120,LOC_Os11g26130,motif,merged
LOC_Os01g07120,LOC_Os04g20360,"FunTFBS, motif, motif_CE",merged
LOC_Os01g07120,LOC_Os10g06030,motif,merged
LOC_Os01g07120,LOC_Os07g01570,motif,merged
LOC_Os01g07120,LOC_Os02g36300,motif,merged
LOC_Os01g07120,LOC_Os10g17520,motif,merged
LOC_Os01g07120,LOC_Os08g42050,motif,merged
LOC_Os01g07120,LOC_Os11g14500,"FunTFBS, motif",merged
LOC_Os01g07120,LOC_Os07g05560,"motif, motif_CE",merged
LOC_Os01g07120,LOC_Os01g15290,motif,merged
LOC_Os01g07120,LOC_Os01g60480,"FunTFBS, motif, motif_CE",merged
LOC_Os01g07120,LOC_Os12g41670,motif_CE,motif_CE
LOC_Os01g07120,LOC_Os08g41690,motif_CE,motif_CE
LOC_Os01g07120,LOC_Os03g37984,motif,merged
LOC_Os01g07120,LOC_Os10g08590,motif_CE,motif_CE
LOC_Os01g07120,LOC_Os01g18070,"motif, motif_CE",merged
LOC_Os01g07120,LOC_Os01g19140,motif,merged
LOC_Os01g07120,LOC_Os04g14980,motif,merged
LOC_Os01g07120,LOC_Os02g14720,motif,merged
LOC_Os01g07120,LOC_Os10g34180,"motif, motif_CE",merged
LOC_Os01g07120,LOC_Os09g02640,"FunTFBS, motif",merged
LOC_Os01g07120,LOC_Os04g52060,"motif, motif_CE",merged
LOC_Os01g07120,LOC_Os05g25120,motif,merged
LOC_Os01g07120,LOC_Os07g47650,"motif, motif_CE",merged
LOC_Os01g07120,LOC_Os12g40780,motif,merged
LOC_Os01g07120,LOC_Os02g56180,"motif, motif_CE",merged
LOC_Os01g07120,LOC_Os10g07966,motif,merged
LOC_Os01g07120,LOC_Os07g43200,motif,merged
LOC_Os01g07120,LOC_Os08g23730,"FunTFBS, motif, motif_CE",merged
LOC_Os01g07120,LOC_Os03g54930,FunTFBS,FunTFBS
LOC_Os01g07120,LOC_Os03g47640,motif,merged
LOC_Os01g07120,LOC_Os12g36950,motif,merged
LOC_Os01g07120,LOC_Os03g29980,motif,merged
LOC_Os01g07120,LOC_Os08g28630,motif,merged
LOC_Os01g07120,LOC_Os09g04670,"motif, motif_CE",merged
LOC_Os01g07120,LOC_Os06g22260,motif,merged
LOC_Os01g07120,LOC_Os02g38804,motif,merged
LOC_Os01g07120,LOC_Os03g47090,motif,merged
LOC_Os01g07120,LOC_Os09g33920,motif_CE,motif_CE
LOC_Os01g07120,LOC_Os06g19390,motif,merged
LOC_Os01g07120,ChrUn.fgenesh.gene.71,motif,merged
LOC_Os01g07120,LOC_Os09g34010,motif,merged
LOC_Os01g07120,LOC_Os07g09030,motif,merged
LOC_Os01g07120,LOC_Os08g01230,motif,merged
LOC_Os01g07120,LOC_Os10g19010,motif,merged
LOC_Os01g07120,LOC_Os12g38520,motif,merged
LOC_Os01g07120,LOC_Os12g39120,"motif, motif_CE",merged
LOC_Os01g07120,LOC_Os05g14150,motif_CE,motif_CE
LOC_Os01g07120,LOC_Os03g06340,motif_CE,motif_CE
LOC_Os01g07120,LOC_Os07g33120,motif,merged
LOC_Os01g07120,LOC_Os12g40770,motif_CE,motif_CE
LOC_Os01g07120,LOC_Os05g20050,motif_CE,motif_CE
LOC_Os01g07120,LOC_Os01g16110,FunTFBS,FunTFBS
LOC_Os01g07120,LOC_Os03g07920,motif_CE,motif_CE
LOC_Os01g07120,LOC_Os05g10450,motif,merged
LOC_Os01g07120,LOC_Os04g56220,motif,merged
LOC_Os01g07120,LOC_Os01g69240,motif,merged
LOC_Os01g07120,LOC_Os04g54820,motif,merged
LOC_Os01g07120,LOC_Os09g10950,motif,merged
LOC_Os01g07120,LOC_Os08g06040,"motif, motif_CE",merged
LOC_Os01g07120,LOC_Os08g01770,"motif, motif_CE",merged
LOC_Os01g07120,LOC_Os12g38620,"motif, motif_CE",merged
LOC_Os01g07120,LOC_Os08g40030,motif_CE,motif_CE
LOC_Os01g07120,LOC_Os11g37740,motif,merged
LOC_Os01g07120,LOC_Os07g03640,motif,merged
LOC_Os01g07120,LOC_Os03g44100,motif,merged
LOC_Os01g07120,LOC_Os11g20110,motif,merged
LOC_Os01g07120,LOC_Os06g46570,motif,merged
LOC_Os01g07120,LOC_Os03g06090,motif,merged
LOC_Os01g07120,LOC_Os10g26950,motif_CE,motif_CE
LOC_Os01g07120,LOC_Os10g32070,motif,merged
LOC_Os01g07120,LOC_Os03g62040,motif,merged
LOC_Os01g07120,LOC_Os04g01130,motif_CE,motif_CE
LOC_Os01g07120,LOC_Os09g14750,motif,merged
LOC_Os01g07120,LOC_Os06g05520,motif,merged
LOC_Os01g07120,LOC_Os04g49060,motif,merged
LOC_Os01g07120,LOC_Os02g12820,motif,merged
LOC_Os01g07120,LOC_Os02g50300,motif,merged
LOC_Os01g07120,LOC_Os02g58060,motif,merged
LOC_Os01g07120,LOC_Os03g27710,motif,merged
LOC_Os01g07120,LOC_Os10g01840,motif,merged
LOC_Os01g07120,LOC_Os08g33960,motif,merged
LOC_Os01g07120,LOC_Os03g49240,motif,merged
LOC_Os01g07120,LOC_Os02g50000,"motif, motif_CE",merged
LOC_Os01g07120,LOC_Os02g28820,motif,merged
LOC_Os01g07120,LOC_Os02g01365,motif,merged
LOC_Os01g07120,LOC_Os09g09820,"FunTFBS, motif",merged
LOC_Os01g07120,LOC_Os06g02770,motif,merged
LOC_Os01g07120,LOC_Os05g28860,motif,merged
LOC_Os01g07120,LOC_Os01g07750,motif,merged
LOC_Os01g07120,LOC_Os06g33590,motif,merged
LOC_Os01g07120,LOC_Os01g04350,motif,merged
LOC_Os01g07120,LOC_Os09g39840,motif,merged
LOC_Os01g07120,LOC_Os03g15180,motif_CE,motif_CE
LOC_Os01g07120,LOC_Os12g09280,FunTFBS,FunTFBS
LOC_Os01g07120,LOC_Os11g44430,"motif, motif_CE",merged
LOC_Os01g07120,LOC_Os06g43010,motif,merged
LOC_Os01g07120,LOC_Os03g14100,motif,merged
LOC_Os01g07120,LOC_Os12g20050,motif,merged
LOC_Os01g07120,LOC_Os11g02200,motif_CE,motif_CE
LOC_Os01g07120,LOC_Os07g42570,motif,merged
LOC_Os01g07120,LOC_Os04g18980,motif,merged
LOC_Os01g07120,LOC_Os01g04600,FunTFBS,FunTFBS
LOC_Os01g07120,LOC_Os10g25130,motif,merged
LOC_Os01g07120,LOC_Os01g09270,motif,merged
LOC_Os01g07120,LOC_Os02g56990,"FunTFBS, motif, motif_CE",merged
LOC_Os01g07120,LOC_Os08g06880,motif_CE,motif_CE
LOC_Os01g07120,LOC_Os12g15880,motif,merged
LOC_Os01g07120,LOC_Os04g42580,motif,merged
LOC_Os01g07120,LOC_Os02g27790,"motif, motif_CE",merged
LOC_Os01g07120,LOC_Os01g06900,motif,merged
LOC_Os01g07120,LOC_Os04g56810,"FunTFBS, motif",merged
LOC_Os01g07120,LOC_Os10g40810,motif_CE,motif_CE
LOC_Os01g07120,LOC_Os06g48540,motif,merged
LOC_Os01g07120,LOC_Os04g34100,"FunTFBS, motif, motif_CE",merged
LOC_Os01g07120,LOC_Os12g06560,motif,merged
LOC_Os01g07120,LOC_Os02g26140,motif_CE,motif_CE
LOC_Os01g07120,LOC_Os07g47050,"FunTFBS, motif, motif_CE",merged
LOC_Os01g07120,LOC_Os02g03180,motif,merged
LOC_Os01g07120,LOC_Os05g48910,motif,merged
LOC_Os01g07120,LOC_Os01g50120,motif_CE,motif_CE
LOC_Os01g07120,LOC_Os11g42350,"motif, motif_CE",merged
LOC_Os01g07120,LOC_Os02g32070,motif,merged
LOC_Os01g07120,LOC_Os08g44180,motif,merged
LOC_Os01g07120,LOC_Os11g07230,motif,merged
LOC_Os01g07120,LOC_Os09g21040,"motif, motif_CE",merged
LOC_Os01g07120,LOC_Os05g04990,motif,merged
LOC_Os01g07120,LOC_Os07g38100,motif_CE,motif_CE
LOC_Os01g07120,LOC_Os01g45990,FunTFBS,FunTFBS
LOC_Os01g07120,LOC_Os08g41690,"motif, motif_CE",merged
LOC_Os01g07120,LOC_Os12g32050,motif,merged
LOC_Os01g07120,LOC_Os06g09660,motif_CE,motif_CE
LOC_Os01g07120,LOC_Os01g68200,motif,merged
LOC_Os01g07120,LOC_Os11g13800,motif,merged
LOC_Os01g07120,LOC_Os04g46690,motif,merged
LOC_Os01g07120,LOC_Os09g26380,motif,merged
LOC_Os01g07120,LOC_Os02g40630,motif,merged
LOC_Os01g07120,LOC_Os09g24720,motif,merged
LOC_Os01g07120,LOC_Os06g34830,motif,merged
LOC_Os01g07120,LOC_Os05g02250,motif_CE,motif_CE
LOC_Os01g07120,LOC_Os09g33920,"motif, motif_CE",merged
LOC_Os01g07120,LOC_Os05g06830,motif,merged
LOC_Os01g07120,LOC_Os05g12310,motif,merged
LOC_Os01g07120,LOC_Os07g39380,motif,merged
LOC_Os01g07120,LOC_Os09g36240,"motif, motif_CE",merged
LOC_Os01g07120,LOC_Os09g09850,motif,merged
LOC_Os01g07120,LOC_Os07g08660,motif,merged
LOC_Os01g07120,LOC_Os03g22060,motif_CE,motif_CE
LOC_Os01g07120,LOC_Os03g19500,"motif, motif_CE",merged
LOC_Os01g07120,LOC_Os01g71020,motif,merged
LOC_Os01g07120,LOC_Os04g06970,motif,merged
LOC_Os01g07120,LOC_Os06g29860,motif,merged
LOC_Os01g07120,LOC_Os05g14150,"motif, motif_CE",merged
LOC_Os01g07120,LOC_Os01g25210,motif,merged
LOC_Os01g07120,LOC_Os05g40820,motif_CE,motif_CE
LOC_Os01g07120,LOC_Os12g40770,"motif, motif_CE",merged
LOC_Os01g07120,LOC_Os05g20050,"motif, motif_CE",merged
LOC_Os01g07120,LOC_Os03g07920,"motif, motif_CE",merged
LOC_Os01g07120,LOC_Os04g01950,motif,merged
LOC_Os01g07120,LOC_Os12g40960,motif,merged
LOC_Os01g07120,LOC_Os01g06290,motif,merged
LOC_Os01g07120,LOC_Os03g62160,motif_CE,motif_CE
LOC_Os01g07120,LOC_Os01g52780,"FunTFBS, motif",merged
LOC_Os01g07120,LOC_Os03g50620,"motif, motif_CE",merged
LOC_Os01g07120,LOC_Os09g14460,motif,merged
LOC_Os01g07120,LOC_Os02g47360,motif_CE,motif_CE
LOC_Os01g07120,LOC_Os12g09330,motif,merged
LOC_Os01g07120,LOC_Os11g24550,motif,merged
LOC_Os01g07120,LOC_Os12g19100,motif,merged
LOC_Os01g07120,LOC_Os12g35990,motif,merged
LOC_Os01g07120,LOC_Os02g06260,motif_CE,motif_CE
LOC_Os01g07120,LOC_Os01g21020,motif,merged
LOC_Os01g07120,LOC_Os03g43960,motif,merged
LOC_Os01g07120,LOC_Os02g04890,motif,merged
LOC_Os01g07120,LOC_Os02g46320,motif_CE,motif_CE
LOC_Os01g07120,LOC_Os08g05290,"motif, motif_CE",merged
LOC_Os01g07120,LOC_Os11g26470,motif_CE,motif_CE
LOC_Os01g07120,LOC_Os04g23210,FunTFBS,FunTFBS
LOC_Os01g07120,LOC_Os07g38010,"motif, motif_CE",merged
LOC_Os01g07120,LOC_Os11g41350,motif,merged
LOC_Os01g07120,LOC_Os08g03650,motif,merged
LOC_Os01g07120,LOC_Os11g12520,motif,merged
LOC_Os01g07120,LOC_Os06g30300,motif,merged
LOC_Os01g07120,LOC_Os10g26950,"motif, motif_CE",merged
LOC_Os01g07120,LOC_Os05g06540,motif,merged
LOC_Os01g07120,LOC_Os04g17479,motif,merged
LOC_Os01g07120,LOC_Os02g14410,motif,merged
LOC_Os01g07120,LOC_Os12g44190,motif,merged
LOC_Os01g07120,LOC_Os01g22570,motif,merged
LOC_Os01g07120,LOC_Os06g51160,motif_CE,motif_CE
LOC_Os01g07120,LOC_Os02g15800,motif,merged
LOC_Os01g07120,LOC_Os10g42760,motif,merged
LOC_Os01g07120,LOC_Os01g01980,motif,merged
LOC_Os01g07120,LOC_Os02g04970,motif_CE,motif_CE
LOC_Os01g07120,LOC_Os01g52410,motif,merged
LOC_Os01g07120,LOC_Os03g48920,motif,merged
LOC_Os01g07120,LOC_Os05g10310,motif,merged
LOC_Os01g07120,LOC_Os03g14530,motif_CE,motif_CE
LOC_Os01g07120,LOC_Os08g36700,motif_CE,motif_CE
LOC_Os01g07120,LOC_Os03g12310,motif_CE,motif_CE
LOC_Os01g07120,LOC_Os10g06730,motif,merged
LOC_Os01g07120,LOC_Os01g44310,"motif, motif_CE",merged
LOC_Os01g07120,LOC_Os09g08210,motif,merged
LOC_Os01g07120,LOC_Os09g36040,motif_CE,motif_CE
LOC_Os01g07120,LOC_Os01g56810,"motif, motif_CE",merged
LOC_Os01g07120,LOC_Os06g33620,motif,merged
LOC_Os01g07120,LOC_Os01g59080,motif,merged
LOC_Os01g07120,LOC_Os06g42620,motif,merged
LOC_Os01g07120,LOC_Os02g14730,"FunTFBS, motif",merged
LOC_Os01g07120,LOC_Os05g40730,motif,merged
LOC_Os01g07120,LOC_Os06g04780,motif,merged
LOC_Os01g07120,LOC_Os05g22614,"motif, motif_CE",merged
LOC_Os01g07120,LOC_Os04g54420,motif_CE,motif_CE
LOC_Os01g07120,LOC_Os03g57060,FunTFBS,FunTFBS
LOC_Os01g07120,LOC_Os01g16540,motif,merged
LOC_Os01g07120,LOC_Os02g54540,motif,merged
LOC_Os01g07120,LOC_Os03g07110,"motif, motif_CE",merged
LOC_Os01g07120,LOC_Os01g54190,motif,merged
LOC_Os01g07120,LOC_Os01g72210,"FunTFBS, motif, motif_CE",merged
LOC_Os01g07120,LOC_Os03g15180,"motif, motif_CE",merged
LOC_Os01g07120,LOC_Os03g41310,motif,merged
LOC_Os01g07120,LOC_Os07g04160,motif,merged
LOC_Os01g07120,LOC_Os01g62820,motif_CE,motif_CE
LOC_Os01g07120,LOC_Os01g06350,motif,merged
LOC_Os01g07120,LOC_Os03g30670,motif_CE,motif_CE
LOC_Os01g07120,LOC_Os02g48122,motif_CE,motif_CE
LOC_Os01g07120,LOC_Os08g23170,motif,merged
LOC_Os01g07120,LOC_Os10g19150,motif,merged
LOC_Os01g07120,LOC_Os02g27380,motif,merged
LOC_Os01g07120,LOC_Os08g19950,motif,merged
LOC_Os01g07120,LOC_Os02g03990,motif,merged
LOC_Os01g07120,LOC_Os03g39370,"motif, motif_CE",merged
LOC_Os01g07120,LOC_Os09g36230,"motif, motif_CE",merged
LOC_Os01g07120,LOC_Os02g41880,motif,merged
LOC_Os01g07120,LOC_Os03g10420,motif_CE,motif_CE
LOC_Os01g07120,LOC_Os01g23920,motif,merged
LOC_Os01g07120,LOC_Os07g44410,motif_CE,motif_CE
LOC_Os01g07120,LOC_Os08g06880,"motif, motif_CE",merged
LOC_Os01g07120,LOC_Os03g44530,"motif, motif_CE",merged
LOC_Os01g07120,LOC_Os03g51210,motif,merged
LOC_Os01g07120,LOC_Os03g07590,motif_CE,motif_CE
LOC_Os01g07120,LOC_Os03g30080,motif,merged
LOC_Os01g07120,LOC_Os10g40810,"motif, motif_CE",merged
LOC_Os01g07120,LOC_Os08g04530,motif,merged
LOC_Os01g07120,LOC_Os06g03350,motif,merged
LOC_Os01g07120,LOC_Os07g08320,motif,merged
LOC_Os01g07120,LOC_Os11g31500,motif,merged
LOC_Os01g07120,LOC_Os07g26990,motif,merged
LOC_Os01g07120,LOC_Os07g27180,"motif, motif_CE",merged
LOC_Os01g07120,LOC_Os10g26340,motif,merged
LOC_Os01g07120,LOC_Os10g26380,motif,merged
LOC_Os01g07120,LOC_Os01g67770,motif_CE,motif_CE
LOC_Os01g07120,LOC_Os12g10510,motif,merged
LOC_Os01g07120,LOC_Os07g36600,"motif, motif_CE",merged
LOC_Os01g07120,LOC_Os10g25200,motif_CE,motif_CE
LOC_Os01g07120,LOC_Os02g50370,motif_CE,motif_CE
LOC_Os01g07120,LOC_Os06g40290,motif,merged
LOC_Os01g07120,LOC_Os05g08740,motif_CE,motif_CE
LOC_Os01g07120,LOC_Os03g18930,motif,merged
LOC_Os01g07120,LOC_Os05g28720,motif_CE,motif_CE
LOC_Os01g07120,LOC_Os07g07160,motif,merged
LOC_Os01g07120,LOC_Os01g68800,motif_CE,motif_CE
LOC_Os01g07120,LOC_Os09g36710,motif,merged
LOC_Os01g07120,LOC_Os03g24250,motif,merged
LOC_Os01g07120,LOC_Os07g05920,FunTFBS,FunTFBS
LOC_Os01g07120,LOC_Os06g09660,"motif, motif_CE",merged
LOC_Os01g07120,LOC_Os10g04630,motif,merged
LOC_Os01g07120,LOC_Os06g31250,"FunTFBS, motif",merged
LOC_Os01g07120,LOC_Os07g29200,motif,merged
LOC_Os01g07120,LOC_Os06g17730,motif,merged
LOC_Os01g07120,LOC_Os12g06940,motif,merged
LOC_Os01g07120,LOC_Os05g23410,motif,merged
LOC_Os01g07120,LOC_Os07g46300,"FunTFBS, motif, motif_CE",merged
LOC_Os01g07120,LOC_Os01g42400,motif,merged
LOC_Os01g07120,LOC_Os08g01320,motif,merged
LOC_Os01g07120,LOC_Os08g38730,motif_CE,motif_CE
LOC_Os01g07120,LOC_Os01g19150,motif,merged
LOC_Os01g07120,LOC_Os05g23990,motif,merged
LOC_Os01g07120,LOC_Os11g37640,motif,merged
LOC_Os01g07120,LOC_Os02g46956,FunTFBS,FunTFBS
LOC_Os01g07120,LOC_Os01g46740,motif,merged
LOC_Os01g07120,LOC_Os09g39260,motif,merged
LOC_Os01g07120,LOC_Os05g19450,motif,merged
LOC_Os01g07120,LOC_Os04g40040,FunTFBS,FunTFBS
LOC_Os01g07120,LOC_Os01g31480,motif,merged
LOC_Os01g07120,LOC_Os05g25710,motif,merged
LOC_Os01g07120,LOC_Os04g03240,motif,merged
LOC_Os01g07120,LOC_Os04g53612,"motif, motif_CE",merged
LOC_Os01g07120,LOC_Os11g32630,motif,merged
LOC_Os01g07120,LOC_Os12g36130,motif,merged
LOC_Os01g07120,LOC_Os03g61030,"motif, motif_CE",merged
LOC_Os01g07120,LOC_Os01g29340,motif,merged
LOC_Os01g07120,LOC_Os07g01350,motif,merged
LOC_Os01g07120,LOC_Os07g38290,motif_CE,motif_CE
LOC_Os01g07120,LOC_Os05g39100,motif,merged
LOC_Os01g07120,LOC_Os09g29150,FunTFBS,FunTFBS
LOC_Os01g07120,LOC_Os03g51900,FunTFBS,FunTFBS
LOC_Os01g07120,LOC_Os01g48290,motif,merged
LOC_Os01g07120,LOC_Os11g31600,motif,merged
LOC_Os01g07120,LOC_Os04g55360,motif,merged
LOC_Os01g07120,LOC_Os12g32200,motif,merged
LOC_Os01g07120,LOC_Os07g24730,motif,merged
LOC_Os01g07120,LOC_Os04g37660,motif,merged
LOC_Os01g07120,LOC_Os01g11830,motif,merged
LOC_Os01g07120,LOC_Os01g05390,motif,merged
LOC_Os01g07120,LOC_Os01g49940,motif_CE,motif_CE
LOC_Os01g07120,LOC_Os02g49460,motif,merged
LOC_Os01g07120,LOC_Os07g13460,motif_CE,motif_CE
LOC_Os01g07120,LOC_Os07g29760,motif,merged
LOC_Os01g07120,LOC_Os12g04130,motif_CE,motif_CE
LOC_Os01g07120,LOC_Os07g37840,motif,merged
LOC_Os01g07120,LOC_Os06g17110,motif_CE,motif_CE
LOC_Os01g07120,LOC_Os03g22880,"FunTFBS, motif",merged
LOC_Os01g07120,LOC_Os10g31864,motif_CE,motif_CE
LOC_Os01g07120,LOC_Os05g45610,"motif, motif_CE",merged
LOC_Os01g07120,LOC_Os05g37510,motif,merged
LOC_Os01g07120,LOC_Os08g44170,motif,merged
LOC_Os01g07120,LOC_Os01g28290,motif,merged
LOC_Os01g07120,LOC_Os02g53950,"motif, motif_CE",merged
LOC_Os01g07120,LOC_Os03g31320,motif,merged
LOC_Os01g07120,LOC_Os04g54630,motif,merged
LOC_Os01g07120,LOC_Os12g31650,motif,merged
LOC_Os01g07120,LOC_Os04g29050,"FunTFBS, motif",merged
LOC_Os01g07120,LOC_Os08g41420,motif_CE,motif_CE
LOC_Os01g07120,LOC_Os12g43720,motif,merged
LOC_Os01g07120,LOC_Os04g54420,"motif, motif_CE",merged
LOC_Os01g07120,LOC_Os08g34730,motif,merged
LOC_Os01g07120,LOC_Os03g46730,motif,merged
LOC_Os01g07120,LOC_Os07g04700,motif,merged
LOC_Os01g07120,LOC_Os02g04700,motif,merged
LOC_Os01g07120,LOC_Os02g54730,motif,merged
LOC_Os01g07120,LOC_Os02g39790,motif,merged
LOC_Os01g07120,LOC_Os02g52060,motif,merged
LOC_Os01g07120,LOC_Os03g30670,"motif, motif_CE",merged
LOC_Os01g07120,LOC_Os01g74180,motif,merged
LOC_Os01g07120,LOC_Os08g20644,motif,merged
LOC_Os01g07120,LOC_Os01g29000,FunTFBS,FunTFBS
LOC_Os01g07120,LOC_Os04g46370,motif_CE,motif_CE
LOC_Os01g07120,LOC_Os02g03340,motif,merged
LOC_Os01g07120,LOC_Os12g26880,motif,merged
LOC_Os01g07120,LOC_Os07g04850,motif,merged
LOC_Os01g07120,LOC_Os11g35410,motif,merged
LOC_Os01g07120,LOC_Os03g04070,"FunTFBS, motif",merged
LOC_Os01g07120,LOC_Os11g07870,motif_CE,motif_CE
LOC_Os01g07120,LOC_Os01g06750,motif,merged
LOC_Os01g07120,LOC_Os05g07440,motif,merged
LOC_Os01g07120,LOC_Os05g27610,motif,merged
LOC_Os01g07120,LOC_Os08g32780,motif,merged
LOC_Os01g07120,LOC_Os10g40390,motif,merged
LOC_Os01g07120,LOC_Os08g41340,motif,merged
LOC_Os01g07120,LOC_Os03g42000,motif,merged
LOC_Os01g07120,LOC_Os06g44880,motif,merged
LOC_Os01g07120,LOC_Os01g73234,motif_CE,motif_CE
LOC_Os01g07120,LOC_Os02g57380,motif,merged
LOC_Os01g07120,LOC_Os08g06740,motif,merged
LOC_Os01g07120,LOC_Os02g58010,motif_CE,motif_CE
LOC_Os01g07120,LOC_Os04g08792,FunTFBS,FunTFBS
LOC_Os01g07120,LOC_Os03g49660,motif,merged
LOC_Os01g07120,LOC_Os05g32760,motif,merged
LOC_Os01g07120,LOC_Os06g46799,motif,merged
LOC_Os01g07120,LOC_Os01g67770,"motif, motif_CE",merged
LOC_Os01g07120,LOC_Os04g27960,motif,merged
LOC_Os01g07120,LOC_Os03g01840,motif,merged
LOC_Os01g07120,LOC_Os08g02980,motif,merged
LOC_Os01g07120,LOC_Os10g25200,"motif, motif_CE",merged
LOC_Os01g07120,LOC_Os06g44820,motif,merged
LOC_Os01g07120,LOC_Os01g08310,"motif, motif_CE",merged
LOC_Os01g07120,LOC_Os05g08740,"motif, motif_CE",merged
LOC_Os01g07120,LOC_Os10g05430,motif,merged
LOC_Os01g07120,LOC_Os01g68800,"motif, motif_CE",merged
LOC_Os01g07120,LOC_Os10g29720,motif,merged
LOC_Os01g07120,LOC_Os03g03610,"motif, motif_CE",merged
LOC_Os01g07120,LOC_Os07g11020,motif_CE,motif_CE
LOC_Os01g07120,LOC_Os01g22500,motif,merged
LOC_Os01g07120,LOC_Os12g37960,motif,merged
LOC_Os01g07120,LOC_Os05g28390,motif,merged
LOC_Os01g07120,LOC_Os01g11820,motif,merged
LOC_Os01g07120,LOC_Os06g24640,motif,merged
LOC_Os01g07120,LOC_Os12g20260,motif,merged
LOC_Os01g07120,LOC_Os09g39760,motif,merged
LOC_Os01g07120,LOC_Os07g43390,motif,merged
LOC_Os01g07120,LOC_Os12g21570,motif,merged
LOC_Os01g07120,LOC_Os06g35020,"motif, motif_CE",merged
LOC_Os01g07120,LOC_Os01g33500,"motif, motif_CE",merged
LOC_Os01g07120,LOC_Os08g08020,motif_CE,motif_CE
LOC_Os01g07120,LOC_Os08g38730,"motif, motif_CE",merged
LOC_Os01g07120,LOC_Os03g42820,motif,merged
LOC_Os01g07120,LOC_Os02g37050,motif_CE,motif_CE
LOC_Os01g07120,LOC_Os06g22590,motif,merged
LOC_Os01g07120,LOC_Os08g32870,motif,merged
LOC_Os01g07120,LOC_Os02g46130,motif,merged
LOC_Os01g07120,LOC_Os09g38530,motif,merged
LOC_Os01g07120,LOC_Os05g31620,motif,merged
LOC_Os01g07120,LOC_Os08g10620,motif,merged
LOC_Os01g07120,LOC_Os06g22520,FunTFBS,FunTFBS
LOC_Os01g07120,LOC_Os02g57290,"FunTFBS, motif",merged
LOC_Os01g07120,LOC_Os04g11004,motif,merged
LOC_Os01g07120,LOC_Os04g40380,FunTFBS,FunTFBS
LOC_Os01g07120,LOC_Os03g27750,motif,merged
LOC_Os01g07120,LOC_Os03g52110,motif,merged
LOC_Os01g07120,LOC_Os10g36320,motif,merged
LOC_Os01g07120,LOC_Os11g31370,motif,merged
LOC_Os01g07120,LOC_Os03g11600,"FunTFBS, motif",merged
LOC_Os01g07120,LOC_Os03g49570,"FunTFBS, motif",merged
LOC_Os01g07120,LOC_Os03g22060,"motif, motif_CE",merged
LOC_Os01g07120,LOC_Os02g20270,motif,merged
LOC_Os01g07120,LOC_Os01g16280,motif,merged
LOC_Os01g07120,LOC_Os01g08630,motif,merged
LOC_Os01g07120,LOC_Os06g08830,motif,merged
LOC_Os01g07120,LOC_Os11g06690,motif_CE,motif_CE
LOC_Os01g07120,LOC_Os03g32020,motif,merged
LOC_Os01g07120,LOC_Os01g60750,motif,merged
LOC_Os01g07120,LOC_Os02g17400,motif,merged
LOC_Os01g07120,LOC_Os07g38290,"motif, motif_CE",merged
LOC_Os01g07120,LOC_Os07g40370,motif,merged
LOC_Os01g07120,LOC_Os07g41840,motif,merged
LOC_Os01g07120,LOC_Os07g02050,motif,merged
LOC_Os01g07120,LOC_Os10g11170,motif,merged
LOC_Os01g07120,LOC_Os06g11120,motif,merged
LOC_Os01g07120,LOC_Os07g15620,motif,merged
LOC_Os01g07120,LOC_Os01g59990,motif_CE,motif_CE
LOC_Os01g07120,LOC_Os01g72920,motif,merged
LOC_Os01g07120,LOC_Os03g57660,motif,merged
LOC_Os01g07120,LOC_Os02g47360,"motif, motif_CE",merged
LOC_Os01g07120,LOC_Os05g14830,motif,merged
LOC_Os01g07120,LOC_Os03g07690,motif,merged
LOC_Os01g07120,LOC_Os10g31864,"motif, motif_CE",merged
LOC_Os01g07120,LOC_Os01g12020,motif,merged
LOC_Os01g07120,LOC_Os10g30600,motif,merged
LOC_Os01g07120,LOC_Os06g02144,motif,merged
LOC_Os01g07120,LOC_Os10g35950,motif_CE,motif_CE
LOC_Os01g07120,LOC_Os07g45310,motif,merged
LOC_Os01g07120,LOC_Os11g13850,motif_CE,motif_CE
LOC_Os01g07120,LOC_Os03g08070,motif,merged
LOC_Os01g07120,LOC_Os02g10360,motif,merged
LOC_Os01g07120,LOC_Os10g28390,motif,merged
LOC_Os01g07120,LOC_Os06g51160,"motif, motif_CE",merged
LOC_Os01g07120,LOC_Os02g55310,motif,merged
LOC_Os01g07120,LOC_Os03g06980,"FunTFBS, motif, motif_CE",merged
LOC_Os01g07120,LOC_Os04g53950,motif,merged
LOC_Os01g07120,LOC_Os02g02990,motif,merged
LOC_Os01g07120,LOC_Os03g12310,"motif, motif_CE",merged
LOC_Os01g07120,LOC_Os01g38730,"FunTFBS, motif, motif_CE",merged
LOC_Os01g07120,LOC_Os01g20010,motif,merged
LOC_Os01g07120,LOC_Os07g38220,motif_CE,motif_CE
LOC_Os01g07120,LOC_Os08g14360,motif_CE,motif_CE
LOC_Os01g07120,LOC_Os03g50010,motif_CE,motif_CE
LOC_Os01g07120,LOC_Os11g40390,motif_CE,motif_CE
LOC_Os01g07120,LOC_Os12g02430,motif,merged
LOC_Os01g07120,LOC_Os07g43060,motif_CE,motif_CE
LOC_Os01g07120,LOC_Os02g19960,motif,merged
LOC_Os01g07120,LOC_Os04g56280,motif,merged
LOC_Os01g07120,LOC_Os07g01930,motif_CE,motif_CE
LOC_Os01g07120,LOC_Os02g36060,motif,merged
LOC_Os01g07120,LOC_Os01g27140,motif,merged
LOC_Os01g07120,LOC_Os05g47890,motif_CE,motif_CE
LOC_Os01g07120,LOC_Os12g02210,motif,merged
LOC_Os01g07120,LOC_Os05g48120,motif,merged
LOC_Os01g07120,LOC_Os03g47804,motif,merged
LOC_Os01g07120,LOC_Os02g15220,motif,merged
LOC_Os01g07120,LOC_Os10g03430,"motif, motif_CE",merged
LOC_Os01g07120,LOC_Os03g01330,"motif, motif_CE",merged
LOC_Os01g07120,LOC_Os01g62820,"motif, motif_CE",merged
LOC_Os01g07120,LOC_Os09g29860,motif,merged
LOC_Os01g07120,LOC_Os01g03030,motif,merged
LOC_Os01g07120,LOC_Os01g37410,motif,merged
LOC_Os01g07120,LOC_Os12g40390,motif,merged
LOC_Os01g07120,LOC_Os05g02760,motif_CE,motif_CE
LOC_Os01g07120,LOC_Os03g17850,motif,merged
LOC_Os01g07120,LOC_Os06g28770,"motif, motif_CE",merged
LOC_Os01g07120,LOC_Os02g31100,motif,merged
LOC_Os01g07120,LOC_Os11g07870,"motif, motif_CE",merged
LOC_Os01g07120,LOC_Os07g22390,motif,merged
LOC_Os01g07120,LOC_Os09g36619,FunTFBS,FunTFBS
LOC_Os01g07120,LOC_Os02g06860,motif,merged
LOC_Os01g07120,LOC_Os11g36900,motif,merged
LOC_Os01g07120,LOC_Os01g73234,"motif, motif_CE",merged
LOC_Os01g07120,LOC_Os04g51700,"motif, motif_CE",merged
LOC_Os01g07120,LOC_Os08g19860,motif,merged
LOC_Os01g07120,LOC_Os04g40850,motif_CE,motif_CE
LOC_Os01g07120,LOC_Os01g25360,motif,merged
LOC_Os01g07120,LOC_Os06g48720,"FunTFBS, motif",merged
LOC_Os01g07120,LOC_Os11g07380,motif,merged
LOC_Os01g07120,LOC_Os07g04240,FunTFBS,FunTFBS
LOC_Os01g07120,LOC_Os01g39070,motif,merged
LOC_Os01g07120,LOC_Os02g35200,motif,merged
LOC_Os01g07120,LOC_Os05g30840,motif,merged
LOC_Os01g07120,LOC_Os01g03970,motif,merged
LOC_Os01g07120,LOC_Os01g42480,motif,merged
LOC_Os01g07120,LOC_Os04g14560,motif,merged
LOC_Os01g07120,LOC_Os05g28720,"motif, motif_CE",merged
LOC_Os01g07120,LOC_Os12g26370,"FunTFBS, motif",merged
LOC_Os01g07120,LOC_Os04g46360,motif,merged
LOC_Os01g07120,LOC_Os01g48950,motif,merged
LOC_Os01g07120,LOC_Os02g43210,motif,merged
LOC_Os01g07120,LOC_Os12g36170,"motif, motif_CE",merged
LOC_Os01g07120,LOC_Os07g20780,motif,merged
LOC_Os01g07120,LOC_Os09g15910,motif,merged
LOC_Os01g07120,LOC_Os08g08020,"motif, motif_CE",merged
LOC_Os01g07120,LOC_Os01g50370,motif,merged
LOC_Os01g07120,LOC_Os11g33100,motif,merged
LOC_Os01g07120,LOC_Os07g29400,motif,merged
LOC_Os01g07120,LOC_Os04g04590,motif,merged
LOC_Os01g07120,LOC_Os02g40540,motif,merged
LOC_Os01g07120,LOC_Os04g02140,motif,merged
LOC_Os01g07120,LOC_Os02g06420,motif,merged
LOC_Os01g07120,LOC_Os09g26780,FunTFBS,FunTFBS
LOC_Os01g07120,LOC_Os06g39200,motif,merged
LOC_Os01g07120,LOC_Os12g19660,motif,merged
LOC_Os01g07120,LOC_Os06g16290,FunTFBS,FunTFBS
LOC_Os01g07120,LOC_Os05g14194,motif,merged
LOC_Os01g07120,LOC_Os01g18880,motif_CE,motif_CE
LOC_Os01g07120,LOC_Os08g09100,motif_CE,motif_CE
LOC_Os01g07120,LOC_Os04g35200,motif_CE,motif_CE
LOC_Os01g07120,LOC_Os10g38040,"FunTFBS, motif",merged
LOC_Os01g07120,LOC_Os01g58780,"FunTFBS, motif",merged
LOC_Os01g07120,LOC_Os02g24980,FunTFBS,FunTFBS
LOC_Os01g07120,LOC_Os11g07500,"FunTFBS, motif, motif_CE",merged
LOC_Os01g07120,LOC_Os05g08380,motif,merged
LOC_Os01g07120,LOC_Os02g56014,motif_CE,motif_CE
LOC_Os01g07120,LOC_Os12g38990,motif,merged
LOC_Os01g07120,LOC_Os10g35270,motif,merged
LOC_Os01g07120,LOC_Os05g01010,motif,merged
LOC_Os01g07120,LOC_Os07g01950,motif,merged
LOC_Os01g07120,LOC_Os07g12740,motif,merged
LOC_Os01g07120,LOC_Os09g39790,"FunTFBS, motif",merged
LOC_Os01g07120,LOC_Os03g59630,motif,merged
LOC_Os01g07120,LOC_Os11g06690,"motif, motif_CE",merged
LOC_Os01g07120,LOC_Os02g03575,motif_CE,motif_CE
LOC_Os01g07120,LOC_Os10g20500,motif,merged
LOC_Os01g07120,LOC_Os01g63790,"motif, motif_CE",merged
LOC_Os01g07120,LOC_Os01g54900,"motif, motif_CE",merged
LOC_Os01g07120,LOC_Os07g47790,FunTFBS,FunTFBS
LOC_Os01g07120,LOC_Os01g02060,motif,merged
LOC_Os01g07120,LOC_Os04g10180,motif,merged
LOC_Os01g07120,LOC_Os04g06950,motif,merged
LOC_Os01g07120,LOC_Os01g64920,motif_CE,motif_CE
LOC_Os01g07120,LOC_Os11g03200,motif,merged
LOC_Os01g07120,LOC_Os07g27230,motif,merged
LOC_Os01g07120,LOC_Os02g13900,motif_CE,motif_CE
LOC_Os01g07120,LOC_Os01g46210,motif,merged
LOC_Os01g07120,LOC_Os05g41910,motif,merged
LOC_Os01g07120,LOC_Os03g62530,motif,merged
LOC_Os01g07120,LOC_Os03g47240,motif,merged
LOC_Os01g07120,LOC_Os04g24170,motif,merged
LOC_Os01g07120,LOC_Os01g09680,motif,merged
LOC_Os01g07120,LOC_Os07g30469,motif,merged
LOC_Os01g07120,LOC_Os06g30420,motif,merged
LOC_Os01g07120,LOC_Os08g42690,motif,merged
LOC_Os01g07120,LOC_Os07g31900,motif,merged
LOC_Os01g07120,LOC_Os06g12480,motif,merged
LOC_Os01g07120,LOC_Os01g48380,motif_CE,motif_CE
LOC_Os01g07120,LOC_Os03g53220,motif,merged
LOC_Os01g07120,LOC_Os03g42350,motif,merged
LOC_Os01g07120,LOC_Os07g35630,motif,merged
LOC_Os01g07120,LOC_Os07g34920,motif,merged
LOC_Os01g07120,LOC_Os12g02560,motif,merged
LOC_Os01g07120,LOC_Os01g14514,motif,merged
LOC_Os01g07120,LOC_Os10g35950,"motif, motif_CE",merged
LOC_Os01g07120,LOC_Os01g62120,motif_CE,motif_CE
LOC_Os01g07120,LOC_Os01g10580,motif,merged
LOC_Os01g07120,LOC_Os05g33670,motif,merged
LOC_Os01g07120,LOC_Os12g24659,motif,merged
LOC_Os01g07120,LOC_Os11g06350,motif,merged
LOC_Os01g07120,LOC_Os08g06270,"motif, motif_CE",merged
LOC_Os01g07120,LOC_Os01g53440,"motif, motif_CE",merged
LOC_Os01g07120,LOC_Os05g31480,"motif, motif_CE",merged
LOC_Os01g07120,LOC_Os08g22680,motif,merged
LOC_Os01g07120,LOC_Os01g33050,motif,merged
LOC_Os01g07120,LOC_Os01g41560,motif,merged
LOC_Os01g07120,LOC_Os07g38220,"motif, motif_CE",merged
LOC_Os01g07120,LOC_Os08g14360,"motif, motif_CE",merged
LOC_Os01g07120,LOC_Os05g27180,motif,merged
LOC_Os01g07120,LOC_Os04g35090,motif_CE,motif_CE
LOC_Os01g07120,LOC_Os11g40390,"motif, motif_CE",merged
LOC_Os01g07120,LOC_Os03g51050,motif,merged
LOC_Os01g07120,LOC_Os12g13930,motif,merged
LOC_Os01g07120,LOC_Os01g70130,motif,merged
LOC_Os01g07120,LOC_Os10g09529,motif,merged
LOC_Os01g07120,LOC_Os07g01930,"motif, motif_CE",merged
LOC_Os01g07120,LOC_Os11g14690,"FunTFBS, motif",merged
LOC_Os01g07120,LOC_Os12g34796,FunTFBS,FunTFBS
LOC_Os01g07120,LOC_Os04g26540,motif,merged
LOC_Os01g07120,LOC_Os03g31290,motif,merged
LOC_Os01g07120,LOC_Os05g23220,motif,merged
LOC_Os01g07120,LOC_Os09g02900,motif,merged
LOC_Os01g07120,LOC_Os02g41540,motif,merged
LOC_Os01g07120,LOC_Os05g02760,"motif, motif_CE",merged
LOC_Os01g07120,LOC_Os02g16480,motif,merged
LOC_Os01g07120,LOC_Os10g19090,motif,merged
LOC_Os01g07120,LOC_Os12g32610,motif,merged
LOC_Os01g07120,LOC_Os02g14120,motif,merged
LOC_Os01g07120,LOC_Os03g49330,motif,merged
LOC_Os01g07120,LOC_Os06g37620,motif,merged
LOC_Os01g07120,LOC_Os10g29230,motif,merged
LOC_Os01g07120,LOC_Os04g52680,motif,merged
LOC_Os01g07120,LOC_Os10g41940,motif,merged
LOC_Os01g07120,LOC_Os07g06440,motif_CE,motif_CE
LOC_Os01g07120,LOC_Os02g45610,motif,merged
LOC_Os01g07120,LOC_Os08g30240,FunTFBS,FunTFBS
LOC_Os01g07120,LOC_Os05g46270,"motif, motif_CE",merged
LOC_Os01g07120,LOC_Os07g32820,motif,merged
LOC_Os01g07120,LOC_Os06g13860,"motif, motif_CE",merged
LOC_Os01g07120,LOC_Os09g31031,motif,merged
LOC_Os01g07120,LOC_Os09g15389,"motif, motif_CE",merged
LOC_Os01g07120,LOC_Os09g14850,motif,merged
LOC_Os01g07120,LOC_Os10g39520,"motif, motif_CE",merged
LOC_Os01g07120,LOC_Os07g42960,"FunTFBS, motif",merged
LOC_Os01g07120,LOC_Os03g18520,motif_CE,motif_CE
LOC_Os01g07120,LOC_Os01g25240,"FunTFBS, motif",merged
LOC_Os01g07120,LOC_Os01g62680,motif,merged
LOC_Os01g07120,LOC_Os08g15220,motif,merged
LOC_Os01g07120,LOC_Os12g01970,motif,merged
LOC_Os01g07120,LOC_Os04g21610,"motif, motif_CE",merged
LOC_Os01g07120,LOC_Os08g39060,FunTFBS,FunTFBS
LOC_Os01g07120,LOC_Os10g40060,"motif, motif_CE",merged
LOC_Os01g07120,LOC_Os06g33910,motif,merged
LOC_Os01g07120,LOC_Os01g27710,"FunTFBS, motif",merged
LOC_Os01g07120,LOC_Os01g12550,motif_CE,motif_CE
LOC_Os01g07120,LOC_Os09g32080,motif_CE,motif_CE
LOC_Os01g07120,LOC_Os12g05660,"FunTFBS, motif",merged
LOC_Os01g07120,LOC_Os04g07500,motif,merged
LOC_Os01g07120,LOC_Os11g07620,FunTFBS,FunTFBS
LOC_Os01g07120,LOC_Os10g15020,motif,merged
LOC_Os01g07120,LOC_Os06g43900,motif,merged
LOC_Os01g07120,LOC_Os06g06330,motif,merged
LOC_Os01g07120,LOC_Os10g18860,motif,merged
LOC_Os01g07120,LOC_Os08g10780,motif,merged
LOC_Os01g07120,LOC_Os06g35370,motif,merged
LOC_Os01g07120,LOC_Os02g57090,motif,merged
LOC_Os01g07120,LOC_Os01g18880,"motif, motif_CE",merged
LOC_Os01g07120,LOC_Os01g03860,motif,merged
LOC_Os01g07120,LOC_Os01g61250,motif,merged
LOC_Os01g07120,LOC_Os04g35200,"motif, motif_CE",merged
LOC_Os01g07120,LOC_Os02g32870,motif,merged
LOC_Os01g07120,LOC_Os03g30870,"motif, motif_CE",merged
LOC_Os01g07120,LOC_Os10g14070,FunTFBS,FunTFBS
LOC_Os01g07120,LOC_Os09g20810,motif,merged
LOC_Os01g07120,LOC_Os12g02400,motif_CE,motif_CE
LOC_Os01g07120,LOC_Os05g16260,motif,merged
LOC_Os01g07120,LOC_Os05g24210,motif,merged
LOC_Os01g07120,LOC_Os12g29670,motif_CE,motif_CE
LOC_Os01g07120,LOC_Os02g27760,motif,merged
LOC_Os01g07120,LOC_Os01g63100,motif,merged
LOC_Os01g07120,LOC_Os07g14440,motif,merged
LOC_Os01g07120,LOC_Os02g03575,"motif, motif_CE",merged
LOC_Os01g07120,LOC_Os11g37140,motif,merged
LOC_Os01g07120,LOC_Os01g06550,motif_CE,motif_CE
LOC_Os01g07120,LOC_Os05g25340,motif,merged
LOC_Os01g07120,LOC_Os10g21550,motif,merged
LOC_Os01g07120,LOC_Os12g28480,motif,merged
LOC_Os01g07120,LOC_Os10g26630,"FunTFBS, motif",merged
LOC_Os01g07120,LOC_Os03g60750,motif,merged
LOC_Os01g07120,LOC_Os03g07270,"FunTFBS, motif, motif_CE",merged
LOC_Os01g07120,LOC_Os07g40340,motif,merged
LOC_Os01g07120,LOC_Os03g19480,motif,merged
LOC_Os01g07120,LOC_Os02g57440,motif,merged
LOC_Os01g07120,LOC_Os07g17200,motif,merged
LOC_Os01g07120,LOC_Os08g12100,motif,merged
LOC_Os01g07120,LOC_Os03g31340,motif_CE,motif_CE
LOC_Os01g07120,LOC_Os06g39650,motif_CE,motif_CE
LOC_Os01g07120,LOC_Os08g09240,motif,merged
LOC_Os01g07120,LOC_Os12g41930,motif_CE,motif_CE
LOC_Os01g07120,LOC_Os11g29810,motif_CE,motif_CE
LOC_Os01g07120,LOC_Os05g05720,FunTFBS,FunTFBS
LOC_Os01g07120,LOC_Os10g16770,motif,merged
LOC_Os01g07120,LOC_Os08g23720,motif,merged
LOC_Os01g07120,LOC_Os02g35315,motif,merged
LOC_Os01g07120,LOC_Os11g03530,motif_CE,motif_CE
LOC_Os01g07120,LOC_Os11g30450,motif,merged
LOC_Os01g07120,LOC_Os03g06520,motif,merged
LOC_Os01g07120,LOC_Os06g33530,motif,merged
LOC_Os01g07120,LOC_Os11g01890,"motif, motif_CE",merged
LOC_Os01g07120,LOC_Os04g52420,"motif, motif_CE",merged
LOC_Os01g07120,LOC_Os07g02960,"motif, motif_CE",merged
LOC_Os01g07120,LOC_Os11g31440,motif,merged
LOC_Os01g07120,LOC_Os03g13984,motif,merged
LOC_Os01g07120,LOC_Os11g20440,motif,merged
LOC_Os01g07120,LOC_Os06g34180,motif,merged
LOC_Os01g07120,LOC_Os03g09830,"FunTFBS, motif, motif_CE",merged
LOC_Os01g07120,LOC_Os05g30780,motif,merged
LOC_Os01g07120,LOC_Os01g43360,motif,merged
LOC_Os01g07120,LOC_Os08g10244,motif,merged
LOC_Os01g07120,LOC_Os06g51300,motif,merged
LOC_Os01g07120,LOC_Os05g10810,motif,merged
LOC_Os01g07120,LOC_Os05g43374,FunTFBS,FunTFBS
LOC_Os01g07120,LOC_Os05g26130,motif,merged
LOC_Os01g07120,LOC_Os01g42140,"motif, motif_CE",merged
LOC_Os01g07120,LOC_Os03g21830,motif,merged
LOC_Os01g07120,LOC_Os10g02670,motif,merged
LOC_Os01g07120,LOC_Os12g34350,motif,merged
LOC_Os01g07120,LOC_Os12g38120,motif,merged
LOC_Os01g07120,LOC_Os05g07270,motif_CE,motif_CE
LOC_Os01g07120,LOC_Os07g34740,motif_CE,motif_CE
LOC_Os01g07120,LOC_Os02g46170,"motif, motif_CE",merged
LOC_Os01g07120,LOC_Os02g39960,motif,merged
LOC_Os01g07120,LOC_Os07g40620,motif,merged
LOC_Os01g07120,LOC_Os07g23390,motif,merged
LOC_Os01g07120,LOC_Os01g66800,motif,merged
LOC_Os01g07120,LOC_Os03g30430,motif,merged
LOC_Os01g07120,LOC_Os03g17830,motif,merged
LOC_Os01g07120,LOC_Os07g28010,motif,merged
LOC_Os01g07120,LOC_Os02g52744,motif,merged
LOC_Os01g07120,LOC_Os05g27450,motif,merged
LOC_Os01g07120,LOC_Os04g11450,motif,merged
LOC_Os01g07120,LOC_Os11g11070,motif,merged
LOC_Os01g07120,LOC_Os07g12650,motif_CE,motif_CE
LOC_Os01g07120,LOC_Os09g16920,motif,merged
LOC_Os01g07120,LOC_Os03g60180,motif,merged
LOC_Os01g07120,LOC_Os07g06440,"motif, motif_CE",merged
LOC_Os01g07120,LOC_Os08g28300,FunTFBS,FunTFBS
LOC_Os01g07120,LOC_Os08g34620,motif,merged
LOC_Os01g07120,LOC_Os02g56130,motif,merged
LOC_Os01g07120,LOC_Os11g32580,motif,merged
LOC_Os01g07120,LOC_Os03g10230,"FunTFBS, motif, motif_CE",merged
LOC_Os01g07120,LOC_Os04g14140,motif_CE,motif_CE
LOC_Os01g07120,LOC_Os04g19090,motif,merged
LOC_Os01g07120,LOC_Os04g29860,motif,merged
LOC_Os01g07120,LOC_Os01g32410,motif,merged
LOC_Os01g07120,LOC_Os11g37660,motif,merged
LOC_Os01g07120,LOC_Os03g10820,motif_CE,motif_CE
LOC_Os01g07120,LOC_Os11g43550,motif_CE,motif_CE
LOC_Os01g07120,LOC_Os11g26220,motif,merged
LOC_Os01g07120,LOC_Os06g44440,motif,merged
LOC_Os01g07120,LOC_Os01g49810,motif,merged
LOC_Os01g07120,LOC_Os10g07310,motif,merged
LOC_Os01g07120,LOC_Os08g40140,motif,merged
LOC_Os01g07120,LOC_Os07g14830,motif,merged
LOC_Os01g07120,LOC_Os08g42380,FunTFBS,FunTFBS
LOC_Os01g07120,LOC_Os03g06200,"motif, motif_CE",merged
LOC_Os01g07120,LOC_Os03g47570,motif,merged
LOC_Os01g07120,LOC_Os02g27200,motif,merged
LOC_Os01g07120,LOC_Os02g23827,motif,merged
LOC_Os01g07120,LOC_Os11g40420,motif,merged
LOC_Os01g07120,LOC_Os06g47270,motif_CE,motif_CE
LOC_Os01g07120,LOC_Os02g53880,motif_CE,motif_CE
LOC_Os01g07120,LOC_Os01g01130,motif,merged
LOC_Os01g07120,LOC_Os09g32095,motif,merged
LOC_Os01g07120,LOC_Os03g52120,motif,merged
LOC_Os01g07120,LOC_Os10g30870,"motif, motif_CE",merged
LOC_Os01g07120,LOC_Os02g54470,motif,merged
LOC_Os01g07120,LOC_Os03g26100,motif,merged
LOC_Os01g07120,LOC_Os11g10850,FunTFBS,FunTFBS
LOC_Os01g07120,LOC_Os01g01910,motif,merged
LOC_Os01g07120,LOC_Os09g32080,"motif, motif_CE",merged
LOC_Os01g07120,LOC_Os02g36290,motif,merged
LOC_Os01g07120,LOC_Os04g06670,motif,merged
LOC_Os01g07120,LOC_Os05g15100,"FunTFBS, motif",merged
LOC_Os01g07120,LOC_Os08g40810,motif,merged
LOC_Os01g07120,LOC_Os02g42280,motif,merged
LOC_Os01g07120,LOC_Os03g16020,motif,merged
LOC_Os01g07120,LOC_Os05g40990,motif,merged
LOC_Os01g07120,LOC_Os11g32460,motif,merged
LOC_Os01g07120,LOC_Os06g30070,motif,merged
LOC_Os01g07120,LOC_Os03g27880,FunTFBS,FunTFBS
LOC_Os01g07120,LOC_Os10g30900,motif,merged
LOC_Os01g07120,LOC_Os01g70330,motif_CE,motif_CE
LOC_Os01g07120,LOC_Os07g08870,motif_CE,motif_CE
LOC_Os01g07120,LOC_Os07g38390,motif,merged
LOC_Os01g07120,LOC_Os01g06980,motif,merged
LOC_Os01g07120,LOC_Os12g07780,motif,merged
LOC_Os01g07120,LOC_Os05g32220,"FunTFBS, motif",merged
LOC_Os01g07120,LOC_Os05g05960,motif,merged
LOC_Os01g07120,LOC_Os08g32350,motif,merged
LOC_Os01g07120,LOC_Os08g26544,motif,merged
LOC_Os01g07120,LOC_Os08g31180,FunTFBS,FunTFBS
LOC_Os01g07120,LOC_Os02g56014,"motif, motif_CE",merged
LOC_Os01g07120,LOC_Os10g29570,motif_CE,motif_CE
LOC_Os01g07120,LOC_Os11g14060,motif,merged
LOC_Os01g07120,LOC_Os09g15320,motif_CE,motif_CE
LOC_Os01g07120,LOC_Os06g33980,motif,merged
LOC_Os01g07120,LOC_Os12g13030,motif,merged
LOC_Os01g07120,LOC_Os06g29290,motif,merged
LOC_Os01g07120,LOC_Os02g46710,"FunTFBS, motif, motif_CE",merged
LOC_Os01g07120,LOC_Os08g14190,motif,merged
LOC_Os01g07120,LOC_Os05g25070,motif_CE,motif_CE
LOC_Os01g07120,LOC_Os06g16530,motif,merged
LOC_Os01g07120,LOC_Os08g17770,motif,merged
LOC_Os01g07120,LOC_Os03g31340,"motif, motif_CE",merged
LOC_Os01g07120,LOC_Os01g49210,motif,merged
LOC_Os01g07120,LOC_Os06g39650,"motif, motif_CE",merged
LOC_Os01g07120,LOC_Os11g41160,motif,merged
LOC_Os01g07120,LOC_Os02g13900,"motif, motif_CE",merged
LOC_Os01g07120,LOC_Os01g12690,motif,merged
LOC_Os01g07120,LOC_Os07g36680,motif,merged
LOC_Os01g07120,LOC_Os01g63160,motif_CE,motif_CE
LOC_Os01g07120,LOC_Os12g38730,motif,merged
LOC_Os01g07120,LOC_Os05g34280,motif,merged
LOC_Os01g07120,LOC_Os06g49290,motif_CE,motif_CE
LOC_Os01g07120,LOC_Os02g56730,motif,merged
LOC_Os01g07120,LOC_Os07g33050,"FunTFBS, motif",merged
LOC_Os01g07120,LOC_Os01g48190,motif_CE,motif_CE
LOC_Os01g07120,LOC_Os07g41380,motif,merged
LOC_Os01g07120,LOC_Os09g15490,motif,merged
LOC_Os01g07120,LOC_Os09g32680,motif,merged
LOC_Os01g07120,LOC_Os02g50040,"FunTFBS, motif",merged
LOC_Os01g07120,LOC_Os05g08940,motif,merged
LOC_Os01g07120,LOC_Os11g02774,motif,merged
LOC_Os01g07120,LOC_Os01g59240,motif,merged
LOC_Os01g07120,LOC_Os02g22770,motif,merged
LOC_Os01g07120,LOC_Os04g11100,motif,merged
LOC_Os01g07120,LOC_Os06g21600,motif,merged
LOC_Os01g07120,LOC_Os07g34270,motif,merged
LOC_Os01g07120,LOC_Os08g11410,motif,merged
LOC_Os01g07120,LOC_Os11g45590,motif,merged
LOC_Os01g07120,LOC_Os01g39670,motif,merged
LOC_Os01g07120,LOC_Os02g32770,motif,merged
LOC_Os01g07120,LOC_Os02g12580,FunTFBS,FunTFBS
LOC_Os01g07120,LOC_Os02g02840,motif_CE,motif_CE
LOC_Os01g07120,LOC_Os01g70260,"FunTFBS, motif",merged
LOC_Os01g07120,LOC_Os08g26270,motif,merged
LOC_Os01g07120,LOC_Os05g40490,"FunTFBS, motif",merged
LOC_Os01g07120,LOC_Os01g25270,motif,merged
LOC_Os01g07120,LOC_Os02g49090,motif,merged
LOC_Os01g07120,LOC_Os03g50380,motif_CE,motif_CE
LOC_Os01g07120,LOC_Os09g25580,motif_CE,motif_CE
LOC_Os01g07120,LOC_Os06g49870,motif_CE,motif_CE
LOC_Os01g07120,LOC_Os06g37880,motif,merged
LOC_Os01g07120,LOC_Os01g39100,motif,merged
LOC_Os01g07120,LOC_Os04g34930,FunTFBS,FunTFBS
LOC_Os01g07120,LOC_Os06g28900,motif,merged
LOC_Os01g07120,LOC_Os10g36090,motif,merged
LOC_Os01g07120,LOC_Os01g09460,motif_CE,motif_CE
LOC_Os01g07120,LOC_Os10g35750,motif,merged
LOC_Os01g07120,LOC_Os03g01280,motif,merged
LOC_Os01g07120,LOC_Os10g42880,motif,merged
LOC_Os01g07120,LOC_Os04g51009,FunTFBS,FunTFBS
LOC_Os01g07120,LOC_Os06g41680,motif,merged
LOC_Os01g07120,LOC_Os01g28710,motif,merged
LOC_Os01g07120,LOC_Os10g05880,motif,merged
LOC_Os01g07120,LOC_Os11g18980,motif,merged
LOC_Os01g07120,LOC_Os12g33859,motif,merged
LOC_Os01g07120,LOC_Os03g30160,motif_CE,motif_CE
LOC_Os01g07120,LOC_Os03g42490,motif_CE,motif_CE
LOC_Os01g07120,LOC_Os07g25410,motif,merged
LOC_Os01g07120,LOC_Os12g01810,motif,merged
LOC_Os01g07120,LOC_Os07g49420,FunTFBS,FunTFBS
LOC_Os01g07120,LOC_Os12g16524,motif,merged
LOC_Os01g07120,LOC_Os12g29170,motif,merged
LOC_Os01g07120,LOC_Os06g48760,motif,merged
LOC_Os01g07120,LOC_Os03g10820,"motif, motif_CE",merged
LOC_Os01g07120,LOC_Os08g25760,motif,merged
LOC_Os01g07120,LOC_Os06g40120,motif_CE,motif_CE
LOC_Os01g07120,LOC_Os04g33120,FunTFBS,FunTFBS
LOC_Os01g07120,LOC_Os09g02530,motif_CE,motif_CE
LOC_Os01g07120,LOC_Os02g13320,FunTFBS,FunTFBS
LOC_Os01g07120,LOC_Os04g24960,motif,merged
LOC_Os01g07120,LOC_Os04g47190,motif,merged
LOC_Os01g07120,LOC_Os11g30990,motif,merged
LOC_Os01g07120,LOC_Os09g34214,"motif, motif_CE",merged
LOC_Os01g07120,LOC_Os04g16190,FunTFBS,FunTFBS
LOC_Os01g07120,LOC_Os08g05560,motif_CE,motif_CE
LOC_Os01g07120,LOC_Os11g03410,"motif, motif_CE",merged
LOC_Os01g07120,LOC_Os12g40180,"motif, motif_CE",merged
LOC_Os01g07120,LOC_Os05g05990,motif,merged
LOC_Os01g07120,LOC_Os04g57930,motif,merged
LOC_Os01g07120,LOC_Os02g50270,motif,merged
LOC_Os01g07120,LOC_Os03g40170,motif,merged
LOC_Os01g07120,LOC_Os03g48980,"FunTFBS, motif",merged
LOC_Os01g07120,LOC_Os06g47900,motif,merged
LOC_Os01g07120,LOC_Os01g02200,motif,merged
LOC_Os01g07120,LOC_Os07g25710,motif_CE,motif_CE
LOC_Os01g07120,LOC_Os05g43570,motif,merged
LOC_Os01g07120,LOC_Os01g12550,"motif, motif_CE",merged
LOC_Os01g07120,LOC_Os08g13690,"FunTFBS, motif",merged
LOC_Os01g07120,LOC_Os06g20160,motif,merged
LOC_Os01g07120,LOC_Os10g06740,motif,merged
LOC_Os01g07120,LOC_Os04g30410,motif,merged
LOC_Os01g07120,LOC_Os08g35760,motif,merged
LOC_Os01g07120,LOC_Os03g55760,"FunTFBS, motif, motif_CE",merged
LOC_Os01g07120,LOC_Os11g44260,motif_CE,motif_CE
LOC_Os01g07120,LOC_Os04g39410,motif,merged
LOC_Os01g07120,LOC_Os02g04725,motif,merged
LOC_Os01g07120,LOC_Os02g18610,motif,merged
LOC_Os01g07120,LOC_Os03g51270,motif,merged
LOC_Os01g07120,LOC_Os10g24260,motif,merged
LOC_Os01g07120,LOC_Os03g12790,"FunTFBS, motif, motif_CE",merged
LOC_Os01g07120,LOC_Os09g14240,motif,merged
LOC_Os01g07120,LOC_Os07g31340,motif_CE,motif_CE
LOC_Os01g07120,LOC_Os02g27740,motif,merged
